[2026-05-30 11:40:19 +0800] [16999] [INFO] Starting gunicorn 26.0.0
[2026-05-30 11:40:19 +0800] [16999] [INFO] Listening at: http://127.0.0.1:8765 (16999)
[2026-05-30 11:40:19 +0800] [16999] [INFO] Using worker: sync
[2026-05-30 11:40:19 +0800] [17001] [INFO] Booting worker with pid: 17001
[2026-05-30 11:40:19 +0800] [17002] [INFO] Booting worker with pid: 17002
[2026-05-30 11:40:20 +0800] [17003] [INFO] Booting worker with pid: 17003
[2026-05-30 11:40:20 +0800] [17004] [INFO] Booting worker with pid: 17004
[2026-05-30 11:40:20 +0800] [17005] [INFO] Booting worker with pid: 17005
[2026-05-30 11:40:20 +0800] [17006] [INFO] Booting worker with pid: 17006
[2026-05-30 11:40:20 +0800] [17007] [INFO] Booting worker with pid: 17007
[2026-05-30 11:40:20 +0800] [17008] [INFO] Booting worker with pid: 17008
[2026-05-30 11:40:20 +0800] [17009] [INFO] Booting worker with pid: 17009
[2026-05-30 11:40:20 +0800] [17010] [INFO] Booting worker with pid: 17010
[2026-05-30 11:40:20 +0800] [17011] [INFO] Booting worker with pid: 17011
[2026-05-30 11:40:20 +0800] [17012] [INFO] Booting worker with pid: 17012
[2026-05-30 11:40:20 +0800] [17013] [INFO] Booting worker with pid: 17013
[2026-05-30 11:40:20 +0800] [17014] [INFO] Booting worker with pid: 17014
[2026-05-30 11:40:20 +0800] [17015] [INFO] Booting worker with pid: 17015
[2026-05-30 11:40:20 +0800] [17016] [INFO] Booting worker with pid: 17016
[2026-05-30 11:40:20 +0800] [17017] [INFO] Booting worker with pid: 17017
[2026-05-30 11:40:20 +0800] [17018] [INFO] Booting worker with pid: 17018
[2026-05-30 11:40:20 +0800] [17019] [INFO] Booting worker with pid: 17019
[2026-05-30 11:40:20 +0800] [17020] [INFO] Booting worker with pid: 17020
[2026-05-30 11:40:20 +0800] [17021] [INFO] Booting worker with pid: 17021
[2026-05-30 11:40:21 +0800] [17022] [INFO] Booting worker with pid: 17022
[2026-05-30 11:40:21 +0800] [17023] [INFO] Booting worker with pid: 17023
[2026-05-30 11:40:21 +0800] [17024] [INFO] Booting worker with pid: 17024
[2026-05-30 11:40:21 +0800] [17025] [INFO] Booting worker with pid: 17025
[2026-05-30 11:40:21 +0800] [16999] [INFO] Control socket listening at /Users/sunmuchao/.gunicorn/gunicorn.ctl
[2026-05-30 11:42:52 +0800] [17004] [INFO] Worker exiting (pid: 17004)
[2026-05-30 11:42:52 +0800] [16999] [INFO] Handling signal: term
[2026-05-30 11:42:52 +0800] [17008] [INFO] Worker exiting (pid: 17008)
[2026-05-30 11:42:52 +0800] [17005] [INFO] Worker exiting (pid: 17005)
[2026-05-30 11:42:52 +0800] [17016] [INFO] Worker exiting (pid: 17016)
[2026-05-30 11:42:52 +0800] [17017] [INFO] Worker exiting (pid: 17017)
[2026-05-30 11:42:52 +0800] [17018] [INFO] Worker exiting (pid: 17018)
[2026-05-30 11:42:52 +0800] [17021] [INFO] Worker exiting (pid: 17021)
[2026-05-30 11:42:52 +0800] [17013] [INFO] Worker exiting (pid: 17013)
[2026-05-30 11:42:52 +0800] [17019] [INFO] Worker exiting (pid: 17019)
[2026-05-30 11:42:52 +0800] [17002] [INFO] Worker exiting (pid: 17002)
[2026-05-30 11:42:52 +0800] [17010] [INFO] Worker exiting (pid: 17010)
[2026-05-30 11:42:52 +0800] [17006] [INFO] Worker exiting (pid: 17006)
[2026-05-30 11:42:52 +0800] [17009] [INFO] Worker exiting (pid: 17009)
[2026-05-30 11:42:52 +0800] [17007] [INFO] Worker exiting (pid: 17007)
[2026-05-30 11:42:52 +0800] [17012] [INFO] Worker exiting (pid: 17012)
[2026-05-30 11:42:52 +0800] [17011] [INFO] Worker exiting (pid: 17011)
[2026-05-30 11:42:52 +0800] [17025] [INFO] Worker exiting (pid: 17025)
[2026-05-30 11:42:52 +0800] [17015] [INFO] Worker exiting (pid: 17015)
[2026-05-30 11:42:52 +0800] [17001] [INFO] Worker exiting (pid: 17001)
[2026-05-30 11:42:52 +0800] [17003] [INFO] Worker exiting (pid: 17003)
[2026-05-30 11:42:52 +0800] [17023] [INFO] Worker exiting (pid: 17023)
[2026-05-30 11:42:52 +0800] [17020] [INFO] Worker exiting (pid: 17020)
[2026-05-30 11:42:52 +0800] [17022] [INFO] Worker exiting (pid: 17022)
[2026-05-30 11:42:52 +0800] [17024] [INFO] Worker exiting (pid: 17024)
[2026-05-30 11:42:52 +0800] [17014] [INFO] Worker exiting (pid: 17014)
[2026-05-30 11:42:52 +0800] [16999] [INFO] Worker (pid:17021) was sent SIGTERM!
[2026-05-30 11:42:52 +0800] [16999] [INFO] Worker (pid:17019) was sent SIGTERM!
[2026-05-30 11:42:52 +0800] [16999] [INFO] Worker (pid:17018) was sent SIGTERM!
[2026-05-30 11:42:52 +0800] [16999] [INFO] Worker (pid:17017) was sent SIGTERM!
[2026-05-30 11:42:52 +0800] [16999] [INFO] Worker (pid:17016) was sent SIGTERM!
[2026-05-30 11:42:52 +0800] [16999] [INFO] Worker (pid:17013) was sent SIGTERM!
[2026-05-30 11:42:52 +0800] [16999] [INFO] Worker (pid:17008) was sent SIGTERM!
[2026-05-30 11:42:52 +0800] [16999] [INFO] Worker (pid:17005) was sent SIGTERM!
[2026-05-30 11:42:54 +0800] [16999] [INFO] Shutting down: Master
[2026-05-30 11:43:01 +0800] [17301] [INFO] Starting gunicorn 26.0.0
[2026-05-30 11:43:01 +0800] [17301] [INFO] Listening at: http://127.0.0.1:8765 (17301)
[2026-05-30 11:43:01 +0800] [17301] [INFO] Using worker: sync
[2026-05-30 11:43:01 +0800] [17303] [INFO] Booting worker with pid: 17303
[2026-05-30 11:43:01 +0800] [17304] [INFO] Booting worker with pid: 17304
[2026-05-30 11:43:01 +0800] [17305] [INFO] Booting worker with pid: 17305
[2026-05-30 11:43:01 +0800] [17306] [INFO] Booting worker with pid: 17306
[2026-05-30 11:43:01 +0800] [17307] [INFO] Booting worker with pid: 17307
[2026-05-30 11:43:01 +0800] [17308] [INFO] Booting worker with pid: 17308
[2026-05-30 11:43:01 +0800] [17309] [INFO] Booting worker with pid: 17309
[2026-05-30 11:43:01 +0800] [17310] [INFO] Booting worker with pid: 17310
[2026-05-30 11:43:01 +0800] [17312] [INFO] Booting worker with pid: 17312
[2026-05-30 11:43:01 +0800] [17313] [INFO] Booting worker with pid: 17313
[2026-05-30 11:43:01 +0800] [17314] [INFO] Booting worker with pid: 17314
[2026-05-30 11:43:01 +0800] [17315] [INFO] Booting worker with pid: 17315
[2026-05-30 11:43:01 +0800] [17316] [INFO] Booting worker with pid: 17316
[2026-05-30 11:43:01 +0800] [17318] [INFO] Booting worker with pid: 17318
[2026-05-30 11:43:01 +0800] [17319] [INFO] Booting worker with pid: 17319
[2026-05-30 11:43:01 +0800] [17320] [INFO] Booting worker with pid: 17320
[2026-05-30 11:43:01 +0800] [17321] [INFO] Booting worker with pid: 17321
[2026-05-30 11:43:01 +0800] [17322] [INFO] Booting worker with pid: 17322
[2026-05-30 11:43:01 +0800] [17323] [INFO] Booting worker with pid: 17323
[2026-05-30 11:43:01 +0800] [17324] [INFO] Booting worker with pid: 17324
[2026-05-30 11:43:01 +0800] [17325] [INFO] Booting worker with pid: 17325
[2026-05-30 11:43:02 +0800] [17326] [INFO] Booting worker with pid: 17326
[2026-05-30 11:43:02 +0800] [17327] [INFO] Booting worker with pid: 17327
[2026-05-30 11:43:02 +0800] [17328] [INFO] Booting worker with pid: 17328
[2026-05-30 11:43:02 +0800] [17330] [INFO] Booting worker with pid: 17330
[2026-05-30 11:43:02 +0800] [17301] [INFO] Control socket listening at /Users/sunmuchao/.gunicorn/gunicorn.ctl
[2026-05-30 11:43:06 +0800] [17304] [ERROR] Exception in worker process
Traceback (most recent call last):
  File "/Users/sunmuchao/Downloads/Her/external-systems/partner-http-gateway/gateway/auth_providers.py", line 410, in build_wechat_login_provider
    parsed = json.loads(stub_json or "{}")
             ^^^^^^^^^^^^^^^^^^^^^^^^^^^^^
  File "/usr/local/Cellar/python@3.12/3.12.7_1/Frameworks/Python.framework/Versions/3.12/lib/python3.12/json/__init__.py", line 346, in loads
    return _default_decoder.decode(s)
           ^^^^^^^^^^^^^^^^^^^^^^^^^^
  File "/usr/local/Cellar/python@3.12/3.12.7_1/Frameworks/Python.framework/Versions/3.12/lib/python3.12/json/decoder.py", line 337, in decode
    obj, end = self.raw_decode(s, idx=_w(s, 0).end())
               ^^^^^^^^^^^^^^^^^^^^^^^^^^^^^^^^^^^^^^
  File "/usr/local/Cellar/python@3.12/3.12.7_1/Frameworks/Python.framework/Versions/3.12/lib/python3.12/json/decoder.py", line 353, in raw_decode
    obj, end = self.scan_once(s, idx)
               ^^^^^^^^^^^^^^^^^^^^^^
json.decoder.JSONDecodeError: Expecting property name enclosed in double quotes: line 1 column 2 (char 1)

The above exception was the direct cause of the following exception:

Traceback (most recent call last):
  File "/Users/sunmuchao/Downloads/Her/.venv/lib/python3.12/site-packages/gunicorn/arbiter.py", line 713, in spawn_worker
    worker.init_process()
  File "/Users/sunmuchao/Downloads/Her/.venv/lib/python3.12/site-packages/gunicorn/workers/base.py", line 136, in init_process
    self.load_wsgi()
  File "/Users/sunmuchao/Downloads/Her/.venv/lib/python3.12/site-packages/gunicorn/workers/base.py", line 148, in load_wsgi
    self.wsgi = self.app.wsgi()
                ^^^^^^^^^^^^^^^
  File "/Users/sunmuchao/Downloads/Her/.venv/lib/python3.12/site-packages/gunicorn/app/base.py", line 66, in wsgi
    self.callable = self.load()
                    ^^^^^^^^^^^
  File "/Users/sunmuchao/Downloads/Her/.venv/lib/python3.12/site-packages/gunicorn/app/wsgiapp.py", line 57, in load
    return self.load_wsgiapp()
           ^^^^^^^^^^^^^^^^^^^
  File "/Users/sunmuchao/Downloads/Her/.venv/lib/python3.12/site-packages/gunicorn/app/wsgiapp.py", line 47, in load_wsgiapp
    return util.import_app(self.app_uri)
           ^^^^^^^^^^^^^^^^^^^^^^^^^^^^^
  File "/Users/sunmuchao/Downloads/Her/.venv/lib/python3.12/site-packages/gunicorn/util.py", line 411, in import_app
    mod = importlib.import_module(module)
          ^^^^^^^^^^^^^^^^^^^^^^^^^^^^^^^
  File "/usr/local/Cellar/python@3.12/3.12.7_1/Frameworks/Python.framework/Versions/3.12/lib/python3.12/importlib/__init__.py", line 90, in import_module
    return _bootstrap._gcd_import(name[level:], package, level)
           ^^^^^^^^^^^^^^^^^^^^^^^^^^^^^^^^^^^^^^^^^^^^^^^^^^^^
  File "<frozen importlib._bootstrap>", line 1387, in _gcd_import
  File "<frozen importlib._bootstrap>", line 1360, in _find_and_load
  File "<frozen importlib._bootstrap>", line 1331, in _find_and_load_unlocked
  File "<frozen importlib._bootstrap>", line 935, in _load_unlocked
  File "<frozen importlib._bootstrap_external>", line 995, in exec_module
  File "<frozen importlib._bootstrap>", line 488, in _call_with_frames_removed
  File "/Users/sunmuchao/Downloads/Her/external-systems/partner-http-gateway/gateway/app.py", line 375, in <module>
    _default_gateway = PartnerGateway()
                       ^^^^^^^^^^^^^^^^
  File "/Users/sunmuchao/Downloads/Her/external-systems/partner-http-gateway/gateway/app.py", line 94, in __init__
    self._wechat_login_provider = _build_wechat_login_provider()
                                  ^^^^^^^^^^^^^^^^^^^^^^^^^^^^^^
  File "/Users/sunmuchao/Downloads/Her/external-systems/partner-http-gateway/gateway/auth_providers.py", line 412, in build_wechat_login_provider
    raise ValueError("HER_AUTH_WECHAT_STUB_CODES_JSON must be valid JSON") from exc
ValueError: HER_AUTH_WECHAT_STUB_CODES_JSON must be valid JSON
HER_AUTH_WECHAT_STUB_CODES_JSON must be valid JSON
[2026-05-30 11:43:06 +0800] [17304] [INFO] Worker exiting (pid: 17304)
[2026-05-30 11:43:07 +0800] [17305] [ERROR] Exception in worker process
Traceback (most recent call last):
  File "/Users/sunmuchao/Downloads/Her/external-systems/partner-http-gateway/gateway/auth_providers.py", line 410, in build_wechat_login_provider
    parsed = json.loads(stub_json or "{}")
             ^^^^^^^^^^^^^^^^^^^^^^^^^^^^^
  File "/usr/local/Cellar/python@3.12/3.12.7_1/Frameworks/Python.framework/Versions/3.12/lib/python3.12/json/__init__.py", line 346, in loads
    return _default_decoder.decode(s)
           ^^^^^^^^^^^^^^^^^^^^^^^^^^
  File "/usr/local/Cellar/python@3.12/3.12.7_1/Frameworks/Python.framework/Versions/3.12/lib/python3.12/json/decoder.py", line 337, in decode
    obj, end = self.raw_decode(s, idx=_w(s, 0).end())
               ^^^^^^^^^^^^^^^^^^^^^^^^^^^^^^^^^^^^^^
  File "/usr/local/Cellar/python@3.12/3.12.7_1/Frameworks/Python.framework/Versions/3.12/lib/python3.12/json/decoder.py", line 353, in raw_decode
    obj, end = self.scan_once(s, idx)
               ^^^^^^^^^^^^^^^^^^^^^^
json.decoder.JSONDecodeError: Expecting property name enclosed in double quotes: line 1 column 2 (char 1)

The above exception was the direct cause of the following exception:

Traceback (most recent call last):
  File "/Users/sunmuchao/Downloads/Her/.venv/lib/python3.12/site-packages/gunicorn/arbiter.py", line 713, in spawn_worker
    worker.init_process()
  File "/Users/sunmuchao/Downloads/Her/.venv/lib/python3.12/site-packages/gunicorn/workers/base.py", line 136, in init_process
    self.load_wsgi()
  File "/Users/sunmuchao/Downloads/Her/.venv/lib/python3.12/site-packages/gunicorn/workers/base.py", line 148, in load_wsgi
    self.wsgi = self.app.wsgi()
                ^^^^^^^^^^^^^^^
  File "/Users/sunmuchao/Downloads/Her/.venv/lib/python3.12/site-packages/gunicorn/app/base.py", line 66, in wsgi
    self.callable = self.load()
                    ^^^^^^^^^^^
  File "/Users/sunmuchao/Downloads/Her/.venv/lib/python3.12/site-packages/gunicorn/app/wsgiapp.py", line 57, in load
    return self.load_wsgiapp()
           ^^^^^^^^^^^^^^^^^^^
  File "/Users/sunmuchao/Downloads/Her/.venv/lib/python3.12/site-packages/gunicorn/app/wsgiapp.py", line 47, in load_wsgiapp
    return util.import_app(self.app_uri)
           ^^^^^^^^^^^^^^^^^^^^^^^^^^^^^
  File "/Users/sunmuchao/Downloads/Her/.venv/lib/python3.12/site-packages/gunicorn/util.py", line 411, in import_app
    mod = importlib.import_module(module)
          ^^^^^^^^^^^^^^^^^^^^^^^^^^^^^^^
  File "/usr/local/Cellar/python@3.12/3.12.7_1/Frameworks/Python.framework/Versions/3.12/lib/python3.12/importlib/__init__.py", line 90, in import_module
    return _bootstrap._gcd_import(name[level:], package, level)
           ^^^^^^^^^^^^^^^^^^^^^^^^^^^^^^^^^^^^^^^^^^^^^^^^^^^^
  File "<frozen importlib._bootstrap>", line 1387, in _gcd_import
  File "<frozen importlib._bootstrap>", line 1360, in _find_and_load
  File "<frozen importlib._bootstrap>", line 1331, in _find_and_load_unlocked
  File "<frozen importlib._bootstrap>", line 935, in _load_unlocked
  File "<frozen importlib._bootstrap_external>", line 995, in exec_module
  File "<frozen importlib._bootstrap>", line 488, in _call_with_frames_removed
  File "/Users/sunmuchao/Downloads/Her/external-systems/partner-http-gateway/gateway/app.py", line 375, in <module>
    _default_gateway = PartnerGateway()
                       ^^^^^^^^^^^^^^^^
  File "/Users/sunmuchao/Downloads/Her/external-systems/partner-http-gateway/gateway/app.py", line 94, in __init__
    self._wechat_login_provider = _build_wechat_login_provider()
                                  ^^^^^^^^^^^^^^^^^^^^^^^^^^^^^^
  File "/Users/sunmuchao/Downloads/Her/external-systems/partner-http-gateway/gateway/auth_providers.py", line 412, in build_wechat_login_provider
    raise ValueError("HER_AUTH_WECHAT_STUB_CODES_JSON must be valid JSON") from exc
ValueError: HER_AUTH_WECHAT_STUB_CODES_JSON must be valid JSON
HER_AUTH_WECHAT_STUB_CODES_JSON must be valid JSON
[2026-05-30 11:43:07 +0800] [17305] [INFO] Worker exiting (pid: 17305)
[2026-05-30 11:43:07 +0800] [17303] [ERROR] Exception in worker process
Traceback (most recent call last):
  File "/Users/sunmuchao/Downloads/Her/external-systems/partner-http-gateway/gateway/auth_providers.py", line 410, in build_wechat_login_provider
    parsed = json.loads(stub_json or "{}")
             ^^^^^^^^^^^^^^^^^^^^^^^^^^^^^
  File "/usr/local/Cellar/python@3.12/3.12.7_1/Frameworks/Python.framework/Versions/3.12/lib/python3.12/json/__init__.py", line 346, in loads
    return _default_decoder.decode(s)
           ^^^^^^^^^^^^^^^^^^^^^^^^^^
  File "/usr/local/Cellar/python@3.12/3.12.7_1/Frameworks/Python.framework/Versions/3.12/lib/python3.12/json/decoder.py", line 337, in decode
    obj, end = self.raw_decode(s, idx=_w(s, 0).end())
               ^^^^^^^^^^^^^^^^^^^^^^^^^^^^^^^^^^^^^^
  File "/usr/local/Cellar/python@3.12/3.12.7_1/Frameworks/Python.framework/Versions/3.12/lib/python3.12/json/decoder.py", line 353, in raw_decode
    obj, end = self.scan_once(s, idx)
               ^^^^^^^^^^^^^^^^^^^^^^
json.decoder.JSONDecodeError: Expecting property name enclosed in double quotes: line 1 column 2 (char 1)

The above exception was the direct cause of the following exception:

Traceback (most recent call last):
  File "/Users/sunmuchao/Downloads/Her/.venv/lib/python3.12/site-packages/gunicorn/arbiter.py", line 713, in spawn_worker
    worker.init_process()
  File "/Users/sunmuchao/Downloads/Her/.venv/lib/python3.12/site-packages/gunicorn/workers/base.py", line 136, in init_process
    self.load_wsgi()
  File "/Users/sunmuchao/Downloads/Her/.venv/lib/python3.12/site-packages/gunicorn/workers/base.py", line 148, in load_wsgi
    self.wsgi = self.app.wsgi()
                ^^^^^^^^^^^^^^^
  File "/Users/sunmuchao/Downloads/Her/.venv/lib/python3.12/site-packages/gunicorn/app/base.py", line 66, in wsgi
    self.callable = self.load()
                    ^^^^^^^^^^^
  File "/Users/sunmuchao/Downloads/Her/.venv/lib/python3.12/site-packages/gunicorn/app/wsgiapp.py", line 57, in load
    return self.load_wsgiapp()
           ^^^^^^^^^^^^^^^^^^^
  File "/Users/sunmuchao/Downloads/Her/.venv/lib/python3.12/site-packages/gunicorn/app/wsgiapp.py", line 47, in load_wsgiapp
    return util.import_app(self.app_uri)
           ^^^^^^^^^^^^^^^^^^^^^^^^^^^^^
  File "/Users/sunmuchao/Downloads/Her/.venv/lib/python3.12/site-packages/gunicorn/util.py", line 411, in import_app
    mod = importlib.import_module(module)
          ^^^^^^^^^^^^^^^^^^^^^^^^^^^^^^^
  File "/usr/local/Cellar/python@3.12/3.12.7_1/Frameworks/Python.framework/Versions/3.12/lib/python3.12/importlib/__init__.py", line 90, in import_module
    return _bootstrap._gcd_import(name[level:], package, level)
           ^^^^^^^^^^^^^^^^^^^^^^^^^^^^^^^^^^^^^^^^^^^^^^^^^^^^
  File "<frozen importlib._bootstrap>", line 1387, in _gcd_import
  File "<frozen importlib._bootstrap>", line 1360, in _find_and_load
  File "<frozen importlib._bootstrap>", line 1331, in _find_and_load_unlocked
  File "<frozen importlib._bootstrap>", line 935, in _load_unlocked
  File "<frozen importlib._bootstrap_external>", line 995, in exec_module
  File "<frozen importlib._bootstrap>", line 488, in _call_with_frames_removed
  File "/Users/sunmuchao/Downloads/Her/external-systems/partner-http-gateway/gateway/app.py", line 375, in <module>
    _default_gateway = PartnerGateway()
                       ^^^^^^^^^^^^^^^^
  File "/Users/sunmuchao/Downloads/Her/external-systems/partner-http-gateway/gateway/app.py", line 94, in __init__
    self._wechat_login_provider = _build_wechat_login_provider()
                                  ^^^^^^^^^^^^^^^^^^^^^^^^^^^^^^
  File "/Users/sunmuchao/Downloads/Her/external-systems/partner-http-gateway/gateway/auth_providers.py", line 412, in build_wechat_login_provider
    raise ValueError("HER_AUTH_WECHAT_STUB_CODES_JSON must be valid JSON") from exc
ValueError: HER_AUTH_WECHAT_STUB_CODES_JSON must be valid JSON
HER_AUTH_WECHAT_STUB_CODES_JSON must be valid JSON
[2026-05-30 11:43:07 +0800] [17303] [INFO] Worker exiting (pid: 17303)
[2026-05-30 11:43:07 +0800] [17306] [ERROR] Exception in worker process
Traceback (most recent call last):
  File "/Users/sunmuchao/Downloads/Her/external-systems/partner-http-gateway/gateway/auth_providers.py", line 410, in build_wechat_login_provider
    parsed = json.loads(stub_json or "{}")
             ^^^^^^^^^^^^^^^^^^^^^^^^^^^^^
  File "/usr/local/Cellar/python@3.12/3.12.7_1/Frameworks/Python.framework/Versions/3.12/lib/python3.12/json/__init__.py", line 346, in loads
    return _default_decoder.decode(s)
           ^^^^^^^^^^^^^^^^^^^^^^^^^^
  File "/usr/local/Cellar/python@3.12/3.12.7_1/Frameworks/Python.framework/Versions/3.12/lib/python3.12/json/decoder.py", line 337, in decode
    obj, end = self.raw_decode(s, idx=_w(s, 0).end())
               ^^^^^^^^^^^^^^^^^^^^^^^^^^^^^^^^^^^^^^
  File "/usr/local/Cellar/python@3.12/3.12.7_1/Frameworks/Python.framework/Versions/3.12/lib/python3.12/json/decoder.py", line 353, in raw_decode
    obj, end = self.scan_once(s, idx)
               ^^^^^^^^^^^^^^^^^^^^^^
json.decoder.JSONDecodeError: Expecting property name enclosed in double quotes: line 1 column 2 (char 1)

The above exception was the direct cause of the following exception:

Traceback (most recent call last):
  File "/Users/sunmuchao/Downloads/Her/.venv/lib/python3.12/site-packages/gunicorn/arbiter.py", line 713, in spawn_worker
    worker.init_process()
  File "/Users/sunmuchao/Downloads/Her/.venv/lib/python3.12/site-packages/gunicorn/workers/base.py", line 136, in init_process
    self.load_wsgi()
  File "/Users/sunmuchao/Downloads/Her/.venv/lib/python3.12/site-packages/gunicorn/workers/base.py", line 148, in load_wsgi
    self.wsgi = self.app.wsgi()
                ^^^^^^^^^^^^^^^
  File "/Users/sunmuchao/Downloads/Her/.venv/lib/python3.12/site-packages/gunicorn/app/base.py", line 66, in wsgi
    self.callable = self.load()
                    ^^^^^^^^^^^
  File "/Users/sunmuchao/Downloads/Her/.venv/lib/python3.12/site-packages/gunicorn/app/wsgiapp.py", line 57, in load
    return self.load_wsgiapp()
           ^^^^^^^^^^^^^^^^^^^
  File "/Users/sunmuchao/Downloads/Her/.venv/lib/python3.12/site-packages/gunicorn/app/wsgiapp.py", line 47, in load_wsgiapp
    return util.import_app(self.app_uri)
           ^^^^^^^^^^^^^^^^^^^^^^^^^^^^^
  File "/Users/sunmuchao/Downloads/Her/.venv/lib/python3.12/site-packages/gunicorn/util.py", line 411, in import_app
    mod = importlib.import_module(module)
          ^^^^^^^^^^^^^^^^^^^^^^^^^^^^^^^
  File "/usr/local/Cellar/python@3.12/3.12.7_1/Frameworks/Python.framework/Versions/3.12/lib/python3.12/importlib/__init__.py", line 90, in import_module
    return _bootstrap._gcd_import(name[level:], package, level)
           ^^^^^^^^^^^^^^^^^^^^^^^^^^^^^^^^^^^^^^^^^^^^^^^^^^^^
  File "<frozen importlib._bootstrap>", line 1387, in _gcd_import
  File "<frozen importlib._bootstrap>", line 1360, in _find_and_load
  File "<frozen importlib._bootstrap>", line 1331, in _find_and_load_unlocked
  File "<frozen importlib._bootstrap>", line 935, in _load_unlocked
  File "<frozen importlib._bootstrap_external>", line 995, in exec_module
  File "<frozen importlib._bootstrap>", line 488, in _call_with_frames_removed
  File "/Users/sunmuchao/Downloads/Her/external-systems/partner-http-gateway/gateway/app.py", line 375, in <module>
    _default_gateway = PartnerGateway()
                       ^^^^^^^^^^^^^^^^
  File "/Users/sunmuchao/Downloads/Her/external-systems/partner-http-gateway/gateway/app.py", line 94, in __init__
    self._wechat_login_provider = _build_wechat_login_provider()
                                  ^^^^^^^^^^^^^^^^^^^^^^^^^^^^^^
  File "/Users/sunmuchao/Downloads/Her/external-systems/partner-http-gateway/gateway/auth_providers.py", line 412, in build_wechat_login_provider
    raise ValueError("HER_AUTH_WECHAT_STUB_CODES_JSON must be valid JSON") from exc
ValueError: HER_AUTH_WECHAT_STUB_CODES_JSON must be valid JSON
HER_AUTH_WECHAT_STUB_CODES_JSON must be valid JSON
[2026-05-30 11:43:07 +0800] [17306] [INFO] Worker exiting (pid: 17306)
[2026-05-30 11:43:07 +0800] [17307] [ERROR] Exception in worker process
Traceback (most recent call last):
  File "/Users/sunmuchao/Downloads/Her/external-systems/partner-http-gateway/gateway/auth_providers.py", line 410, in build_wechat_login_provider
    parsed = json.loads(stub_json or "{}")
             ^^^^^^^^^^^^^^^^^^^^^^^^^^^^^
  File "/usr/local/Cellar/python@3.12/3.12.7_1/Frameworks/Python.framework/Versions/3.12/lib/python3.12/json/__init__.py", line 346, in loads
    return _default_decoder.decode(s)
           ^^^^^^^^^^^^^^^^^^^^^^^^^^
  File "/usr/local/Cellar/python@3.12/3.12.7_1/Frameworks/Python.framework/Versions/3.12/lib/python3.12/json/decoder.py", line 337, in decode
    obj, end = self.raw_decode(s, idx=_w(s, 0).end())
               ^^^^^^^^^^^^^^^^^^^^^^^^^^^^^^^^^^^^^^
  File "/usr/local/Cellar/python@3.12/3.12.7_1/Frameworks/Python.framework/Versions/3.12/lib/python3.12/json/decoder.py", line 353, in raw_decode
    obj, end = self.scan_once(s, idx)
               ^^^^^^^^^^^^^^^^^^^^^^
json.decoder.JSONDecodeError: Expecting property name enclosed in double quotes: line 1 column 2 (char 1)

The above exception was the direct cause of the following exception:

Traceback (most recent call last):
  File "/Users/sunmuchao/Downloads/Her/.venv/lib/python3.12/site-packages/gunicorn/arbiter.py", line 713, in spawn_worker
    worker.init_process()
  File "/Users/sunmuchao/Downloads/Her/.venv/lib/python3.12/site-packages/gunicorn/workers/base.py", line 136, in init_process
    self.load_wsgi()
  File "/Users/sunmuchao/Downloads/Her/.venv/lib/python3.12/site-packages/gunicorn/workers/base.py", line 148, in load_wsgi
    self.wsgi = self.app.wsgi()
                ^^^^^^^^^^^^^^^
  File "/Users/sunmuchao/Downloads/Her/.venv/lib/python3.12/site-packages/gunicorn/app/base.py", line 66, in wsgi
    self.callable = self.load()
                    ^^^^^^^^^^^
  File "/Users/sunmuchao/Downloads/Her/.venv/lib/python3.12/site-packages/gunicorn/app/wsgiapp.py", line 57, in load
    return self.load_wsgiapp()
           ^^^^^^^^^^^^^^^^^^^
  File "/Users/sunmuchao/Downloads/Her/.venv/lib/python3.12/site-packages/gunicorn/app/wsgiapp.py", line 47, in load_wsgiapp
    return util.import_app(self.app_uri)
           ^^^^^^^^^^^^^^^^^^^^^^^^^^^^^
  File "/Users/sunmuchao/Downloads/Her/.venv/lib/python3.12/site-packages/gunicorn/util.py", line 411, in import_app
    mod = importlib.import_module(module)
          ^^^^^^^^^^^^^^^^^^^^^^^^^^^^^^^
  File "/usr/local/Cellar/python@3.12/3.12.7_1/Frameworks/Python.framework/Versions/3.12/lib/python3.12/importlib/__init__.py", line 90, in import_module
    return _bootstrap._gcd_import(name[level:], package, level)
           ^^^^^^^^^^^^^^^^^^^^^^^^^^^^^^^^^^^^^^^^^^^^^^^^^^^^
  File "<frozen importlib._bootstrap>", line 1387, in _gcd_import
  File "<frozen importlib._bootstrap>", line 1360, in _find_and_load
  File "<frozen importlib._bootstrap>", line 1331, in _find_and_load_unlocked
  File "<frozen importlib._bootstrap>", line 935, in _load_unlocked
  File "<frozen importlib._bootstrap_external>", line 995, in exec_module
  File "<frozen importlib._bootstrap>", line 488, in _call_with_frames_removed
  File "/Users/sunmuchao/Downloads/Her/external-systems/partner-http-gateway/gateway/app.py", line 375, in <module>
    _default_gateway = PartnerGateway()
                       ^^^^^^^^^^^^^^^^
  File "/Users/sunmuchao/Downloads/Her/external-systems/partner-http-gateway/gateway/app.py", line 94, in __init__
    self._wechat_login_provider = _build_wechat_login_provider()
                                  ^^^^^^^^^^^^^^^^^^^^^^^^^^^^^^
  File "/Users/sunmuchao/Downloads/Her/external-systems/partner-http-gateway/gateway/auth_providers.py", line 412, in build_wechat_login_provider
    raise ValueError("HER_AUTH_WECHAT_STUB_CODES_JSON must be valid JSON") from exc
ValueError: HER_AUTH_WECHAT_STUB_CODES_JSON must be valid JSON
HER_AUTH_WECHAT_STUB_CODES_JSON must be valid JSON
[2026-05-30 11:43:07 +0800] [17307] [INFO] Worker exiting (pid: 17307)
[2026-05-30 11:43:07 +0800] [17308] [ERROR] Exception in worker process
Traceback (most recent call last):
  File "/Users/sunmuchao/Downloads/Her/external-systems/partner-http-gateway/gateway/auth_providers.py", line 410, in build_wechat_login_provider
    parsed = json.loads(stub_json or "{}")
             ^^^^^^^^^^^^^^^^^^^^^^^^^^^^^
  File "/usr/local/Cellar/python@3.12/3.12.7_1/Frameworks/Python.framework/Versions/3.12/lib/python3.12/json/__init__.py", line 346, in loads
    return _default_decoder.decode(s)
           ^^^^^^^^^^^^^^^^^^^^^^^^^^
  File "/usr/local/Cellar/python@3.12/3.12.7_1/Frameworks/Python.framework/Versions/3.12/lib/python3.12/json/decoder.py", line 337, in decode
    obj, end = self.raw_decode(s, idx=_w(s, 0).end())
               ^^^^^^^^^^^^^^^^^^^^^^^^^^^^^^^^^^^^^^
  File "/usr/local/Cellar/python@3.12/3.12.7_1/Frameworks/Python.framework/Versions/3.12/lib/python3.12/json/decoder.py", line 353, in raw_decode
    obj, end = self.scan_once(s, idx)
               ^^^^^^^^^^^^^^^^^^^^^^
json.decoder.JSONDecodeError: Expecting property name enclosed in double quotes: line 1 column 2 (char 1)

The above exception was the direct cause of the following exception:

Traceback (most recent call last):
  File "/Users/sunmuchao/Downloads/Her/.venv/lib/python3.12/site-packages/gunicorn/arbiter.py", line 713, in spawn_worker
    worker.init_process()
  File "/Users/sunmuchao/Downloads/Her/.venv/lib/python3.12/site-packages/gunicorn/workers/base.py", line 136, in init_process
    self.load_wsgi()
  File "/Users/sunmuchao/Downloads/Her/.venv/lib/python3.12/site-packages/gunicorn/workers/base.py", line 148, in load_wsgi
    self.wsgi = self.app.wsgi()
                ^^^^^^^^^^^^^^^
  File "/Users/sunmuchao/Downloads/Her/.venv/lib/python3.12/site-packages/gunicorn/app/base.py", line 66, in wsgi
    self.callable = self.load()
                    ^^^^^^^^^^^
  File "/Users/sunmuchao/Downloads/Her/.venv/lib/python3.12/site-packages/gunicorn/app/wsgiapp.py", line 57, in load
    return self.load_wsgiapp()
           ^^^^^^^^^^^^^^^^^^^
  File "/Users/sunmuchao/Downloads/Her/.venv/lib/python3.12/site-packages/gunicorn/app/wsgiapp.py", line 47, in load_wsgiapp
    return util.import_app(self.app_uri)
           ^^^^^^^^^^^^^^^^^^^^^^^^^^^^^
  File "/Users/sunmuchao/Downloads/Her/.venv/lib/python3.12/site-packages/gunicorn/util.py", line 411, in import_app
    mod = importlib.import_module(module)
          ^^^^^^^^^^^^^^^^^^^^^^^^^^^^^^^
  File "/usr/local/Cellar/python@3.12/3.12.7_1/Frameworks/Python.framework/Versions/3.12/lib/python3.12/importlib/__init__.py", line 90, in import_module
    return _bootstrap._gcd_import(name[level:], package, level)
           ^^^^^^^^^^^^^^^^^^^^^^^^^^^^^^^^^^^^^^^^^^^^^^^^^^^^
  File "<frozen importlib._bootstrap>", line 1387, in _gcd_import
  File "<frozen importlib._bootstrap>", line 1360, in _find_and_load
  File "<frozen importlib._bootstrap>", line 1331, in _find_and_load_unlocked
  File "<frozen importlib._bootstrap>", line 935, in _load_unlocked
  File "<frozen importlib._bootstrap_external>", line 995, in exec_module
  File "<frozen importlib._bootstrap>", line 488, in _call_with_frames_removed
  File "/Users/sunmuchao/Downloads/Her/external-systems/partner-http-gateway/gateway/app.py", line 375, in <module>
    _default_gateway = PartnerGateway()
                       ^^^^^^^^^^^^^^^^
  File "/Users/sunmuchao/Downloads/Her/external-systems/partner-http-gateway/gateway/app.py", line 94, in __init__
    self._wechat_login_provider = _build_wechat_login_provider()
                                  ^^^^^^^^^^^^^^^^^^^^^^^^^^^^^^
  File "/Users/sunmuchao/Downloads/Her/external-systems/partner-http-gateway/gateway/auth_providers.py", line 412, in build_wechat_login_provider
    raise ValueError("HER_AUTH_WECHAT_STUB_CODES_JSON must be valid JSON") from exc
ValueError: HER_AUTH_WECHAT_STUB_CODES_JSON must be valid JSON
HER_AUTH_WECHAT_STUB_CODES_JSON must be valid JSON
[2026-05-30 11:43:07 +0800] [17308] [INFO] Worker exiting (pid: 17308)
[2026-05-30 11:43:07 +0800] [17301] [ERROR] Worker (pid:17304) exited with code 3.
[2026-05-30 11:43:07 +0800] [17309] [ERROR] Exception in worker process
Traceback (most recent call last):
  File "/Users/sunmuchao/Downloads/Her/external-systems/partner-http-gateway/gateway/auth_providers.py", line 410, in build_wechat_login_provider
    parsed = json.loads(stub_json or "{}")
             ^^^^^^^^^^^^^^^^^^^^^^^^^^^^^
  File "/usr/local/Cellar/python@3.12/3.12.7_1/Frameworks/Python.framework/Versions/3.12/lib/python3.12/json/__init__.py", line 346, in loads
    return _default_decoder.decode(s)
           ^^^^^^^^^^^^^^^^^^^^^^^^^^
  File "/usr/local/Cellar/python@3.12/3.12.7_1/Frameworks/Python.framework/Versions/3.12/lib/python3.12/json/decoder.py", line 337, in decode
    obj, end = self.raw_decode(s, idx=_w(s, 0).end())
               ^^^^^^^^^^^^^^^^^^^^^^^^^^^^^^^^^^^^^^
  File "/usr/local/Cellar/python@3.12/3.12.7_1/Frameworks/Python.framework/Versions/3.12/lib/python3.12/json/decoder.py", line 353, in raw_decode
    obj, end = self.scan_once(s, idx)
               ^^^^^^^^^^^^^^^^^^^^^^
json.decoder.JSONDecodeError: Expecting property name enclosed in double quotes: line 1 column 2 (char 1)

The above exception was the direct cause of the following exception:

Traceback (most recent call last):
  File "/Users/sunmuchao/Downloads/Her/.venv/lib/python3.12/site-packages/gunicorn/arbiter.py", line 713, in spawn_worker
    worker.init_process()
  File "/Users/sunmuchao/Downloads/Her/.venv/lib/python3.12/site-packages/gunicorn/workers/base.py", line 136, in init_process
    self.load_wsgi()
  File "/Users/sunmuchao/Downloads/Her/.venv/lib/python3.12/site-packages/gunicorn/workers/base.py", line 148, in load_wsgi
    self.wsgi = self.app.wsgi()
                ^^^^^^^^^^^^^^^
  File "/Users/sunmuchao/Downloads/Her/.venv/lib/python3.12/site-packages/gunicorn/app/base.py", line 66, in wsgi
    self.callable = self.load()
                    ^^^^^^^^^^^
  File "/Users/sunmuchao/Downloads/Her/.venv/lib/python3.12/site-packages/gunicorn/app/wsgiapp.py", line 57, in load
    return self.load_wsgiapp()
           ^^^^^^^^^^^^^^^^^^^
  File "/Users/sunmuchao/Downloads/Her/.venv/lib/python3.12/site-packages/gunicorn/app/wsgiapp.py", line 47, in load_wsgiapp
    return util.import_app(self.app_uri)
           ^^^^^^^^^^^^^^^^^^^^^^^^^^^^^
  File "/Users/sunmuchao/Downloads/Her/.venv/lib/python3.12/site-packages/gunicorn/util.py", line 411, in import_app
    mod = importlib.import_module(module)
          ^^^^^^^^^^^^^^^^^^^^^^^^^^^^^^^
  File "/usr/local/Cellar/python@3.12/3.12.7_1/Frameworks/Python.framework/Versions/3.12/lib/python3.12/importlib/__init__.py", line 90, in import_module
    return _bootstrap._gcd_import(name[level:], package, level)
           ^^^^^^^^^^^^^^^^^^^^^^^^^^^^^^^^^^^^^^^^^^^^^^^^^^^^
  File "<frozen importlib._bootstrap>", line 1387, in _gcd_import
  File "<frozen importlib._bootstrap>", line 1360, in _find_and_load
  File "<frozen importlib._bootstrap>", line 1331, in _find_and_load_unlocked
  File "<frozen importlib._bootstrap>", line 935, in _load_unlocked
  File "<frozen importlib._bootstrap_external>", line 995, in exec_module
  File "<frozen importlib._bootstrap>", line 488, in _call_with_frames_removed
  File "/Users/sunmuchao/Downloads/Her/external-systems/partner-http-gateway/gateway/app.py", line 375, in <module>
    _default_gateway = PartnerGateway()
                       ^^^^^^^^^^^^^^^^
  File "/Users/sunmuchao/Downloads/Her/external-systems/partner-http-gateway/gateway/app.py", line 94, in __init__
    self._wechat_login_provider = _build_wechat_login_provider()
                                  ^^^^^^^^^^^^^^^^^^^^^^^^^^^^^^
  File "/Users/sunmuchao/Downloads/Her/external-systems/partner-http-gateway/gateway/auth_providers.py", line 412, in build_wechat_login_provider
    raise ValueError("HER_AUTH_WECHAT_STUB_CODES_JSON must be valid JSON") from exc
ValueError: HER_AUTH_WECHAT_STUB_CODES_JSON must be valid JSON
HER_AUTH_WECHAT_STUB_CODES_JSON must be valid JSON
[2026-05-30 11:43:07 +0800] [17309] [INFO] Worker exiting (pid: 17309)
[2026-05-30 11:43:07 +0800] [17301] [INFO] Worker (pid:17308) was sent SIGTERM!
[2026-05-30 11:43:07 +0800] [17301] [INFO] Worker (pid:17307) was sent SIGTERM!
[2026-05-30 11:43:07 +0800] [17301] [INFO] Worker (pid:17306) was sent SIGTERM!
[2026-05-30 11:43:07 +0800] [17301] [INFO] Worker (pid:17305) was sent SIGTERM!
[2026-05-30 11:43:07 +0800] [17301] [INFO] Worker (pid:17303) was sent SIGTERM!
[2026-05-30 11:43:07 +0800] [17310] [ERROR] Exception in worker process
Traceback (most recent call last):
  File "/Users/sunmuchao/Downloads/Her/external-systems/partner-http-gateway/gateway/auth_providers.py", line 410, in build_wechat_login_provider
    parsed = json.loads(stub_json or "{}")
             ^^^^^^^^^^^^^^^^^^^^^^^^^^^^^
  File "/usr/local/Cellar/python@3.12/3.12.7_1/Frameworks/Python.framework/Versions/3.12/lib/python3.12/json/__init__.py", line 346, in loads
    return _default_decoder.decode(s)
           ^^^^^^^^^^^^^^^^^^^^^^^^^^
  File "/usr/local/Cellar/python@3.12/3.12.7_1/Frameworks/Python.framework/Versions/3.12/lib/python3.12/json/decoder.py", line 337, in decode
    obj, end = self.raw_decode(s, idx=_w(s, 0).end())
               ^^^^^^^^^^^^^^^^^^^^^^^^^^^^^^^^^^^^^^
  File "/usr/local/Cellar/python@3.12/3.12.7_1/Frameworks/Python.framework/Versions/3.12/lib/python3.12/json/decoder.py", line 353, in raw_decode
    obj, end = self.scan_once(s, idx)
               ^^^^^^^^^^^^^^^^^^^^^^
json.decoder.JSONDecodeError: Expecting property name enclosed in double quotes: line 1 column 2 (char 1)

The above exception was the direct cause of the following exception:

Traceback (most recent call last):
  File "/Users/sunmuchao/Downloads/Her/.venv/lib/python3.12/site-packages/gunicorn/arbiter.py", line 713, in spawn_worker
    worker.init_process()
  File "/Users/sunmuchao/Downloads/Her/.venv/lib/python3.12/site-packages/gunicorn/workers/base.py", line 136, in init_process
    self.load_wsgi()
  File "/Users/sunmuchao/Downloads/Her/.venv/lib/python3.12/site-packages/gunicorn/workers/base.py", line 148, in load_wsgi
    self.wsgi = self.app.wsgi()
                ^^^^^^^^^^^^^^^
  File "/Users/sunmuchao/Downloads/Her/.venv/lib/python3.12/site-packages/gunicorn/app/base.py", line 66, in wsgi
    self.callable = self.load()
                    ^^^^^^^^^^^
  File "/Users/sunmuchao/Downloads/Her/.venv/lib/python3.12/site-packages/gunicorn/app/wsgiapp.py", line 57, in load
    return self.load_wsgiapp()
           ^^^^^^^^^^^^^^^^^^^
  File "/Users/sunmuchao/Downloads/Her/.venv/lib/python3.12/site-packages/gunicorn/app/wsgiapp.py", line 47, in load_wsgiapp
    return util.import_app(self.app_uri)
           ^^^^^^^^^^^^^^^^^^^^^^^^^^^^^
  File "/Users/sunmuchao/Downloads/Her/.venv/lib/python3.12/site-packages/gunicorn/util.py", line 411, in import_app
    mod = importlib.import_module(module)
          ^^^^^^^^^^^^^^^^^^^^^^^^^^^^^^^
  File "/usr/local/Cellar/python@3.12/3.12.7_1/Frameworks/Python.framework/Versions/3.12/lib/python3.12/importlib/__init__.py", line 90, in import_module
    return _bootstrap._gcd_import(name[level:], package, level)
           ^^^^^^^^^^^^^^^^^^^^^^^^^^^^^^^^^^^^^^^^^^^^^^^^^^^^
  File "<frozen importlib._bootstrap>", line 1387, in _gcd_import
  File "<frozen importlib._bootstrap>", line 1360, in _find_and_load
  File "<frozen importlib._bootstrap>", line 1331, in _find_and_load_unlocked
  File "<frozen importlib._bootstrap>", line 935, in _load_unlocked
  File "<frozen importlib._bootstrap_external>", line 995, in exec_module
  File "<frozen importlib._bootstrap>", line 488, in _call_with_frames_removed
  File "/Users/sunmuchao/Downloads/Her/external-systems/partner-http-gateway/gateway/app.py", line 375, in <module>
    _default_gateway = PartnerGateway()
                       ^^^^^^^^^^^^^^^^
  File "/Users/sunmuchao/Downloads/Her/external-systems/partner-http-gateway/gateway/app.py", line 94, in __init__
    self._wechat_login_provider = _build_wechat_login_provider()
                                  ^^^^^^^^^^^^^^^^^^^^^^^^^^^^^^
  File "/Users/sunmuchao/Downloads/Her/external-systems/partner-http-gateway/gateway/auth_providers.py", line 412, in build_wechat_login_provider
    raise ValueError("HER_AUTH_WECHAT_STUB_CODES_JSON must be valid JSON") from exc
ValueError: HER_AUTH_WECHAT_STUB_CODES_JSON must be valid JSON
HER_AUTH_WECHAT_STUB_CODES_JSON must be valid JSON
[2026-05-30 11:43:07 +0800] [17310] [INFO] Worker exiting (pid: 17310)
[2026-05-30 11:43:08 +0800] [17313] [ERROR] Exception in worker process
Traceback (most recent call last):
  File "/Users/sunmuchao/Downloads/Her/external-systems/partner-http-gateway/gateway/auth_providers.py", line 410, in build_wechat_login_provider
    parsed = json.loads(stub_json or "{}")
             ^^^^^^^^^^^^^^^^^^^^^^^^^^^^^
  File "/usr/local/Cellar/python@3.12/3.12.7_1/Frameworks/Python.framework/Versions/3.12/lib/python3.12/json/__init__.py", line 346, in loads
    return _default_decoder.decode(s)
           ^^^^^^^^^^^^^^^^^^^^^^^^^^
  File "/usr/local/Cellar/python@3.12/3.12.7_1/Frameworks/Python.framework/Versions/3.12/lib/python3.12/json/decoder.py", line 337, in decode
    obj, end = self.raw_decode(s, idx=_w(s, 0).end())
               ^^^^^^^^^^^^^^^^^^^^^^^^^^^^^^^^^^^^^^
  File "/usr/local/Cellar/python@3.12/3.12.7_1/Frameworks/Python.framework/Versions/3.12/lib/python3.12/json/decoder.py", line 353, in raw_decode
    obj, end = self.scan_once(s, idx)
               ^^^^^^^^^^^^^^^^^^^^^^
json.decoder.JSONDecodeError: Expecting property name enclosed in double quotes: line 1 column 2 (char 1)

The above exception was the direct cause of the following exception:

Traceback (most recent call last):
  File "/Users/sunmuchao/Downloads/Her/.venv/lib/python3.12/site-packages/gunicorn/arbiter.py", line 713, in spawn_worker
    worker.init_process()
  File "/Users/sunmuchao/Downloads/Her/.venv/lib/python3.12/site-packages/gunicorn/workers/base.py", line 136, in init_process
    self.load_wsgi()
  File "/Users/sunmuchao/Downloads/Her/.venv/lib/python3.12/site-packages/gunicorn/workers/base.py", line 148, in load_wsgi
    self.wsgi = self.app.wsgi()
                ^^^^^^^^^^^^^^^
  File "/Users/sunmuchao/Downloads/Her/.venv/lib/python3.12/site-packages/gunicorn/app/base.py", line 66, in wsgi
    self.callable = self.load()
                    ^^^^^^^^^^^
  File "/Users/sunmuchao/Downloads/Her/.venv/lib/python3.12/site-packages/gunicorn/app/wsgiapp.py", line 57, in load
    return self.load_wsgiapp()
           ^^^^^^^^^^^^^^^^^^^
  File "/Users/sunmuchao/Downloads/Her/.venv/lib/python3.12/site-packages/gunicorn/app/wsgiapp.py", line 47, in load_wsgiapp
    return util.import_app(self.app_uri)
           ^^^^^^^^^^^^^^^^^^^^^^^^^^^^^
  File "/Users/sunmuchao/Downloads/Her/.venv/lib/python3.12/site-packages/gunicorn/util.py", line 411, in import_app
    mod = importlib.import_module(module)
          ^^^^^^^^^^^^^^^^^^^^^^^^^^^^^^^
  File "/usr/local/Cellar/python@3.12/3.12.7_1/Frameworks/Python.framework/Versions/3.12/lib/python3.12/importlib/__init__.py", line 90, in import_module
    return _bootstrap._gcd_import(name[level:], package, level)
           ^^^^^^^^^^^^^^^^^^^^^^^^^^^^^^^^^^^^^^^^^^^^^^^^^^^^
  File "<frozen importlib._bootstrap>", line 1387, in _gcd_import
  File "<frozen importlib._bootstrap>", line 1360, in _find_and_load
  File "<frozen importlib._bootstrap>", line 1331, in _find_and_load_unlocked
  File "<frozen importlib._bootstrap>", line 935, in _load_unlocked
  File "<frozen importlib._bootstrap_external>", line 995, in exec_module
  File "<frozen importlib._bootstrap>", line 488, in _call_with_frames_removed
  File "/Users/sunmuchao/Downloads/Her/external-systems/partner-http-gateway/gateway/app.py", line 375, in <module>
    _default_gateway = PartnerGateway()
                       ^^^^^^^^^^^^^^^^
  File "/Users/sunmuchao/Downloads/Her/external-systems/partner-http-gateway/gateway/app.py", line 94, in __init__
    self._wechat_login_provider = _build_wechat_login_provider()
                                  ^^^^^^^^^^^^^^^^^^^^^^^^^^^^^^
  File "/Users/sunmuchao/Downloads/Her/external-systems/partner-http-gateway/gateway/auth_providers.py", line 412, in build_wechat_login_provider
    raise ValueError("HER_AUTH_WECHAT_STUB_CODES_JSON must be valid JSON") from exc
ValueError: HER_AUTH_WECHAT_STUB_CODES_JSON must be valid JSON
HER_AUTH_WECHAT_STUB_CODES_JSON must be valid JSON
[2026-05-30 11:43:08 +0800] [17314] [ERROR] Exception in worker process
Traceback (most recent call last):
  File "/Users/sunmuchao/Downloads/Her/external-systems/partner-http-gateway/gateway/auth_providers.py", line 410, in build_wechat_login_provider
    parsed = json.loads(stub_json or "{}")
             ^^^^^^^^^^^^^^^^^^^^^^^^^^^^^
  File "/usr/local/Cellar/python@3.12/3.12.7_1/Frameworks/Python.framework/Versions/3.12/lib/python3.12/json/__init__.py", line 346, in loads
    return _default_decoder.decode(s)
           ^^^^^^^^^^^^^^^^^^^^^^^^^^
  File "/usr/local/Cellar/python@3.12/3.12.7_1/Frameworks/Python.framework/Versions/3.12/lib/python3.12/json/decoder.py", line 337, in decode
    obj, end = self.raw_decode(s, idx=_w(s, 0).end())
               ^^^^^^^^^^^^^^^^^^^^^^^^^^^^^^^^^^^^^^
  File "/usr/local/Cellar/python@3.12/3.12.7_1/Frameworks/Python.framework/Versions/3.12/lib/python3.12/json/decoder.py", line 353, in raw_decode
    obj, end = self.scan_once(s, idx)
               ^^^^^^^^^^^^^^^^^^^^^^
json.decoder.JSONDecodeError: Expecting property name enclosed in double quotes: line 1 column 2 (char 1)

The above exception was the direct cause of the following exception:

Traceback (most recent call last):
  File "/Users/sunmuchao/Downloads/Her/.venv/lib/python3.12/site-packages/gunicorn/arbiter.py", line 713, in spawn_worker
    worker.init_process()
  File "/Users/sunmuchao/Downloads/Her/.venv/lib/python3.12/site-packages/gunicorn/workers/base.py", line 136, in init_process
    self.load_wsgi()
  File "/Users/sunmuchao/Downloads/Her/.venv/lib/python3.12/site-packages/gunicorn/workers/base.py", line 148, in load_wsgi
    self.wsgi = self.app.wsgi()
                ^^^^^^^^^^^^^^^
  File "/Users/sunmuchao/Downloads/Her/.venv/lib/python3.12/site-packages/gunicorn/app/base.py", line 66, in wsgi
    self.callable = self.load()
                    ^^^^^^^^^^^
  File "/Users/sunmuchao/Downloads/Her/.venv/lib/python3.12/site-packages/gunicorn/app/wsgiapp.py", line 57, in load
    return self.load_wsgiapp()
           ^^^^^^^^^^^^^^^^^^^
  File "/Users/sunmuchao/Downloads/Her/.venv/lib/python3.12/site-packages/gunicorn/app/wsgiapp.py", line 47, in load_wsgiapp
    return util.import_app(self.app_uri)
           ^^^^^^^^^^^^^^^^^^^^^^^^^^^^^
  File "/Users/sunmuchao/Downloads/Her/.venv/lib/python3.12/site-packages/gunicorn/util.py", line 411, in import_app
    mod = importlib.import_module(module)
          ^^^^^^^^^^^^^^^^^^^^^^^^^^^^^^^
  File "/usr/local/Cellar/python@3.12/3.12.7_1/Frameworks/Python.framework/Versions/3.12/lib/python3.12/importlib/__init__.py", line 90, in import_module
    return _bootstrap._gcd_import(name[level:], package, level)
           ^^^^^^^^^^^^^^^^^^^^^^^^^^^^^^^^^^^^^^^^^^^^^^^^^^^^
  File "<frozen importlib._bootstrap>", line 1387, in _gcd_import
  File "<frozen importlib._bootstrap>", line 1360, in _find_and_load
  File "<frozen importlib._bootstrap>", line 1331, in _find_and_load_unlocked
  File "<frozen importlib._bootstrap>", line 935, in _load_unlocked
  File "<frozen importlib._bootstrap_external>", line 995, in exec_module
  File "<frozen importlib._bootstrap>", line 488, in _call_with_frames_removed
  File "/Users/sunmuchao/Downloads/Her/external-systems/partner-http-gateway/gateway/app.py", line 375, in <module>
    _default_gateway = PartnerGateway()
                       ^^^^^^^^^^^^^^^^
  File "/Users/sunmuchao/Downloads/Her/external-systems/partner-http-gateway/gateway/app.py", line 94, in __init__
    self._wechat_login_provider = _build_wechat_login_provider()
                                  ^^^^^^^^^^^^^^^^^^^^^^^^^^^^^^
  File "/Users/sunmuchao/Downloads/Her/external-systems/partner-http-gateway/gateway/auth_providers.py", line 412, in build_wechat_login_provider
    raise ValueError("HER_AUTH_WECHAT_STUB_CODES_JSON must be valid JSON") from exc
ValueError: HER_AUTH_WECHAT_STUB_CODES_JSON must be valid JSON
HER_AUTH_WECHAT_STUB_CODES_JSON must be valid JSON
[2026-05-30 11:43:08 +0800] [17313] [INFO] Worker exiting (pid: 17313)
[2026-05-30 11:43:08 +0800] [17314] [INFO] Worker exiting (pid: 17314)
[2026-05-30 11:43:08 +0800] [17315] [ERROR] Exception in worker process
Traceback (most recent call last):
  File "/Users/sunmuchao/Downloads/Her/external-systems/partner-http-gateway/gateway/auth_providers.py", line 410, in build_wechat_login_provider
    parsed = json.loads(stub_json or "{}")
             ^^^^^^^^^^^^^^^^^^^^^^^^^^^^^
  File "/usr/local/Cellar/python@3.12/3.12.7_1/Frameworks/Python.framework/Versions/3.12/lib/python3.12/json/__init__.py", line 346, in loads
    return _default_decoder.decode(s)
           ^^^^^^^^^^^^^^^^^^^^^^^^^^
  File "/usr/local/Cellar/python@3.12/3.12.7_1/Frameworks/Python.framework/Versions/3.12/lib/python3.12/json/decoder.py", line 337, in decode
    obj, end = self.raw_decode(s, idx=_w(s, 0).end())
               ^^^^^^^^^^^^^^^^^^^^^^^^^^^^^^^^^^^^^^
  File "/usr/local/Cellar/python@3.12/3.12.7_1/Frameworks/Python.framework/Versions/3.12/lib/python3.12/json/decoder.py", line 353, in raw_decode
    obj, end = self.scan_once(s, idx)
               ^^^^^^^^^^^^^^^^^^^^^^
json.decoder.JSONDecodeError: Expecting property name enclosed in double quotes: line 1 column 2 (char 1)

The above exception was the direct cause of the following exception:

Traceback (most recent call last):
  File "/Users/sunmuchao/Downloads/Her/.venv/lib/python3.12/site-packages/gunicorn/arbiter.py", line 713, in spawn_worker
    worker.init_process()
  File "/Users/sunmuchao/Downloads/Her/.venv/lib/python3.12/site-packages/gunicorn/workers/base.py", line 136, in init_process
    self.load_wsgi()
  File "/Users/sunmuchao/Downloads/Her/.venv/lib/python3.12/site-packages/gunicorn/workers/base.py", line 148, in load_wsgi
    self.wsgi = self.app.wsgi()
                ^^^^^^^^^^^^^^^
  File "/Users/sunmuchao/Downloads/Her/.venv/lib/python3.12/site-packages/gunicorn/app/base.py", line 66, in wsgi
    self.callable = self.load()
                    ^^^^^^^^^^^
  File "/Users/sunmuchao/Downloads/Her/.venv/lib/python3.12/site-packages/gunicorn/app/wsgiapp.py", line 57, in load
    return self.load_wsgiapp()
           ^^^^^^^^^^^^^^^^^^^
  File "/Users/sunmuchao/Downloads/Her/.venv/lib/python3.12/site-packages/gunicorn/app/wsgiapp.py", line 47, in load_wsgiapp
    return util.import_app(self.app_uri)
           ^^^^^^^^^^^^^^^^^^^^^^^^^^^^^
  File "/Users/sunmuchao/Downloads/Her/.venv/lib/python3.12/site-packages/gunicorn/util.py", line 411, in import_app
    mod = importlib.import_module(module)
          ^^^^^^^^^^^^^^^^^^^^^^^^^^^^^^^
  File "/usr/local/Cellar/python@3.12/3.12.7_1/Frameworks/Python.framework/Versions/3.12/lib/python3.12/importlib/__init__.py", line 90, in import_module
    return _bootstrap._gcd_import(name[level:], package, level)
           ^^^^^^^^^^^^^^^^^^^^^^^^^^^^^^^^^^^^^^^^^^^^^^^^^^^^
  File "<frozen importlib._bootstrap>", line 1387, in _gcd_import
  File "<frozen importlib._bootstrap>", line 1360, in _find_and_load
  File "<frozen importlib._bootstrap>", line 1331, in _find_and_load_unlocked
  File "<frozen importlib._bootstrap>", line 935, in _load_unlocked
  File "<frozen importlib._bootstrap_external>", line 995, in exec_module
  File "<frozen importlib._bootstrap>", line 488, in _call_with_frames_removed
  File "/Users/sunmuchao/Downloads/Her/external-systems/partner-http-gateway/gateway/app.py", line 375, in <module>
    _default_gateway = PartnerGateway()
                       ^^^^^^^^^^^^^^^^
  File "/Users/sunmuchao/Downloads/Her/external-systems/partner-http-gateway/gateway/app.py", line 94, in __init__
    self._wechat_login_provider = _build_wechat_login_provider()
                                  ^^^^^^^^^^^^^^^^^^^^^^^^^^^^^^
  File "/Users/sunmuchao/Downloads/Her/external-systems/partner-http-gateway/gateway/auth_providers.py", line 412, in build_wechat_login_provider
    raise ValueError("HER_AUTH_WECHAT_STUB_CODES_JSON must be valid JSON") from exc
ValueError: HER_AUTH_WECHAT_STUB_CODES_JSON must be valid JSON
HER_AUTH_WECHAT_STUB_CODES_JSON must be valid JSON
[2026-05-30 11:43:08 +0800] [17315] [INFO] Worker exiting (pid: 17315)
[2026-05-30 11:43:08 +0800] [17312] [ERROR] Exception in worker process
Traceback (most recent call last):
  File "/Users/sunmuchao/Downloads/Her/external-systems/partner-http-gateway/gateway/auth_providers.py", line 410, in build_wechat_login_provider
    parsed = json.loads(stub_json or "{}")
             ^^^^^^^^^^^^^^^^^^^^^^^^^^^^^
  File "/usr/local/Cellar/python@3.12/3.12.7_1/Frameworks/Python.framework/Versions/3.12/lib/python3.12/json/__init__.py", line 346, in loads
    return _default_decoder.decode(s)
           ^^^^^^^^^^^^^^^^^^^^^^^^^^
  File "/usr/local/Cellar/python@3.12/3.12.7_1/Frameworks/Python.framework/Versions/3.12/lib/python3.12/json/decoder.py", line 337, in decode
    obj, end = self.raw_decode(s, idx=_w(s, 0).end())
               ^^^^^^^^^^^^^^^^^^^^^^^^^^^^^^^^^^^^^^
  File "/usr/local/Cellar/python@3.12/3.12.7_1/Frameworks/Python.framework/Versions/3.12/lib/python3.12/json/decoder.py", line 353, in raw_decode
    obj, end = self.scan_once(s, idx)
               ^^^^^^^^^^^^^^^^^^^^^^
json.decoder.JSONDecodeError: Expecting property name enclosed in double quotes: line 1 column 2 (char 1)

The above exception was the direct cause of the following exception:

Traceback (most recent call last):
  File "/Users/sunmuchao/Downloads/Her/.venv/lib/python3.12/site-packages/gunicorn/arbiter.py", line 713, in spawn_worker
    worker.init_process()
  File "/Users/sunmuchao/Downloads/Her/.venv/lib/python3.12/site-packages/gunicorn/workers/base.py", line 136, in init_process
    self.load_wsgi()
  File "/Users/sunmuchao/Downloads/Her/.venv/lib/python3.12/site-packages/gunicorn/workers/base.py", line 148, in load_wsgi
    self.wsgi = self.app.wsgi()
                ^^^^^^^^^^^^^^^
  File "/Users/sunmuchao/Downloads/Her/.venv/lib/python3.12/site-packages/gunicorn/app/base.py", line 66, in wsgi
    self.callable = self.load()
                    ^^^^^^^^^^^
  File "/Users/sunmuchao/Downloads/Her/.venv/lib/python3.12/site-packages/gunicorn/app/wsgiapp.py", line 57, in load
    return self.load_wsgiapp()
           ^^^^^^^^^^^^^^^^^^^
  File "/Users/sunmuchao/Downloads/Her/.venv/lib/python3.12/site-packages/gunicorn/app/wsgiapp.py", line 47, in load_wsgiapp
    return util.import_app(self.app_uri)
           ^^^^^^^^^^^^^^^^^^^^^^^^^^^^^
  File "/Users/sunmuchao/Downloads/Her/.venv/lib/python3.12/site-packages/gunicorn/util.py", line 411, in import_app
    mod = importlib.import_module(module)
          ^^^^^^^^^^^^^^^^^^^^^^^^^^^^^^^
  File "/usr/local/Cellar/python@3.12/3.12.7_1/Frameworks/Python.framework/Versions/3.12/lib/python3.12/importlib/__init__.py", line 90, in import_module
    return _bootstrap._gcd_import(name[level:], package, level)
           ^^^^^^^^^^^^^^^^^^^^^^^^^^^^^^^^^^^^^^^^^^^^^^^^^^^^
  File "<frozen importlib._bootstrap>", line 1387, in _gcd_import
  File "<frozen importlib._bootstrap>", line 1360, in _find_and_load
  File "<frozen importlib._bootstrap>", line 1331, in _find_and_load_unlocked
  File "<frozen importlib._bootstrap>", line 935, in _load_unlocked
  File "<frozen importlib._bootstrap_external>", line 995, in exec_module
  File "<frozen importlib._bootstrap>", line 488, in _call_with_frames_removed
  File "/Users/sunmuchao/Downloads/Her/external-systems/partner-http-gateway/gateway/app.py", line 375, in <module>
    _default_gateway = PartnerGateway()
                       ^^^^^^^^^^^^^^^^
  File "/Users/sunmuchao/Downloads/Her/external-systems/partner-http-gateway/gateway/app.py", line 94, in __init__
    self._wechat_login_provider = _build_wechat_login_provider()
                                  ^^^^^^^^^^^^^^^^^^^^^^^^^^^^^^
  File "/Users/sunmuchao/Downloads/Her/external-systems/partner-http-gateway/gateway/auth_providers.py", line 412, in build_wechat_login_provider
    raise ValueError("HER_AUTH_WECHAT_STUB_CODES_JSON must be valid JSON") from exc
ValueError: HER_AUTH_WECHAT_STUB_CODES_JSON must be valid JSON
HER_AUTH_WECHAT_STUB_CODES_JSON must be valid JSON
[2026-05-30 11:43:08 +0800] [17312] [INFO] Worker exiting (pid: 17312)
[2026-05-30 11:43:08 +0800] [17301] [ERROR] Worker (pid:17309) exited with code 3.
Traceback (most recent call last):
  File "/Users/sunmuchao/Downloads/Her/.venv/lib/python3.12/site-packages/gunicorn/arbiter.py", line 246, in run
    handler()
  File "/Users/sunmuchao/Downloads/Her/.venv/lib/python3.12/site-packages/gunicorn/arbiter.py", line 271, in handle_chld
    self.reap_workers()
  File "/Users/sunmuchao/Downloads/Her/.venv/lib/python3.12/site-packages/gunicorn/arbiter.py", line 641, in reap_workers
    raise HaltServer(reason, self.WORKER_BOOT_ERROR)
gunicorn.errors.HaltServer: <HaltServer 'Worker failed to boot.' 3>

During handling of the above exception, another exception occurred:

Traceback (most recent call last):
  File "/Users/sunmuchao/Downloads/Her/.venv/bin/gunicorn", line 6, in <module>
    sys.exit(run())
             ^^^^^
  File "/Users/sunmuchao/Downloads/Her/.venv/lib/python3.12/site-packages/gunicorn/app/wsgiapp.py", line 66, in run
    WSGIApplication("%(prog)s [OPTIONS] [APP_MODULE]", prog=prog).run()
  File "/Users/sunmuchao/Downloads/Her/.venv/lib/python3.12/site-packages/gunicorn/app/base.py", line 235, in run
    super().run()
  File "/Users/sunmuchao/Downloads/Her/.venv/lib/python3.12/site-packages/gunicorn/app/base.py", line 71, in run
    Arbiter(self).run()
  File "/Users/sunmuchao/Downloads/Her/.venv/lib/python3.12/site-packages/gunicorn/arbiter.py", line 254, in run
    self.halt(reason=inst.reason, exit_status=inst.exit_status)
  File "/Users/sunmuchao/Downloads/Her/.venv/lib/python3.12/site-packages/gunicorn/arbiter.py", line 378, in halt
    self.stop()
  File "/Users/sunmuchao/Downloads/Her/.venv/lib/python3.12/site-packages/gunicorn/arbiter.py", line 458, in stop
    self.reap_workers()
  File "/Users/sunmuchao/Downloads/Her/.venv/lib/python3.12/site-packages/gunicorn/arbiter.py", line 641, in reap_workers
    raise HaltServer(reason, self.WORKER_BOOT_ERROR)
gunicorn.errors.HaltServer: <HaltServer 'Worker failed to boot.' 3>
[2026-05-30 11:43:08 +0800] [17316] [ERROR] Exception in worker process
Traceback (most recent call last):
  File "/Users/sunmuchao/Downloads/Her/external-systems/partner-http-gateway/gateway/auth_providers.py", line 410, in build_wechat_login_provider
    parsed = json.loads(stub_json or "{}")
             ^^^^^^^^^^^^^^^^^^^^^^^^^^^^^
  File "/usr/local/Cellar/python@3.12/3.12.7_1/Frameworks/Python.framework/Versions/3.12/lib/python3.12/json/__init__.py", line 346, in loads
    return _default_decoder.decode(s)
           ^^^^^^^^^^^^^^^^^^^^^^^^^^
  File "/usr/local/Cellar/python@3.12/3.12.7_1/Frameworks/Python.framework/Versions/3.12/lib/python3.12/json/decoder.py", line 337, in decode
    obj, end = self.raw_decode(s, idx=_w(s, 0).end())
               ^^^^^^^^^^^^^^^^^^^^^^^^^^^^^^^^^^^^^^
  File "/usr/local/Cellar/python@3.12/3.12.7_1/Frameworks/Python.framework/Versions/3.12/lib/python3.12/json/decoder.py", line 353, in raw_decode
    obj, end = self.scan_once(s, idx)
               ^^^^^^^^^^^^^^^^^^^^^^
json.decoder.JSONDecodeError: Expecting property name enclosed in double quotes: line 1 column 2 (char 1)

The above exception was the direct cause of the following exception:

Traceback (most recent call last):
  File "/Users/sunmuchao/Downloads/Her/.venv/lib/python3.12/site-packages/gunicorn/arbiter.py", line 713, in spawn_worker
    worker.init_process()
  File "/Users/sunmuchao/Downloads/Her/.venv/lib/python3.12/site-packages/gunicorn/workers/base.py", line 136, in init_process
    self.load_wsgi()
  File "/Users/sunmuchao/Downloads/Her/.venv/lib/python3.12/site-packages/gunicorn/workers/base.py", line 148, in load_wsgi
    self.wsgi = self.app.wsgi()
                ^^^^^^^^^^^^^^^
  File "/Users/sunmuchao/Downloads/Her/.venv/lib/python3.12/site-packages/gunicorn/app/base.py", line 66, in wsgi
    self.callable = self.load()
                    ^^^^^^^^^^^
  File "/Users/sunmuchao/Downloads/Her/.venv/lib/python3.12/site-packages/gunicorn/app/wsgiapp.py", line 57, in load
    return self.load_wsgiapp()
           ^^^^^^^^^^^^^^^^^^^
  File "/Users/sunmuchao/Downloads/Her/.venv/lib/python3.12/site-packages/gunicorn/app/wsgiapp.py", line 47, in load_wsgiapp
    return util.import_app(self.app_uri)
           ^^^^^^^^^^^^^^^^^^^^^^^^^^^^^
  File "/Users/sunmuchao/Downloads/Her/.venv/lib/python3.12/site-packages/gunicorn/util.py", line 411, in import_app
    mod = importlib.import_module(module)
          ^^^^^^^^^^^^^^^^^^^^^^^^^^^^^^^
  File "/usr/local/Cellar/python@3.12/3.12.7_1/Frameworks/Python.framework/Versions/3.12/lib/python3.12/importlib/__init__.py", line 90, in import_module
    return _bootstrap._gcd_import(name[level:], package, level)
           ^^^^^^^^^^^^^^^^^^^^^^^^^^^^^^^^^^^^^^^^^^^^^^^^^^^^
  File "<frozen importlib._bootstrap>", line 1387, in _gcd_import
  File "<frozen importlib._bootstrap>", line 1360, in _find_and_load
  File "<frozen importlib._bootstrap>", line 1331, in _find_and_load_unlocked
  File "<frozen importlib._bootstrap>", line 935, in _load_unlocked
  File "<frozen importlib._bootstrap_external>", line 995, in exec_module
  File "<frozen importlib._bootstrap>", line 488, in _call_with_frames_removed
  File "/Users/sunmuchao/Downloads/Her/external-systems/partner-http-gateway/gateway/app.py", line 375, in <module>
    _default_gateway = PartnerGateway()
                       ^^^^^^^^^^^^^^^^
  File "/Users/sunmuchao/Downloads/Her/external-systems/partner-http-gateway/gateway/app.py", line 94, in __init__
    self._wechat_login_provider = _build_wechat_login_provider()
                                  ^^^^^^^^^^^^^^^^^^^^^^^^^^^^^^
  File "/Users/sunmuchao/Downloads/Her/external-systems/partner-http-gateway/gateway/auth_providers.py", line 412, in build_wechat_login_provider
    raise ValueError("HER_AUTH_WECHAT_STUB_CODES_JSON must be valid JSON") from exc
ValueError: HER_AUTH_WECHAT_STUB_CODES_JSON must be valid JSON
HER_AUTH_WECHAT_STUB_CODES_JSON must be valid JSON
[2026-05-30 11:43:08 +0800] [17316] [INFO] Worker exiting (pid: 17316)
[2026-05-30 11:43:08 +0800] [17318] [ERROR] Exception in worker process
Traceback (most recent call last):
  File "/Users/sunmuchao/Downloads/Her/external-systems/partner-http-gateway/gateway/auth_providers.py", line 410, in build_wechat_login_provider
    parsed = json.loads(stub_json or "{}")
             ^^^^^^^^^^^^^^^^^^^^^^^^^^^^^
  File "/usr/local/Cellar/python@3.12/3.12.7_1/Frameworks/Python.framework/Versions/3.12/lib/python3.12/json/__init__.py", line 346, in loads
    return _default_decoder.decode(s)
           ^^^^^^^^^^^^^^^^^^^^^^^^^^
  File "/usr/local/Cellar/python@3.12/3.12.7_1/Frameworks/Python.framework/Versions/3.12/lib/python3.12/json/decoder.py", line 337, in decode
    obj, end = self.raw_decode(s, idx=_w(s, 0).end())
               ^^^^^^^^^^^^^^^^^^^^^^^^^^^^^^^^^^^^^^
  File "/usr/local/Cellar/python@3.12/3.12.7_1/Frameworks/Python.framework/Versions/3.12/lib/python3.12/json/decoder.py", line 353, in raw_decode
    obj, end = self.scan_once(s, idx)
               ^^^^^^^^^^^^^^^^^^^^^^
json.decoder.JSONDecodeError: Expecting property name enclosed in double quotes: line 1 column 2 (char 1)

The above exception was the direct cause of the following exception:

Traceback (most recent call last):
  File "/Users/sunmuchao/Downloads/Her/.venv/lib/python3.12/site-packages/gunicorn/arbiter.py", line 713, in spawn_worker
    worker.init_process()
  File "/Users/sunmuchao/Downloads/Her/.venv/lib/python3.12/site-packages/gunicorn/workers/base.py", line 136, in init_process
    self.load_wsgi()
  File "/Users/sunmuchao/Downloads/Her/.venv/lib/python3.12/site-packages/gunicorn/workers/base.py", line 148, in load_wsgi
    self.wsgi = self.app.wsgi()
                ^^^^^^^^^^^^^^^
  File "/Users/sunmuchao/Downloads/Her/.venv/lib/python3.12/site-packages/gunicorn/app/base.py", line 66, in wsgi
    self.callable = self.load()
                    ^^^^^^^^^^^
  File "/Users/sunmuchao/Downloads/Her/.venv/lib/python3.12/site-packages/gunicorn/app/wsgiapp.py", line 57, in load
    return self.load_wsgiapp()
           ^^^^^^^^^^^^^^^^^^^
  File "/Users/sunmuchao/Downloads/Her/.venv/lib/python3.12/site-packages/gunicorn/app/wsgiapp.py", line 47, in load_wsgiapp
    return util.import_app(self.app_uri)
           ^^^^^^^^^^^^^^^^^^^^^^^^^^^^^
  File "/Users/sunmuchao/Downloads/Her/.venv/lib/python3.12/site-packages/gunicorn/util.py", line 411, in import_app
    mod = importlib.import_module(module)
          ^^^^^^^^^^^^^^^^^^^^^^^^^^^^^^^
  File "/usr/local/Cellar/python@3.12/3.12.7_1/Frameworks/Python.framework/Versions/3.12/lib/python3.12/importlib/__init__.py", line 90, in import_module
    return _bootstrap._gcd_import(name[level:], package, level)
           ^^^^^^^^^^^^^^^^^^^^^^^^^^^^^^^^^^^^^^^^^^^^^^^^^^^^
  File "<frozen importlib._bootstrap>", line 1387, in _gcd_import
  File "<frozen importlib._bootstrap>", line 1360, in _find_and_load
  File "<frozen importlib._bootstrap>", line 1331, in _find_and_load_unlocked
  File "<frozen importlib._bootstrap>", line 935, in _load_unlocked
  File "<frozen importlib._bootstrap_external>", line 995, in exec_module
  File "<frozen importlib._bootstrap>", line 488, in _call_with_frames_removed
  File "/Users/sunmuchao/Downloads/Her/external-systems/partner-http-gateway/gateway/app.py", line 375, in <module>
    _default_gateway = PartnerGateway()
                       ^^^^^^^^^^^^^^^^
  File "/Users/sunmuchao/Downloads/Her/external-systems/partner-http-gateway/gateway/app.py", line 94, in __init__
    self._wechat_login_provider = _build_wechat_login_provider()
                                  ^^^^^^^^^^^^^^^^^^^^^^^^^^^^^^
  File "/Users/sunmuchao/Downloads/Her/external-systems/partner-http-gateway/gateway/auth_providers.py", line 412, in build_wechat_login_provider
    raise ValueError("HER_AUTH_WECHAT_STUB_CODES_JSON must be valid JSON") from exc
ValueError: HER_AUTH_WECHAT_STUB_CODES_JSON must be valid JSON
HER_AUTH_WECHAT_STUB_CODES_JSON must be valid JSON
[2026-05-30 11:43:08 +0800] [17318] [INFO] Worker exiting (pid: 17318)
[2026-05-30 11:43:08 +0800] [17321] [ERROR] Exception in worker process
Traceback (most recent call last):
  File "/Users/sunmuchao/Downloads/Her/external-systems/partner-http-gateway/gateway/auth_providers.py", line 410, in build_wechat_login_provider
    parsed = json.loads(stub_json or "{}")
             ^^^^^^^^^^^^^^^^^^^^^^^^^^^^^
  File "/usr/local/Cellar/python@3.12/3.12.7_1/Frameworks/Python.framework/Versions/3.12/lib/python3.12/json/__init__.py", line 346, in loads
    return _default_decoder.decode(s)
           ^^^^^^^^^^^^^^^^^^^^^^^^^^
  File "/usr/local/Cellar/python@3.12/3.12.7_1/Frameworks/Python.framework/Versions/3.12/lib/python3.12/json/decoder.py", line 337, in decode
    obj, end = self.raw_decode(s, idx=_w(s, 0).end())
               ^^^^^^^^^^^^^^^^^^^^^^^^^^^^^^^^^^^^^^
  File "/usr/local/Cellar/python@3.12/3.12.7_1/Frameworks/Python.framework/Versions/3.12/lib/python3.12/json/decoder.py", line 353, in raw_decode
    obj, end = self.scan_once(s, idx)
               ^^^^^^^^^^^^^^^^^^^^^^
json.decoder.JSONDecodeError: Expecting property name enclosed in double quotes: line 1 column 2 (char 1)

The above exception was the direct cause of the following exception:

Traceback (most recent call last):
  File "/Users/sunmuchao/Downloads/Her/.venv/lib/python3.12/site-packages/gunicorn/arbiter.py", line 713, in spawn_worker
    worker.init_process()
  File "/Users/sunmuchao/Downloads/Her/.venv/lib/python3.12/site-packages/gunicorn/workers/base.py", line 136, in init_process
    self.load_wsgi()
  File "/Users/sunmuchao/Downloads/Her/.venv/lib/python3.12/site-packages/gunicorn/workers/base.py", line 148, in load_wsgi
    self.wsgi = self.app.wsgi()
                ^^^^^^^^^^^^^^^
  File "/Users/sunmuchao/Downloads/Her/.venv/lib/python3.12/site-packages/gunicorn/app/base.py", line 66, in wsgi
    self.callable = self.load()
                    ^^^^^^^^^^^
  File "/Users/sunmuchao/Downloads/Her/.venv/lib/python3.12/site-packages/gunicorn/app/wsgiapp.py", line 57, in load
    return self.load_wsgiapp()
           ^^^^^^^^^^^^^^^^^^^
  File "/Users/sunmuchao/Downloads/Her/.venv/lib/python3.12/site-packages/gunicorn/app/wsgiapp.py", line 47, in load_wsgiapp
    return util.import_app(self.app_uri)
           ^^^^^^^^^^^^^^^^^^^^^^^^^^^^^
  File "/Users/sunmuchao/Downloads/Her/.venv/lib/python3.12/site-packages/gunicorn/util.py", line 411, in import_app
    mod = importlib.import_module(module)
          ^^^^^^^^^^^^^^^^^^^^^^^^^^^^^^^
  File "/usr/local/Cellar/python@3.12/3.12.7_1/Frameworks/Python.framework/Versions/3.12/lib/python3.12/importlib/__init__.py", line 90, in import_module
    return _bootstrap._gcd_import(name[level:], package, level)
           ^^^^^^^^^^^^^^^^^^^^^^^^^^^^^^^^^^^^^^^^^^^^^^^^^^^^
  File "<frozen importlib._bootstrap>", line 1387, in _gcd_import
  File "<frozen importlib._bootstrap>", line 1360, in _find_and_load
  File "<frozen importlib._bootstrap>", line 1331, in _find_and_load_unlocked
  File "<frozen importlib._bootstrap>", line 935, in _load_unlocked
  File "<frozen importlib._bootstrap_external>", line 995, in exec_module
  File "<frozen importlib._bootstrap>", line 488, in _call_with_frames_removed
  File "/Users/sunmuchao/Downloads/Her/external-systems/partner-http-gateway/gateway/app.py", line 375, in <module>
    _default_gateway = PartnerGateway()
                       ^^^^^^^^^^^^^^^^
  File "/Users/sunmuchao/Downloads/Her/external-systems/partner-http-gateway/gateway/app.py", line 94, in __init__
    self._wechat_login_provider = _build_wechat_login_provider()
                                  ^^^^^^^^^^^^^^^^^^^^^^^^^^^^^^
  File "/Users/sunmuchao/Downloads/Her/external-systems/partner-http-gateway/gateway/auth_providers.py", line 412, in build_wechat_login_provider
    raise ValueError("HER_AUTH_WECHAT_STUB_CODES_JSON must be valid JSON") from exc
ValueError: HER_AUTH_WECHAT_STUB_CODES_JSON must be valid JSON
HER_AUTH_WECHAT_STUB_CODES_JSON must be valid JSON
[2026-05-30 11:43:08 +0800] [17321] [INFO] Worker exiting (pid: 17321)
[2026-05-30 11:43:08 +0800] [17319] [ERROR] Exception in worker process
Traceback (most recent call last):
  File "/Users/sunmuchao/Downloads/Her/external-systems/partner-http-gateway/gateway/auth_providers.py", line 410, in build_wechat_login_provider
    parsed = json.loads(stub_json or "{}")
             ^^^^^^^^^^^^^^^^^^^^^^^^^^^^^
  File "/usr/local/Cellar/python@3.12/3.12.7_1/Frameworks/Python.framework/Versions/3.12/lib/python3.12/json/__init__.py", line 346, in loads
    return _default_decoder.decode(s)
           ^^^^^^^^^^^^^^^^^^^^^^^^^^
  File "/usr/local/Cellar/python@3.12/3.12.7_1/Frameworks/Python.framework/Versions/3.12/lib/python3.12/json/decoder.py", line 337, in decode
    obj, end = self.raw_decode(s, idx=_w(s, 0).end())
               ^^^^^^^^^^^^^^^^^^^^^^^^^^^^^^^^^^^^^^
  File "/usr/local/Cellar/python@3.12/3.12.7_1/Frameworks/Python.framework/Versions/3.12/lib/python3.12/json/decoder.py", line 353, in raw_decode
    obj, end = self.scan_once(s, idx)
               ^^^^^^^^^^^^^^^^^^^^^^
json.decoder.JSONDecodeError: Expecting property name enclosed in double quotes: line 1 column 2 (char 1)

The above exception was the direct cause of the following exception:

Traceback (most recent call last):
  File "/Users/sunmuchao/Downloads/Her/.venv/lib/python3.12/site-packages/gunicorn/arbiter.py", line 713, in spawn_worker
    worker.init_process()
  File "/Users/sunmuchao/Downloads/Her/.venv/lib/python3.12/site-packages/gunicorn/workers/base.py", line 136, in init_process
    self.load_wsgi()
  File "/Users/sunmuchao/Downloads/Her/.venv/lib/python3.12/site-packages/gunicorn/workers/base.py", line 148, in load_wsgi
    self.wsgi = self.app.wsgi()
                ^^^^^^^^^^^^^^^
  File "/Users/sunmuchao/Downloads/Her/.venv/lib/python3.12/site-packages/gunicorn/app/base.py", line 66, in wsgi
    self.callable = self.load()
                    ^^^^^^^^^^^
  File "/Users/sunmuchao/Downloads/Her/.venv/lib/python3.12/site-packages/gunicorn/app/wsgiapp.py", line 57, in load
    return self.load_wsgiapp()
           ^^^^^^^^^^^^^^^^^^^
  File "/Users/sunmuchao/Downloads/Her/.venv/lib/python3.12/site-packages/gunicorn/app/wsgiapp.py", line 47, in load_wsgiapp
    return util.import_app(self.app_uri)
           ^^^^^^^^^^^^^^^^^^^^^^^^^^^^^
  File "/Users/sunmuchao/Downloads/Her/.venv/lib/python3.12/site-packages/gunicorn/util.py", line 411, in import_app
    mod = importlib.import_module(module)
          ^^^^^^^^^^^^^^^^^^^^^^^^^^^^^^^
  File "/usr/local/Cellar/python@3.12/3.12.7_1/Frameworks/Python.framework/Versions/3.12/lib/python3.12/importlib/__init__.py", line 90, in import_module
    return _bootstrap._gcd_import(name[level:], package, level)
           ^^^^^^^^^^^^^^^^^^^^^^^^^^^^^^^^^^^^^^^^^^^^^^^^^^^^
  File "<frozen importlib._bootstrap>", line 1387, in _gcd_import
  File "<frozen importlib._bootstrap>", line 1360, in _find_and_load
  File "<frozen importlib._bootstrap>", line 1331, in _find_and_load_unlocked
  File "<frozen importlib._bootstrap>", line 935, in _load_unlocked
  File "<frozen importlib._bootstrap_external>", line 995, in exec_module
  File "<frozen importlib._bootstrap>", line 488, in _call_with_frames_removed
  File "/Users/sunmuchao/Downloads/Her/external-systems/partner-http-gateway/gateway/app.py", line 375, in <module>
    _default_gateway = PartnerGateway()
                       ^^^^^^^^^^^^^^^^
  File "/Users/sunmuchao/Downloads/Her/external-systems/partner-http-gateway/gateway/app.py", line 94, in __init__
    self._wechat_login_provider = _build_wechat_login_provider()
                                  ^^^^^^^^^^^^^^^^^^^^^^^^^^^^^^
  File "/Users/sunmuchao/Downloads/Her/external-systems/partner-http-gateway/gateway/auth_providers.py", line 412, in build_wechat_login_provider
    raise ValueError("HER_AUTH_WECHAT_STUB_CODES_JSON must be valid JSON") from exc
ValueError: HER_AUTH_WECHAT_STUB_CODES_JSON must be valid JSON
HER_AUTH_WECHAT_STUB_CODES_JSON must be valid JSON
[2026-05-30 11:43:08 +0800] [17319] [INFO] Worker exiting (pid: 17319)
[2026-05-30 11:43:08 +0800] [17320] [ERROR] Exception in worker process
Traceback (most recent call last):
  File "/Users/sunmuchao/Downloads/Her/external-systems/partner-http-gateway/gateway/auth_providers.py", line 410, in build_wechat_login_provider
    parsed = json.loads(stub_json or "{}")
             ^^^^^^^^^^^^^^^^^^^^^^^^^^^^^
  File "/usr/local/Cellar/python@3.12/3.12.7_1/Frameworks/Python.framework/Versions/3.12/lib/python3.12/json/__init__.py", line 346, in loads
    return _default_decoder.decode(s)
           ^^^^^^^^^^^^^^^^^^^^^^^^^^
  File "/usr/local/Cellar/python@3.12/3.12.7_1/Frameworks/Python.framework/Versions/3.12/lib/python3.12/json/decoder.py", line 337, in decode
    obj, end = self.raw_decode(s, idx=_w(s, 0).end())
               ^^^^^^^^^^^^^^^^^^^^^^^^^^^^^^^^^^^^^^
  File "/usr/local/Cellar/python@3.12/3.12.7_1/Frameworks/Python.framework/Versions/3.12/lib/python3.12/json/decoder.py", line 353, in raw_decode
    obj, end = self.scan_once(s, idx)
               ^^^^^^^^^^^^^^^^^^^^^^
json.decoder.JSONDecodeError: Expecting property name enclosed in double quotes: line 1 column 2 (char 1)

The above exception was the direct cause of the following exception:

Traceback (most recent call last):
  File "/Users/sunmuchao/Downloads/Her/.venv/lib/python3.12/site-packages/gunicorn/arbiter.py", line 713, in spawn_worker
    worker.init_process()
  File "/Users/sunmuchao/Downloads/Her/.venv/lib/python3.12/site-packages/gunicorn/workers/base.py", line 136, in init_process
    self.load_wsgi()
  File "/Users/sunmuchao/Downloads/Her/.venv/lib/python3.12/site-packages/gunicorn/workers/base.py", line 148, in load_wsgi
    self.wsgi = self.app.wsgi()
                ^^^^^^^^^^^^^^^
  File "/Users/sunmuchao/Downloads/Her/.venv/lib/python3.12/site-packages/gunicorn/app/base.py", line 66, in wsgi
    self.callable = self.load()
                    ^^^^^^^^^^^
  File "/Users/sunmuchao/Downloads/Her/.venv/lib/python3.12/site-packages/gunicorn/app/wsgiapp.py", line 57, in load
    return self.load_wsgiapp()
           ^^^^^^^^^^^^^^^^^^^
  File "/Users/sunmuchao/Downloads/Her/.venv/lib/python3.12/site-packages/gunicorn/app/wsgiapp.py", line 47, in load_wsgiapp
    return util.import_app(self.app_uri)
           ^^^^^^^^^^^^^^^^^^^^^^^^^^^^^
  File "/Users/sunmuchao/Downloads/Her/.venv/lib/python3.12/site-packages/gunicorn/util.py", line 411, in import_app
    mod = importlib.import_module(module)
          ^^^^^^^^^^^^^^^^^^^^^^^^^^^^^^^
  File "/usr/local/Cellar/python@3.12/3.12.7_1/Frameworks/Python.framework/Versions/3.12/lib/python3.12/importlib/__init__.py", line 90, in import_module
    return _bootstrap._gcd_import(name[level:], package, level)
           ^^^^^^^^^^^^^^^^^^^^^^^^^^^^^^^^^^^^^^^^^^^^^^^^^^^^
  File "<frozen importlib._bootstrap>", line 1387, in _gcd_import
  File "<frozen importlib._bootstrap>", line 1360, in _find_and_load
  File "<frozen importlib._bootstrap>", line 1331, in _find_and_load_unlocked
  File "<frozen importlib._bootstrap>", line 935, in _load_unlocked
  File "<frozen importlib._bootstrap_external>", line 995, in exec_module
  File "<frozen importlib._bootstrap>", line 488, in _call_with_frames_removed
  File "/Users/sunmuchao/Downloads/Her/external-systems/partner-http-gateway/gateway/app.py", line 375, in <module>
    _default_gateway = PartnerGateway()
                       ^^^^^^^^^^^^^^^^
  File "/Users/sunmuchao/Downloads/Her/external-systems/partner-http-gateway/gateway/app.py", line 94, in __init__
    self._wechat_login_provider = _build_wechat_login_provider()
                                  ^^^^^^^^^^^^^^^^^^^^^^^^^^^^^^
  File "/Users/sunmuchao/Downloads/Her/external-systems/partner-http-gateway/gateway/auth_providers.py", line 412, in build_wechat_login_provider
    raise ValueError("HER_AUTH_WECHAT_STUB_CODES_JSON must be valid JSON") from exc
ValueError: HER_AUTH_WECHAT_STUB_CODES_JSON must be valid JSON
HER_AUTH_WECHAT_STUB_CODES_JSON must be valid JSON
[2026-05-30 11:43:08 +0800] [17320] [INFO] Worker exiting (pid: 17320)
[2026-05-30 11:43:08 +0800] [17323] [ERROR] Exception in worker process
Traceback (most recent call last):
  File "/Users/sunmuchao/Downloads/Her/external-systems/partner-http-gateway/gateway/auth_providers.py", line 410, in build_wechat_login_provider
    parsed = json.loads(stub_json or "{}")
             ^^^^^^^^^^^^^^^^^^^^^^^^^^^^^
  File "/usr/local/Cellar/python@3.12/3.12.7_1/Frameworks/Python.framework/Versions/3.12/lib/python3.12/json/__init__.py", line 346, in loads
    return _default_decoder.decode(s)
           ^^^^^^^^^^^^^^^^^^^^^^^^^^
  File "/usr/local/Cellar/python@3.12/3.12.7_1/Frameworks/Python.framework/Versions/3.12/lib/python3.12/json/decoder.py", line 337, in decode
    obj, end = self.raw_decode(s, idx=_w(s, 0).end())
               ^^^^^^^^^^^^^^^^^^^^^^^^^^^^^^^^^^^^^^
  File "/usr/local/Cellar/python@3.12/3.12.7_1/Frameworks/Python.framework/Versions/3.12/lib/python3.12/json/decoder.py", line 353, in raw_decode
    obj, end = self.scan_once(s, idx)
               ^^^^^^^^^^^^^^^^^^^^^^
json.decoder.JSONDecodeError: Expecting property name enclosed in double quotes: line 1 column 2 (char 1)

The above exception was the direct cause of the following exception:

Traceback (most recent call last):
  File "/Users/sunmuchao/Downloads/Her/.venv/lib/python3.12/site-packages/gunicorn/arbiter.py", line 713, in spawn_worker
    worker.init_process()
  File "/Users/sunmuchao/Downloads/Her/.venv/lib/python3.12/site-packages/gunicorn/workers/base.py", line 136, in init_process
    self.load_wsgi()
  File "/Users/sunmuchao/Downloads/Her/.venv/lib/python3.12/site-packages/gunicorn/workers/base.py", line 148, in load_wsgi
    self.wsgi = self.app.wsgi()
                ^^^^^^^^^^^^^^^
  File "/Users/sunmuchao/Downloads/Her/.venv/lib/python3.12/site-packages/gunicorn/app/base.py", line 66, in wsgi
    self.callable = self.load()
                    ^^^^^^^^^^^
  File "/Users/sunmuchao/Downloads/Her/.venv/lib/python3.12/site-packages/gunicorn/app/wsgiapp.py", line 57, in load
    return self.load_wsgiapp()
           ^^^^^^^^^^^^^^^^^^^
  File "/Users/sunmuchao/Downloads/Her/.venv/lib/python3.12/site-packages/gunicorn/app/wsgiapp.py", line 47, in load_wsgiapp
    return util.import_app(self.app_uri)
           ^^^^^^^^^^^^^^^^^^^^^^^^^^^^^
  File "/Users/sunmuchao/Downloads/Her/.venv/lib/python3.12/site-packages/gunicorn/util.py", line 411, in import_app
    mod = importlib.import_module(module)
          ^^^^^^^^^^^^^^^^^^^^^^^^^^^^^^^
  File "/usr/local/Cellar/python@3.12/3.12.7_1/Frameworks/Python.framework/Versions/3.12/lib/python3.12/importlib/__init__.py", line 90, in import_module
    return _bootstrap._gcd_import(name[level:], package, level)
           ^^^^^^^^^^^^^^^^^^^^^^^^^^^^^^^^^^^^^^^^^^^^^^^^^^^^
  File "<frozen importlib._bootstrap>", line 1387, in _gcd_import
  File "<frozen importlib._bootstrap>", line 1360, in _find_and_load
  File "<frozen importlib._bootstrap>", line 1331, in _find_and_load_unlocked
  File "<frozen importlib._bootstrap>", line 935, in _load_unlocked
  File "<frozen importlib._bootstrap_external>", line 995, in exec_module
  File "<frozen importlib._bootstrap>", line 488, in _call_with_frames_removed
  File "/Users/sunmuchao/Downloads/Her/external-systems/partner-http-gateway/gateway/app.py", line 375, in <module>
    _default_gateway = PartnerGateway()
                       ^^^^^^^^^^^^^^^^
  File "/Users/sunmuchao/Downloads/Her/external-systems/partner-http-gateway/gateway/app.py", line 94, in __init__
    self._wechat_login_provider = _build_wechat_login_provider()
                                  ^^^^^^^^^^^^^^^^^^^^^^^^^^^^^^
  File "/Users/sunmuchao/Downloads/Her/external-systems/partner-http-gateway/gateway/auth_providers.py", line 412, in build_wechat_login_provider
    raise ValueError("HER_AUTH_WECHAT_STUB_CODES_JSON must be valid JSON") from exc
ValueError: HER_AUTH_WECHAT_STUB_CODES_JSON must be valid JSON
HER_AUTH_WECHAT_STUB_CODES_JSON must be valid JSON
[2026-05-30 11:43:08 +0800] [17323] [INFO] Worker exiting (pid: 17323)
[2026-05-30 11:43:08 +0800] [17322] [ERROR] Exception in worker process
Traceback (most recent call last):
  File "/Users/sunmuchao/Downloads/Her/external-systems/partner-http-gateway/gateway/auth_providers.py", line 410, in build_wechat_login_provider
    parsed = json.loads(stub_json or "{}")
             ^^^^^^^^^^^^^^^^^^^^^^^^^^^^^
  File "/usr/local/Cellar/python@3.12/3.12.7_1/Frameworks/Python.framework/Versions/3.12/lib/python3.12/json/__init__.py", line 346, in loads
    return _default_decoder.decode(s)
           ^^^^^^^^^^^^^^^^^^^^^^^^^^
  File "/usr/local/Cellar/python@3.12/3.12.7_1/Frameworks/Python.framework/Versions/3.12/lib/python3.12/json/decoder.py", line 337, in decode
    obj, end = self.raw_decode(s, idx=_w(s, 0).end())
               ^^^^^^^^^^^^^^^^^^^^^^^^^^^^^^^^^^^^^^
  File "/usr/local/Cellar/python@3.12/3.12.7_1/Frameworks/Python.framework/Versions/3.12/lib/python3.12/json/decoder.py", line 353, in raw_decode
    obj, end = self.scan_once(s, idx)
               ^^^^^^^^^^^^^^^^^^^^^^
json.decoder.JSONDecodeError: Expecting property name enclosed in double quotes: line 1 column 2 (char 1)

The above exception was the direct cause of the following exception:

Traceback (most recent call last):
  File "/Users/sunmuchao/Downloads/Her/.venv/lib/python3.12/site-packages/gunicorn/arbiter.py", line 713, in spawn_worker
    worker.init_process()
  File "/Users/sunmuchao/Downloads/Her/.venv/lib/python3.12/site-packages/gunicorn/workers/base.py", line 136, in init_process
    self.load_wsgi()
  File "/Users/sunmuchao/Downloads/Her/.venv/lib/python3.12/site-packages/gunicorn/workers/base.py", line 148, in load_wsgi
    self.wsgi = self.app.wsgi()
                ^^^^^^^^^^^^^^^
  File "/Users/sunmuchao/Downloads/Her/.venv/lib/python3.12/site-packages/gunicorn/app/base.py", line 66, in wsgi
    self.callable = self.load()
                    ^^^^^^^^^^^
  File "/Users/sunmuchao/Downloads/Her/.venv/lib/python3.12/site-packages/gunicorn/app/wsgiapp.py", line 57, in load
    return self.load_wsgiapp()
           ^^^^^^^^^^^^^^^^^^^
  File "/Users/sunmuchao/Downloads/Her/.venv/lib/python3.12/site-packages/gunicorn/app/wsgiapp.py", line 47, in load_wsgiapp
    return util.import_app(self.app_uri)
           ^^^^^^^^^^^^^^^^^^^^^^^^^^^^^
  File "/Users/sunmuchao/Downloads/Her/.venv/lib/python3.12/site-packages/gunicorn/util.py", line 411, in import_app
    mod = importlib.import_module(module)
          ^^^^^^^^^^^^^^^^^^^^^^^^^^^^^^^
  File "/usr/local/Cellar/python@3.12/3.12.7_1/Frameworks/Python.framework/Versions/3.12/lib/python3.12/importlib/__init__.py", line 90, in import_module
    return _bootstrap._gcd_import(name[level:], package, level)
           ^^^^^^^^^^^^^^^^^^^^^^^^^^^^^^^^^^^^^^^^^^^^^^^^^^^^
  File "<frozen importlib._bootstrap>", line 1387, in _gcd_import
  File "<frozen importlib._bootstrap>", line 1360, in _find_and_load
  File "<frozen importlib._bootstrap>", line 1331, in _find_and_load_unlocked
  File "<frozen importlib._bootstrap>", line 935, in _load_unlocked
  File "<frozen importlib._bootstrap_external>", line 995, in exec_module
  File "<frozen importlib._bootstrap>", line 488, in _call_with_frames_removed
  File "/Users/sunmuchao/Downloads/Her/external-systems/partner-http-gateway/gateway/app.py", line 375, in <module>
    _default_gateway = PartnerGateway()
                       ^^^^^^^^^^^^^^^^
  File "/Users/sunmuchao/Downloads/Her/external-systems/partner-http-gateway/gateway/app.py", line 94, in __init__
    self._wechat_login_provider = _build_wechat_login_provider()
                                  ^^^^^^^^^^^^^^^^^^^^^^^^^^^^^^
  File "/Users/sunmuchao/Downloads/Her/external-systems/partner-http-gateway/gateway/auth_providers.py", line 412, in build_wechat_login_provider
    raise ValueError("HER_AUTH_WECHAT_STUB_CODES_JSON must be valid JSON") from exc
ValueError: HER_AUTH_WECHAT_STUB_CODES_JSON must be valid JSON
HER_AUTH_WECHAT_STUB_CODES_JSON must be valid JSON
[2026-05-30 11:43:08 +0800] [17322] [INFO] Worker exiting (pid: 17322)
[2026-05-30 11:43:08 +0800] [17325] [ERROR] Exception in worker process
Traceback (most recent call last):
  File "/Users/sunmuchao/Downloads/Her/external-systems/partner-http-gateway/gateway/auth_providers.py", line 410, in build_wechat_login_provider
    parsed = json.loads(stub_json or "{}")
             ^^^^^^^^^^^^^^^^^^^^^^^^^^^^^
  File "/usr/local/Cellar/python@3.12/3.12.7_1/Frameworks/Python.framework/Versions/3.12/lib/python3.12/json/__init__.py", line 346, in loads
    return _default_decoder.decode(s)
           ^^^^^^^^^^^^^^^^^^^^^^^^^^
  File "/usr/local/Cellar/python@3.12/3.12.7_1/Frameworks/Python.framework/Versions/3.12/lib/python3.12/json/decoder.py", line 337, in decode
    obj, end = self.raw_decode(s, idx=_w(s, 0).end())
               ^^^^^^^^^^^^^^^^^^^^^^^^^^^^^^^^^^^^^^
  File "/usr/local/Cellar/python@3.12/3.12.7_1/Frameworks/Python.framework/Versions/3.12/lib/python3.12/json/decoder.py", line 353, in raw_decode
    obj, end = self.scan_once(s, idx)
               ^^^^^^^^^^^^^^^^^^^^^^
json.decoder.JSONDecodeError: Expecting property name enclosed in double quotes: line 1 column 2 (char 1)

The above exception was the direct cause of the following exception:

Traceback (most recent call last):
  File "/Users/sunmuchao/Downloads/Her/.venv/lib/python3.12/site-packages/gunicorn/arbiter.py", line 713, in spawn_worker
    worker.init_process()
  File "/Users/sunmuchao/Downloads/Her/.venv/lib/python3.12/site-packages/gunicorn/workers/base.py", line 136, in init_process
    self.load_wsgi()
  File "/Users/sunmuchao/Downloads/Her/.venv/lib/python3.12/site-packages/gunicorn/workers/base.py", line 148, in load_wsgi
    self.wsgi = self.app.wsgi()
                ^^^^^^^^^^^^^^^
  File "/Users/sunmuchao/Downloads/Her/.venv/lib/python3.12/site-packages/gunicorn/app/base.py", line 66, in wsgi
    self.callable = self.load()
                    ^^^^^^^^^^^
  File "/Users/sunmuchao/Downloads/Her/.venv/lib/python3.12/site-packages/gunicorn/app/wsgiapp.py", line 57, in load
    return self.load_wsgiapp()
           ^^^^^^^^^^^^^^^^^^^
  File "/Users/sunmuchao/Downloads/Her/.venv/lib/python3.12/site-packages/gunicorn/app/wsgiapp.py", line 47, in load_wsgiapp
    return util.import_app(self.app_uri)
           ^^^^^^^^^^^^^^^^^^^^^^^^^^^^^
  File "/Users/sunmuchao/Downloads/Her/.venv/lib/python3.12/site-packages/gunicorn/util.py", line 411, in import_app
    mod = importlib.import_module(module)
          ^^^^^^^^^^^^^^^^^^^^^^^^^^^^^^^
  File "/usr/local/Cellar/python@3.12/3.12.7_1/Frameworks/Python.framework/Versions/3.12/lib/python3.12/importlib/__init__.py", line 90, in import_module
    return _bootstrap._gcd_import(name[level:], package, level)
           ^^^^^^^^^^^^^^^^^^^^^^^^^^^^^^^^^^^^^^^^^^^^^^^^^^^^
  File "<frozen importlib._bootstrap>", line 1387, in _gcd_import
  File "<frozen importlib._bootstrap>", line 1360, in _find_and_load
  File "<frozen importlib._bootstrap>", line 1331, in _find_and_load_unlocked
  File "<frozen importlib._bootstrap>", line 935, in _load_unlocked
  File "<frozen importlib._bootstrap_external>", line 995, in exec_module
  File "<frozen importlib._bootstrap>", line 488, in _call_with_frames_removed
  File "/Users/sunmuchao/Downloads/Her/external-systems/partner-http-gateway/gateway/app.py", line 375, in <module>
    _default_gateway = PartnerGateway()
                       ^^^^^^^^^^^^^^^^
  File "/Users/sunmuchao/Downloads/Her/external-systems/partner-http-gateway/gateway/app.py", line 94, in __init__
    self._wechat_login_provider = _build_wechat_login_provider()
                                  ^^^^^^^^^^^^^^^^^^^^^^^^^^^^^^
  File "/Users/sunmuchao/Downloads/Her/external-systems/partner-http-gateway/gateway/auth_providers.py", line 412, in build_wechat_login_provider
    raise ValueError("HER_AUTH_WECHAT_STUB_CODES_JSON must be valid JSON") from exc
ValueError: HER_AUTH_WECHAT_STUB_CODES_JSON must be valid JSON
HER_AUTH_WECHAT_STUB_CODES_JSON must be valid JSON
[2026-05-30 11:43:08 +0800] [17325] [INFO] Worker exiting (pid: 17325)
[2026-05-30 11:43:08 +0800] [17324] [ERROR] Exception in worker process
Traceback (most recent call last):
  File "/Users/sunmuchao/Downloads/Her/external-systems/partner-http-gateway/gateway/auth_providers.py", line 410, in build_wechat_login_provider
    parsed = json.loads(stub_json or "{}")
             ^^^^^^^^^^^^^^^^^^^^^^^^^^^^^
  File "/usr/local/Cellar/python@3.12/3.12.7_1/Frameworks/Python.framework/Versions/3.12/lib/python3.12/json/__init__.py", line 346, in loads
    return _default_decoder.decode(s)
           ^^^^^^^^^^^^^^^^^^^^^^^^^^
  File "/usr/local/Cellar/python@3.12/3.12.7_1/Frameworks/Python.framework/Versions/3.12/lib/python3.12/json/decoder.py", line 337, in decode
    obj, end = self.raw_decode(s, idx=_w(s, 0).end())
               ^^^^^^^^^^^^^^^^^^^^^^^^^^^^^^^^^^^^^^
  File "/usr/local/Cellar/python@3.12/3.12.7_1/Frameworks/Python.framework/Versions/3.12/lib/python3.12/json/decoder.py", line 353, in raw_decode
    obj, end = self.scan_once(s, idx)
               ^^^^^^^^^^^^^^^^^^^^^^
json.decoder.JSONDecodeError: Expecting property name enclosed in double quotes: line 1 column 2 (char 1)

The above exception was the direct cause of the following exception:

Traceback (most recent call last):
  File "/Users/sunmuchao/Downloads/Her/.venv/lib/python3.12/site-packages/gunicorn/arbiter.py", line 713, in spawn_worker
    worker.init_process()
  File "/Users/sunmuchao/Downloads/Her/.venv/lib/python3.12/site-packages/gunicorn/workers/base.py", line 136, in init_process
    self.load_wsgi()
  File "/Users/sunmuchao/Downloads/Her/.venv/lib/python3.12/site-packages/gunicorn/workers/base.py", line 148, in load_wsgi
    self.wsgi = self.app.wsgi()
                ^^^^^^^^^^^^^^^
  File "/Users/sunmuchao/Downloads/Her/.venv/lib/python3.12/site-packages/gunicorn/app/base.py", line 66, in wsgi
    self.callable = self.load()
                    ^^^^^^^^^^^
  File "/Users/sunmuchao/Downloads/Her/.venv/lib/python3.12/site-packages/gunicorn/app/wsgiapp.py", line 57, in load
    return self.load_wsgiapp()
           ^^^^^^^^^^^^^^^^^^^
  File "/Users/sunmuchao/Downloads/Her/.venv/lib/python3.12/site-packages/gunicorn/app/wsgiapp.py", line 47, in load_wsgiapp
    return util.import_app(self.app_uri)
           ^^^^^^^^^^^^^^^^^^^^^^^^^^^^^
  File "/Users/sunmuchao/Downloads/Her/.venv/lib/python3.12/site-packages/gunicorn/util.py", line 411, in import_app
    mod = importlib.import_module(module)
          ^^^^^^^^^^^^^^^^^^^^^^^^^^^^^^^
  File "/usr/local/Cellar/python@3.12/3.12.7_1/Frameworks/Python.framework/Versions/3.12/lib/python3.12/importlib/__init__.py", line 90, in import_module
    return _bootstrap._gcd_import(name[level:], package, level)
           ^^^^^^^^^^^^^^^^^^^^^^^^^^^^^^^^^^^^^^^^^^^^^^^^^^^^
  File "<frozen importlib._bootstrap>", line 1387, in _gcd_import
  File "<frozen importlib._bootstrap>", line 1360, in _find_and_load
  File "<frozen importlib._bootstrap>", line 1331, in _find_and_load_unlocked
  File "<frozen importlib._bootstrap>", line 935, in _load_unlocked
  File "<frozen importlib._bootstrap_external>", line 995, in exec_module
  File "<frozen importlib._bootstrap>", line 488, in _call_with_frames_removed
  File "/Users/sunmuchao/Downloads/Her/external-systems/partner-http-gateway/gateway/app.py", line 375, in <module>
    _default_gateway = PartnerGateway()
                       ^^^^^^^^^^^^^^^^
  File "/Users/sunmuchao/Downloads/Her/external-systems/partner-http-gateway/gateway/app.py", line 94, in __init__
    self._wechat_login_provider = _build_wechat_login_provider()
                                  ^^^^^^^^^^^^^^^^^^^^^^^^^^^^^^
  File "/Users/sunmuchao/Downloads/Her/external-systems/partner-http-gateway/gateway/auth_providers.py", line 412, in build_wechat_login_provider
    raise ValueError("HER_AUTH_WECHAT_STUB_CODES_JSON must be valid JSON") from exc
ValueError: HER_AUTH_WECHAT_STUB_CODES_JSON must be valid JSON
HER_AUTH_WECHAT_STUB_CODES_JSON must be valid JSON
[2026-05-30 11:43:08 +0800] [17324] [INFO] Worker exiting (pid: 17324)
[2026-05-30 11:43:08 +0800] [17327] [ERROR] Exception in worker process
Traceback (most recent call last):
  File "/Users/sunmuchao/Downloads/Her/external-systems/partner-http-gateway/gateway/auth_providers.py", line 410, in build_wechat_login_provider
    parsed = json.loads(stub_json or "{}")
             ^^^^^^^^^^^^^^^^^^^^^^^^^^^^^
  File "/usr/local/Cellar/python@3.12/3.12.7_1/Frameworks/Python.framework/Versions/3.12/lib/python3.12/json/__init__.py", line 346, in loads
    return _default_decoder.decode(s)
           ^^^^^^^^^^^^^^^^^^^^^^^^^^
  File "/usr/local/Cellar/python@3.12/3.12.7_1/Frameworks/Python.framework/Versions/3.12/lib/python3.12/json/decoder.py", line 337, in decode
    obj, end = self.raw_decode(s, idx=_w(s, 0).end())
               ^^^^^^^^^^^^^^^^^^^^^^^^^^^^^^^^^^^^^^
  File "/usr/local/Cellar/python@3.12/3.12.7_1/Frameworks/Python.framework/Versions/3.12/lib/python3.12/json/decoder.py", line 353, in raw_decode
    obj, end = self.scan_once(s, idx)
               ^^^^^^^^^^^^^^^^^^^^^^
json.decoder.JSONDecodeError: Expecting property name enclosed in double quotes: line 1 column 2 (char 1)

The above exception was the direct cause of the following exception:

Traceback (most recent call last):
  File "/Users/sunmuchao/Downloads/Her/.venv/lib/python3.12/site-packages/gunicorn/arbiter.py", line 713, in spawn_worker
    worker.init_process()
  File "/Users/sunmuchao/Downloads/Her/.venv/lib/python3.12/site-packages/gunicorn/workers/base.py", line 136, in init_process
    self.load_wsgi()
  File "/Users/sunmuchao/Downloads/Her/.venv/lib/python3.12/site-packages/gunicorn/workers/base.py", line 148, in load_wsgi
    self.wsgi = self.app.wsgi()
                ^^^^^^^^^^^^^^^
  File "/Users/sunmuchao/Downloads/Her/.venv/lib/python3.12/site-packages/gunicorn/app/base.py", line 66, in wsgi
    self.callable = self.load()
                    ^^^^^^^^^^^
  File "/Users/sunmuchao/Downloads/Her/.venv/lib/python3.12/site-packages/gunicorn/app/wsgiapp.py", line 57, in load
    return self.load_wsgiapp()
           ^^^^^^^^^^^^^^^^^^^
  File "/Users/sunmuchao/Downloads/Her/.venv/lib/python3.12/site-packages/gunicorn/app/wsgiapp.py", line 47, in load_wsgiapp
    return util.import_app(self.app_uri)
           ^^^^^^^^^^^^^^^^^^^^^^^^^^^^^
  File "/Users/sunmuchao/Downloads/Her/.venv/lib/python3.12/site-packages/gunicorn/util.py", line 411, in import_app
    mod = importlib.import_module(module)
          ^^^^^^^^^^^^^^^^^^^^^^^^^^^^^^^
  File "/usr/local/Cellar/python@3.12/3.12.7_1/Frameworks/Python.framework/Versions/3.12/lib/python3.12/importlib/__init__.py", line 90, in import_module
    return _bootstrap._gcd_import(name[level:], package, level)
           ^^^^^^^^^^^^^^^^^^^^^^^^^^^^^^^^^^^^^^^^^^^^^^^^^^^^
  File "<frozen importlib._bootstrap>", line 1387, in _gcd_import
  File "<frozen importlib._bootstrap>", line 1360, in _find_and_load
  File "<frozen importlib._bootstrap>", line 1331, in _find_and_load_unlocked
  File "<frozen importlib._bootstrap>", line 935, in _load_unlocked
  File "<frozen importlib._bootstrap_external>", line 995, in exec_module
  File "<frozen importlib._bootstrap>", line 488, in _call_with_frames_removed
  File "/Users/sunmuchao/Downloads/Her/external-systems/partner-http-gateway/gateway/app.py", line 375, in <module>
    _default_gateway = PartnerGateway()
                       ^^^^^^^^^^^^^^^^
  File "/Users/sunmuchao/Downloads/Her/external-systems/partner-http-gateway/gateway/app.py", line 94, in __init__
    self._wechat_login_provider = _build_wechat_login_provider()
                                  ^^^^^^^^^^^^^^^^^^^^^^^^^^^^^^
  File "/Users/sunmuchao/Downloads/Her/external-systems/partner-http-gateway/gateway/auth_providers.py", line 412, in build_wechat_login_provider
    raise ValueError("HER_AUTH_WECHAT_STUB_CODES_JSON must be valid JSON") from exc
ValueError: HER_AUTH_WECHAT_STUB_CODES_JSON must be valid JSON
HER_AUTH_WECHAT_STUB_CODES_JSON must be valid JSON
[2026-05-30 11:43:08 +0800] [17327] [INFO] Worker exiting (pid: 17327)
[2026-05-30 11:43:08 +0800] [17326] [ERROR] Exception in worker process
Traceback (most recent call last):
  File "/Users/sunmuchao/Downloads/Her/external-systems/partner-http-gateway/gateway/auth_providers.py", line 410, in build_wechat_login_provider
    parsed = json.loads(stub_json or "{}")
             ^^^^^^^^^^^^^^^^^^^^^^^^^^^^^
  File "/usr/local/Cellar/python@3.12/3.12.7_1/Frameworks/Python.framework/Versions/3.12/lib/python3.12/json/__init__.py", line 346, in loads
    return _default_decoder.decode(s)
           ^^^^^^^^^^^^^^^^^^^^^^^^^^
  File "/usr/local/Cellar/python@3.12/3.12.7_1/Frameworks/Python.framework/Versions/3.12/lib/python3.12/json/decoder.py", line 337, in decode
    obj, end = self.raw_decode(s, idx=_w(s, 0).end())
               ^^^^^^^^^^^^^^^^^^^^^^^^^^^^^^^^^^^^^^
  File "/usr/local/Cellar/python@3.12/3.12.7_1/Frameworks/Python.framework/Versions/3.12/lib/python3.12/json/decoder.py", line 353, in raw_decode
    obj, end = self.scan_once(s, idx)
               ^^^^^^^^^^^^^^^^^^^^^^
json.decoder.JSONDecodeError: Expecting property name enclosed in double quotes: line 1 column 2 (char 1)

The above exception was the direct cause of the following exception:

Traceback (most recent call last):
  File "/Users/sunmuchao/Downloads/Her/.venv/lib/python3.12/site-packages/gunicorn/arbiter.py", line 713, in spawn_worker
    worker.init_process()
  File "/Users/sunmuchao/Downloads/Her/.venv/lib/python3.12/site-packages/gunicorn/workers/base.py", line 136, in init_process
    self.load_wsgi()
  File "/Users/sunmuchao/Downloads/Her/.venv/lib/python3.12/site-packages/gunicorn/workers/base.py", line 148, in load_wsgi
    self.wsgi = self.app.wsgi()
                ^^^^^^^^^^^^^^^
  File "/Users/sunmuchao/Downloads/Her/.venv/lib/python3.12/site-packages/gunicorn/app/base.py", line 66, in wsgi
    self.callable = self.load()
                    ^^^^^^^^^^^
  File "/Users/sunmuchao/Downloads/Her/.venv/lib/python3.12/site-packages/gunicorn/app/wsgiapp.py", line 57, in load
    return self.load_wsgiapp()
           ^^^^^^^^^^^^^^^^^^^
  File "/Users/sunmuchao/Downloads/Her/.venv/lib/python3.12/site-packages/gunicorn/app/wsgiapp.py", line 47, in load_wsgiapp
    return util.import_app(self.app_uri)
           ^^^^^^^^^^^^^^^^^^^^^^^^^^^^^
  File "/Users/sunmuchao/Downloads/Her/.venv/lib/python3.12/site-packages/gunicorn/util.py", line 411, in import_app
    mod = importlib.import_module(module)
          ^^^^^^^^^^^^^^^^^^^^^^^^^^^^^^^
  File "/usr/local/Cellar/python@3.12/3.12.7_1/Frameworks/Python.framework/Versions/3.12/lib/python3.12/importlib/__init__.py", line 90, in import_module
    return _bootstrap._gcd_import(name[level:], package, level)
           ^^^^^^^^^^^^^^^^^^^^^^^^^^^^^^^^^^^^^^^^^^^^^^^^^^^^
  File "<frozen importlib._bootstrap>", line 1387, in _gcd_import
  File "<frozen importlib._bootstrap>", line 1360, in _find_and_load
  File "<frozen importlib._bootstrap>", line 1331, in _find_and_load_unlocked
  File "<frozen importlib._bootstrap>", line 935, in _load_unlocked
  File "<frozen importlib._bootstrap_external>", line 995, in exec_module
  File "<frozen importlib._bootstrap>", line 488, in _call_with_frames_removed
  File "/Users/sunmuchao/Downloads/Her/external-systems/partner-http-gateway/gateway/app.py", line 375, in <module>
    _default_gateway = PartnerGateway()
                       ^^^^^^^^^^^^^^^^
  File "/Users/sunmuchao/Downloads/Her/external-systems/partner-http-gateway/gateway/app.py", line 94, in __init__
    self._wechat_login_provider = _build_wechat_login_provider()
                                  ^^^^^^^^^^^^^^^^^^^^^^^^^^^^^^
  File "/Users/sunmuchao/Downloads/Her/external-systems/partner-http-gateway/gateway/auth_providers.py", line 412, in build_wechat_login_provider
    raise ValueError("HER_AUTH_WECHAT_STUB_CODES_JSON must be valid JSON") from exc
ValueError: HER_AUTH_WECHAT_STUB_CODES_JSON must be valid JSON
HER_AUTH_WECHAT_STUB_CODES_JSON must be valid JSON
[2026-05-30 11:43:08 +0800] [17326] [INFO] Worker exiting (pid: 17326)
[2026-05-30 11:43:08 +0800] [17328] [ERROR] Exception in worker process
Traceback (most recent call last):
  File "/Users/sunmuchao/Downloads/Her/external-systems/partner-http-gateway/gateway/auth_providers.py", line 410, in build_wechat_login_provider
    parsed = json.loads(stub_json or "{}")
             ^^^^^^^^^^^^^^^^^^^^^^^^^^^^^
  File "/usr/local/Cellar/python@3.12/3.12.7_1/Frameworks/Python.framework/Versions/3.12/lib/python3.12/json/__init__.py", line 346, in loads
    return _default_decoder.decode(s)
           ^^^^^^^^^^^^^^^^^^^^^^^^^^
  File "/usr/local/Cellar/python@3.12/3.12.7_1/Frameworks/Python.framework/Versions/3.12/lib/python3.12/json/decoder.py", line 337, in decode
    obj, end = self.raw_decode(s, idx=_w(s, 0).end())
               ^^^^^^^^^^^^^^^^^^^^^^^^^^^^^^^^^^^^^^
  File "/usr/local/Cellar/python@3.12/3.12.7_1/Frameworks/Python.framework/Versions/3.12/lib/python3.12/json/decoder.py", line 353, in raw_decode
    obj, end = self.scan_once(s, idx)
               ^^^^^^^^^^^^^^^^^^^^^^
json.decoder.JSONDecodeError: Expecting property name enclosed in double quotes: line 1 column 2 (char 1)

The above exception was the direct cause of the following exception:

Traceback (most recent call last):
  File "/Users/sunmuchao/Downloads/Her/.venv/lib/python3.12/site-packages/gunicorn/arbiter.py", line 713, in spawn_worker
    worker.init_process()
  File "/Users/sunmuchao/Downloads/Her/.venv/lib/python3.12/site-packages/gunicorn/workers/base.py", line 136, in init_process
    self.load_wsgi()
  File "/Users/sunmuchao/Downloads/Her/.venv/lib/python3.12/site-packages/gunicorn/workers/base.py", line 148, in load_wsgi
    self.wsgi = self.app.wsgi()
                ^^^^^^^^^^^^^^^
  File "/Users/sunmuchao/Downloads/Her/.venv/lib/python3.12/site-packages/gunicorn/app/base.py", line 66, in wsgi
    self.callable = self.load()
                    ^^^^^^^^^^^
  File "/Users/sunmuchao/Downloads/Her/.venv/lib/python3.12/site-packages/gunicorn/app/wsgiapp.py", line 57, in load
    return self.load_wsgiapp()
           ^^^^^^^^^^^^^^^^^^^
  File "/Users/sunmuchao/Downloads/Her/.venv/lib/python3.12/site-packages/gunicorn/app/wsgiapp.py", line 47, in load_wsgiapp
    return util.import_app(self.app_uri)
           ^^^^^^^^^^^^^^^^^^^^^^^^^^^^^
  File "/Users/sunmuchao/Downloads/Her/.venv/lib/python3.12/site-packages/gunicorn/util.py", line 411, in import_app
    mod = importlib.import_module(module)
          ^^^^^^^^^^^^^^^^^^^^^^^^^^^^^^^
  File "/usr/local/Cellar/python@3.12/3.12.7_1/Frameworks/Python.framework/Versions/3.12/lib/python3.12/importlib/__init__.py", line 90, in import_module
    return _bootstrap._gcd_import(name[level:], package, level)
           ^^^^^^^^^^^^^^^^^^^^^^^^^^^^^^^^^^^^^^^^^^^^^^^^^^^^
  File "<frozen importlib._bootstrap>", line 1387, in _gcd_import
  File "<frozen importlib._bootstrap>", line 1360, in _find_and_load
  File "<frozen importlib._bootstrap>", line 1331, in _find_and_load_unlocked
  File "<frozen importlib._bootstrap>", line 935, in _load_unlocked
  File "<frozen importlib._bootstrap_external>", line 995, in exec_module
  File "<frozen importlib._bootstrap>", line 488, in _call_with_frames_removed
  File "/Users/sunmuchao/Downloads/Her/external-systems/partner-http-gateway/gateway/app.py", line 375, in <module>
    _default_gateway = PartnerGateway()
                       ^^^^^^^^^^^^^^^^
  File "/Users/sunmuchao/Downloads/Her/external-systems/partner-http-gateway/gateway/app.py", line 94, in __init__
    self._wechat_login_provider = _build_wechat_login_provider()
                                  ^^^^^^^^^^^^^^^^^^^^^^^^^^^^^^
  File "/Users/sunmuchao/Downloads/Her/external-systems/partner-http-gateway/gateway/auth_providers.py", line 412, in build_wechat_login_provider
    raise ValueError("HER_AUTH_WECHAT_STUB_CODES_JSON must be valid JSON") from exc
ValueError: HER_AUTH_WECHAT_STUB_CODES_JSON must be valid JSON
HER_AUTH_WECHAT_STUB_CODES_JSON must be valid JSON
[2026-05-30 11:43:08 +0800] [17328] [INFO] Worker exiting (pid: 17328)
[2026-05-30 11:43:08 +0800] [17330] [ERROR] Exception in worker process
Traceback (most recent call last):
  File "/Users/sunmuchao/Downloads/Her/external-systems/partner-http-gateway/gateway/auth_providers.py", line 410, in build_wechat_login_provider
    parsed = json.loads(stub_json or "{}")
             ^^^^^^^^^^^^^^^^^^^^^^^^^^^^^
  File "/usr/local/Cellar/python@3.12/3.12.7_1/Frameworks/Python.framework/Versions/3.12/lib/python3.12/json/__init__.py", line 346, in loads
    return _default_decoder.decode(s)
           ^^^^^^^^^^^^^^^^^^^^^^^^^^
  File "/usr/local/Cellar/python@3.12/3.12.7_1/Frameworks/Python.framework/Versions/3.12/lib/python3.12/json/decoder.py", line 337, in decode
    obj, end = self.raw_decode(s, idx=_w(s, 0).end())
               ^^^^^^^^^^^^^^^^^^^^^^^^^^^^^^^^^^^^^^
  File "/usr/local/Cellar/python@3.12/3.12.7_1/Frameworks/Python.framework/Versions/3.12/lib/python3.12/json/decoder.py", line 353, in raw_decode
    obj, end = self.scan_once(s, idx)
               ^^^^^^^^^^^^^^^^^^^^^^
json.decoder.JSONDecodeError: Expecting property name enclosed in double quotes: line 1 column 2 (char 1)

The above exception was the direct cause of the following exception:

Traceback (most recent call last):
  File "/Users/sunmuchao/Downloads/Her/.venv/lib/python3.12/site-packages/gunicorn/arbiter.py", line 713, in spawn_worker
    worker.init_process()
  File "/Users/sunmuchao/Downloads/Her/.venv/lib/python3.12/site-packages/gunicorn/workers/base.py", line 136, in init_process
    self.load_wsgi()
  File "/Users/sunmuchao/Downloads/Her/.venv/lib/python3.12/site-packages/gunicorn/workers/base.py", line 148, in load_wsgi
    self.wsgi = self.app.wsgi()
                ^^^^^^^^^^^^^^^
  File "/Users/sunmuchao/Downloads/Her/.venv/lib/python3.12/site-packages/gunicorn/app/base.py", line 66, in wsgi
    self.callable = self.load()
                    ^^^^^^^^^^^
  File "/Users/sunmuchao/Downloads/Her/.venv/lib/python3.12/site-packages/gunicorn/app/wsgiapp.py", line 57, in load
    return self.load_wsgiapp()
           ^^^^^^^^^^^^^^^^^^^
  File "/Users/sunmuchao/Downloads/Her/.venv/lib/python3.12/site-packages/gunicorn/app/wsgiapp.py", line 47, in load_wsgiapp
    return util.import_app(self.app_uri)
           ^^^^^^^^^^^^^^^^^^^^^^^^^^^^^
  File "/Users/sunmuchao/Downloads/Her/.venv/lib/python3.12/site-packages/gunicorn/util.py", line 411, in import_app
    mod = importlib.import_module(module)
          ^^^^^^^^^^^^^^^^^^^^^^^^^^^^^^^
  File "/usr/local/Cellar/python@3.12/3.12.7_1/Frameworks/Python.framework/Versions/3.12/lib/python3.12/importlib/__init__.py", line 90, in import_module
    return _bootstrap._gcd_import(name[level:], package, level)
           ^^^^^^^^^^^^^^^^^^^^^^^^^^^^^^^^^^^^^^^^^^^^^^^^^^^^
  File "<frozen importlib._bootstrap>", line 1387, in _gcd_import
  File "<frozen importlib._bootstrap>", line 1360, in _find_and_load
  File "<frozen importlib._bootstrap>", line 1331, in _find_and_load_unlocked
  File "<frozen importlib._bootstrap>", line 935, in _load_unlocked
  File "<frozen importlib._bootstrap_external>", line 995, in exec_module
  File "<frozen importlib._bootstrap>", line 488, in _call_with_frames_removed
  File "/Users/sunmuchao/Downloads/Her/external-systems/partner-http-gateway/gateway/app.py", line 375, in <module>
    _default_gateway = PartnerGateway()
                       ^^^^^^^^^^^^^^^^
  File "/Users/sunmuchao/Downloads/Her/external-systems/partner-http-gateway/gateway/app.py", line 94, in __init__
    self._wechat_login_provider = _build_wechat_login_provider()
                                  ^^^^^^^^^^^^^^^^^^^^^^^^^^^^^^
  File "/Users/sunmuchao/Downloads/Her/external-systems/partner-http-gateway/gateway/auth_providers.py", line 412, in build_wechat_login_provider
    raise ValueError("HER_AUTH_WECHAT_STUB_CODES_JSON must be valid JSON") from exc
ValueError: HER_AUTH_WECHAT_STUB_CODES_JSON must be valid JSON
HER_AUTH_WECHAT_STUB_CODES_JSON must be valid JSON
[2026-05-30 11:43:08 +0800] [17330] [INFO] Worker exiting (pid: 17330)
[2026-05-30 11:44:20 +0800] [17442] [INFO] Starting gunicorn 26.0.0
[2026-05-30 11:44:20 +0800] [17442] [INFO] Listening at: http://127.0.0.1:8765 (17442)
[2026-05-30 11:44:20 +0800] [17442] [INFO] Using worker: sync
[2026-05-30 11:44:20 +0800] [17444] [INFO] Booting worker with pid: 17444
[2026-05-30 11:44:20 +0800] [17445] [INFO] Booting worker with pid: 17445
[2026-05-30 11:44:20 +0800] [17446] [INFO] Booting worker with pid: 17446
[2026-05-30 11:44:20 +0800] [17447] [INFO] Booting worker with pid: 17447
[2026-05-30 11:44:20 +0800] [17448] [INFO] Booting worker with pid: 17448
[2026-05-30 11:44:20 +0800] [17449] [INFO] Booting worker with pid: 17449
[2026-05-30 11:44:20 +0800] [17450] [INFO] Booting worker with pid: 17450
[2026-05-30 11:44:20 +0800] [17451] [INFO] Booting worker with pid: 17451
[2026-05-30 11:44:20 +0800] [17452] [INFO] Booting worker with pid: 17452
[2026-05-30 11:44:20 +0800] [17453] [INFO] Booting worker with pid: 17453
[2026-05-30 11:44:21 +0800] [17454] [INFO] Booting worker with pid: 17454
[2026-05-30 11:44:21 +0800] [17455] [INFO] Booting worker with pid: 17455
[2026-05-30 11:44:21 +0800] [17456] [INFO] Booting worker with pid: 17456
[2026-05-30 11:44:21 +0800] [17457] [INFO] Booting worker with pid: 17457
[2026-05-30 11:44:21 +0800] [17458] [INFO] Booting worker with pid: 17458
[2026-05-30 11:44:21 +0800] [17459] [INFO] Booting worker with pid: 17459
[2026-05-30 11:44:21 +0800] [17460] [INFO] Booting worker with pid: 17460
[2026-05-30 11:44:21 +0800] [17461] [INFO] Booting worker with pid: 17461
[2026-05-30 11:44:21 +0800] [17462] [INFO] Booting worker with pid: 17462
[2026-05-30 11:44:21 +0800] [17464] [INFO] Booting worker with pid: 17464
[2026-05-30 11:44:21 +0800] [17465] [INFO] Booting worker with pid: 17465
[2026-05-30 11:44:21 +0800] [17466] [INFO] Booting worker with pid: 17466
[2026-05-30 11:44:21 +0800] [17467] [INFO] Booting worker with pid: 17467
[2026-05-30 11:44:21 +0800] [17468] [INFO] Booting worker with pid: 17468
[2026-05-30 11:44:21 +0800] [17469] [INFO] Booting worker with pid: 17469
[2026-05-30 11:44:22 +0800] [17442] [INFO] Control socket listening at /Users/sunmuchao/.gunicorn/gunicorn.ctl
[2026-05-30 11:45:32 +0800] [17442] [INFO] Handling signal: term
[2026-05-30 11:45:32 +0800] [17450] [INFO] Worker exiting (pid: 17450)
[2026-05-30 11:45:32 +0800] [17447] [INFO] Worker exiting (pid: 17447)
[2026-05-30 11:45:32 +0800] [17445] [INFO] Worker exiting (pid: 17445)
[2026-05-30 11:45:32 +0800] [17446] [INFO] Worker exiting (pid: 17446)
[2026-05-30 11:45:32 +0800] [17448] [INFO] Worker exiting (pid: 17448)
[2026-05-30 11:45:32 +0800] [17449] [INFO] Worker exiting (pid: 17449)
[2026-05-30 11:45:32 +0800] [17452] [INFO] Worker exiting (pid: 17452)
[2026-05-30 11:45:32 +0800] [17456] [INFO] Worker exiting (pid: 17456)
[2026-05-30 11:45:32 +0800] [17457] [INFO] Worker exiting (pid: 17457)
[2026-05-30 11:45:32 +0800] [17454] [INFO] Worker exiting (pid: 17454)
[2026-05-30 11:45:32 +0800] [17455] [INFO] Worker exiting (pid: 17455)
[2026-05-30 11:45:32 +0800] [17458] [INFO] Worker exiting (pid: 17458)
[2026-05-30 11:45:32 +0800] [17459] [INFO] Worker exiting (pid: 17459)
[2026-05-30 11:45:32 +0800] [17461] [INFO] Worker exiting (pid: 17461)
[2026-05-30 11:45:32 +0800] [17460] [INFO] Worker exiting (pid: 17460)
[2026-05-30 11:45:32 +0800] [17462] [INFO] Worker exiting (pid: 17462)
[2026-05-30 11:45:32 +0800] [17465] [INFO] Worker exiting (pid: 17465)
[2026-05-30 11:45:32 +0800] [17466] [INFO] Worker exiting (pid: 17466)
[2026-05-30 11:45:32 +0800] [17464] [INFO] Worker exiting (pid: 17464)
[2026-05-30 11:45:32 +0800] [17467] [INFO] Worker exiting (pid: 17467)
[2026-05-30 11:45:32 +0800] [17468] [INFO] Worker exiting (pid: 17468)
[2026-05-30 11:45:32 +0800] [17444] [INFO] Worker exiting (pid: 17444)
[2026-05-30 11:45:32 +0800] [17451] [INFO] Worker exiting (pid: 17451)
[2026-05-30 11:45:32 +0800] [17469] [INFO] Worker exiting (pid: 17469)
[2026-05-30 11:45:32 +0800] [17453] [INFO] Worker exiting (pid: 17453)
[2026-05-30 11:45:33 +0800] [17442] [INFO] Worker (pid:17469) was sent SIGTERM!
[2026-05-30 11:45:33 +0800] [17442] [INFO] Worker (pid:17468) was sent SIGTERM!
[2026-05-30 11:45:33 +0800] [17442] [INFO] Worker (pid:17467) was sent SIGTERM!
[2026-05-30 11:45:33 +0800] [17442] [INFO] Worker (pid:17466) was sent SIGTERM!
[2026-05-30 11:45:33 +0800] [17442] [INFO] Worker (pid:17465) was sent SIGTERM!
[2026-05-30 11:45:33 +0800] [17442] [INFO] Worker (pid:17464) was sent SIGTERM!
[2026-05-30 11:45:33 +0800] [17442] [INFO] Worker (pid:17462) was sent SIGTERM!
[2026-05-30 11:45:33 +0800] [17442] [INFO] Worker (pid:17461) was sent SIGTERM!
[2026-05-30 11:45:33 +0800] [17442] [INFO] Worker (pid:17460) was sent SIGTERM!
[2026-05-30 11:45:33 +0800] [17442] [INFO] Worker (pid:17459) was sent SIGTERM!
[2026-05-30 11:45:33 +0800] [17442] [INFO] Worker (pid:17458) was sent SIGTERM!
[2026-05-30 11:45:33 +0800] [17442] [INFO] Worker (pid:17457) was sent SIGTERM!
[2026-05-30 11:45:33 +0800] [17442] [INFO] Worker (pid:17456) was sent SIGTERM!
[2026-05-30 11:45:33 +0800] [17442] [INFO] Worker (pid:17455) was sent SIGTERM!
[2026-05-30 11:45:33 +0800] [17442] [INFO] Worker (pid:17454) was sent SIGTERM!
[2026-05-30 11:45:33 +0800] [17442] [INFO] Worker (pid:17453) was sent SIGTERM!
[2026-05-30 11:45:33 +0800] [17442] [INFO] Worker (pid:17452) was sent SIGTERM!
[2026-05-30 11:45:33 +0800] [17442] [INFO] Worker (pid:17451) was sent SIGTERM!
[2026-05-30 11:45:33 +0800] [17442] [INFO] Worker (pid:17450) was sent SIGTERM!
[2026-05-30 11:45:33 +0800] [17442] [INFO] Worker (pid:17449) was sent SIGTERM!
[2026-05-30 11:45:33 +0800] [17442] [INFO] Worker (pid:17448) was sent SIGTERM!
[2026-05-30 11:45:33 +0800] [17442] [INFO] Worker (pid:17447) was sent SIGTERM!
[2026-05-30 11:45:33 +0800] [17442] [INFO] Worker (pid:17446) was sent SIGTERM!
[2026-05-30 11:45:33 +0800] [17442] [INFO] Worker (pid:17445) was sent SIGTERM!
[2026-05-30 11:45:33 +0800] [17442] [INFO] Worker (pid:17444) was sent SIGTERM!
[2026-05-30 11:45:33 +0800] [17442] [INFO] Shutting down: Master
[2026-05-30 11:45:35 +0800] [17568] [INFO] Starting gunicorn 26.0.0
[2026-05-30 11:45:35 +0800] [17568] [INFO] Listening at: http://127.0.0.1:8765 (17568)
[2026-05-30 11:45:35 +0800] [17568] [INFO] Using worker: sync
[2026-05-30 11:45:35 +0800] [17570] [INFO] Booting worker with pid: 17570
[2026-05-30 11:45:35 +0800] [17571] [INFO] Booting worker with pid: 17571
[2026-05-30 11:45:35 +0800] [17572] [INFO] Booting worker with pid: 17572
[2026-05-30 11:45:35 +0800] [17573] [INFO] Booting worker with pid: 17573
[2026-05-30 11:45:35 +0800] [17574] [INFO] Booting worker with pid: 17574
[2026-05-30 11:45:35 +0800] [17575] [INFO] Booting worker with pid: 17575
[2026-05-30 11:45:35 +0800] [17576] [INFO] Booting worker with pid: 17576
[2026-05-30 11:45:35 +0800] [17577] [INFO] Booting worker with pid: 17577
[2026-05-30 11:45:35 +0800] [17578] [INFO] Booting worker with pid: 17578
[2026-05-30 11:45:35 +0800] [17581] [INFO] Booting worker with pid: 17581
[2026-05-30 11:45:35 +0800] [17582] [INFO] Booting worker with pid: 17582
[2026-05-30 11:45:35 +0800] [17583] [INFO] Booting worker with pid: 17583
[2026-05-30 11:45:35 +0800] [17584] [INFO] Booting worker with pid: 17584
[2026-05-30 11:45:36 +0800] [17585] [INFO] Booting worker with pid: 17585
[2026-05-30 11:45:36 +0800] [17586] [INFO] Booting worker with pid: 17586
[2026-05-30 11:45:36 +0800] [17587] [INFO] Booting worker with pid: 17587
[2026-05-30 11:45:36 +0800] [17588] [INFO] Booting worker with pid: 17588
[2026-05-30 11:45:36 +0800] [17589] [INFO] Booting worker with pid: 17589
[2026-05-30 11:45:36 +0800] [17590] [INFO] Booting worker with pid: 17590
[2026-05-30 11:45:36 +0800] [17591] [INFO] Booting worker with pid: 17591
[2026-05-30 11:45:36 +0800] [17592] [INFO] Booting worker with pid: 17592
[2026-05-30 11:45:36 +0800] [17593] [INFO] Booting worker with pid: 17593
[2026-05-30 11:45:36 +0800] [17594] [INFO] Booting worker with pid: 17594
[2026-05-30 11:45:36 +0800] [17595] [INFO] Booting worker with pid: 17595
[2026-05-30 11:45:36 +0800] [17596] [INFO] Booting worker with pid: 17596
[2026-05-30 11:45:36 +0800] [17568] [INFO] Control socket listening at /Users/sunmuchao/.gunicorn/gunicorn.ctl
[2026-05-30 11:46:11 +0800] [17568] [CRITICAL] WORKER TIMEOUT (pid:17570)
[2026-05-30 11:46:11 +0800] [17570] [ERROR] Error handling request GET /v1/profile/me?profile_id=2478
Traceback (most recent call last):
  File "/Users/sunmuchao/Downloads/Her/.venv/lib/python3.12/site-packages/gunicorn/workers/sync.py", line 141, in handle
    self.handle_request(listener, req, client, addr)
  File "/Users/sunmuchao/Downloads/Her/.venv/lib/python3.12/site-packages/gunicorn/workers/sync.py", line 184, in handle_request
    respiter = self.wsgi(environ, resp.start_response)
               ^^^^^^^^^^^^^^^^^^^^^^^^^^^^^^^^^^^^^^^
  File "/Users/sunmuchao/Downloads/Her/external-systems/partner-http-gateway/gateway/app.py", line 325, in __call__
    status_code, payload = self.dispatch_rest(environ)
                           ^^^^^^^^^^^^^^^^^^^^^^^^^^^
  File "/Users/sunmuchao/Downloads/Her/external-systems/partner-http-gateway/gateway/app.py", line 242, in dispatch_rest
    return dispatch_gateway_rest(self, environ)
           ^^^^^^^^^^^^^^^^^^^^^^^^^^^^^^^^^^^^
  File "/Users/sunmuchao/Downloads/Her/external-systems/partner-http-gateway/gateway/rest_dispatch.py", line 74, in dispatch_gateway_rest
    response = dispatcher(gateway, environ, method, path)
               ^^^^^^^^^^^^^^^^^^^^^^^^^^^^^^^^^^^^^^^^^^
  File "/Users/sunmuchao/Downloads/Her/external-systems/partner-http-gateway/gateway/collected_routes.py", line 125, in dispatch_collected_rest
    return rest_profile_me(gateway, environ)
           ^^^^^^^^^^^^^^^^^^^^^^^^^^^^^^^^^
  File "/Users/sunmuchao/Downloads/Her/external-systems/partner-http-gateway/gateway/collected_routes.py", line 78, in rest_profile_me
    row = get_profile(
          ^^^^^^^^^^^^
  File "/Users/sunmuchao/Downloads/Her/profile_service/api.py", line 287, in get_profile
    profile_conn = _connect_profile_db(source_dsn)
                   ^^^^^^^^^^^^^^^^^^^^^^^^^^^^^^^
  File "/Users/sunmuchao/Downloads/Her/profile_service/api.py", line 51, in _connect_profile_db
    raw = schema.mysql_database_connect(config)
          ^^^^^^^^^^^^^^^^^^^^^^^^^^^^^^^^^^^^^
  File "/Users/sunmuchao/Downloads/Her/outer_system_mysql_schema.py", line 161, in mysql_database_connect
    return pymysql.connect(
           ^^^^^^^^^^^^^^^^
  File "/Users/sunmuchao/Downloads/Her/.venv/lib/python3.12/site-packages/pymysql/connections.py", line 365, in __init__
    self.connect()
  File "/Users/sunmuchao/Downloads/Her/.venv/lib/python3.12/site-packages/pymysql/connections.py", line 681, in connect
    self._request_authentication()
  File "/Users/sunmuchao/Downloads/Her/.venv/lib/python3.12/site-packages/pymysql/connections.py", line 958, in _request_authentication
    auth_packet = self._read_packet()
                  ^^^^^^^^^^^^^^^^^^^
  File "/Users/sunmuchao/Downloads/Her/.venv/lib/python3.12/site-packages/pymysql/connections.py", line 751, in _read_packet
    packet_header = self._read_bytes(4)
                    ^^^^^^^^^^^^^^^^^^^
  File "/Users/sunmuchao/Downloads/Her/.venv/lib/python3.12/site-packages/pymysql/connections.py", line 789, in _read_bytes
    data = self._rfile.read(num_bytes)
           ^^^^^^^^^^^^^^^^^^^^^^^^^^^
  File "/usr/local/Cellar/python@3.12/3.12.7_1/Frameworks/Python.framework/Versions/3.12/lib/python3.12/socket.py", line 720, in readinto
    return self._sock.recv_into(b)
           ^^^^^^^^^^^^^^^^^^^^^^^
  File "/Users/sunmuchao/Downloads/Her/.venv/lib/python3.12/site-packages/gunicorn/workers/base.py", line 198, in handle_abort
    sys.exit(1)
SystemExit: 1
[2026-05-30 11:46:11 +0800] [17570] [INFO] Worker exiting (pid: 17570)
[2026-05-30 11:46:11 +0800] [17568] [INFO] Control socket listening at /Users/sunmuchao/.gunicorn/gunicorn.ctl
[2026-05-30 11:46:11 +0800] [17646] [INFO] Booting worker with pid: 17646
[2026-05-30 11:46:59 +0800] [17568] [CRITICAL] WORKER TIMEOUT (pid:17596)
[2026-05-30 11:46:59 +0800] [17596] [ERROR] Error handling request GET /v1/profile/me?profile_id=2478
Traceback (most recent call last):
  File "/Users/sunmuchao/Downloads/Her/.venv/lib/python3.12/site-packages/gunicorn/workers/sync.py", line 141, in handle
    self.handle_request(listener, req, client, addr)
  File "/Users/sunmuchao/Downloads/Her/.venv/lib/python3.12/site-packages/gunicorn/workers/sync.py", line 184, in handle_request
    respiter = self.wsgi(environ, resp.start_response)
               ^^^^^^^^^^^^^^^^^^^^^^^^^^^^^^^^^^^^^^^
  File "/Users/sunmuchao/Downloads/Her/external-systems/partner-http-gateway/gateway/app.py", line 325, in __call__
    status_code, payload = self.dispatch_rest(environ)
                           ^^^^^^^^^^^^^^^^^^^^^^^^^^^
  File "/Users/sunmuchao/Downloads/Her/external-systems/partner-http-gateway/gateway/app.py", line 242, in dispatch_rest
    return dispatch_gateway_rest(self, environ)
           ^^^^^^^^^^^^^^^^^^^^^^^^^^^^^^^^^^^^
  File "/Users/sunmuchao/Downloads/Her/external-systems/partner-http-gateway/gateway/rest_dispatch.py", line 74, in dispatch_gateway_rest
    response = dispatcher(gateway, environ, method, path)
               ^^^^^^^^^^^^^^^^^^^^^^^^^^^^^^^^^^^^^^^^^^
  File "/Users/sunmuchao/Downloads/Her/external-systems/partner-http-gateway/gateway/collected_routes.py", line 125, in dispatch_collected_rest
    return rest_profile_me(gateway, environ)
           ^^^^^^^^^^^^^^^^^^^^^^^^^^^^^^^^^
  File "/Users/sunmuchao/Downloads/Her/external-systems/partner-http-gateway/gateway/collected_routes.py", line 78, in rest_profile_me
    row = get_profile(
          ^^^^^^^^^^^^
  File "/Users/sunmuchao/Downloads/Her/profile_service/api.py", line 287, in get_profile
    profile_conn = _connect_profile_db(source_dsn)
                   ^^^^^^^^^^^^^^^^^^^^^^^^^^^^^^^
  File "/Users/sunmuchao/Downloads/Her/profile_service/api.py", line 51, in _connect_profile_db
    raw = schema.mysql_database_connect(config)
          ^^^^^^^^^^^^^^^^^^^^^^^^^^^^^^^^^^^^^
  File "/Users/sunmuchao/Downloads/Her/outer_system_mysql_schema.py", line 161, in mysql_database_connect
    return pymysql.connect(
           ^^^^^^^^^^^^^^^^
  File "/Users/sunmuchao/Downloads/Her/.venv/lib/python3.12/site-packages/pymysql/connections.py", line 365, in __init__
    self.connect()
  File "/Users/sunmuchao/Downloads/Her/.venv/lib/python3.12/site-packages/pymysql/connections.py", line 681, in connect
    self._request_authentication()
  File "/Users/sunmuchao/Downloads/Her/.venv/lib/python3.12/site-packages/pymysql/connections.py", line 958, in _request_authentication
    auth_packet = self._read_packet()
                  ^^^^^^^^^^^^^^^^^^^
  File "/Users/sunmuchao/Downloads/Her/.venv/lib/python3.12/site-packages/pymysql/connections.py", line 751, in _read_packet
    packet_header = self._read_bytes(4)
                    ^^^^^^^^^^^^^^^^^^^
  File "/Users/sunmuchao/Downloads/Her/.venv/lib/python3.12/site-packages/pymysql/connections.py", line 789, in _read_bytes
    data = self._rfile.read(num_bytes)
           ^^^^^^^^^^^^^^^^^^^^^^^^^^^
  File "/usr/local/Cellar/python@3.12/3.12.7_1/Frameworks/Python.framework/Versions/3.12/lib/python3.12/socket.py", line 720, in readinto
    return self._sock.recv_into(b)
           ^^^^^^^^^^^^^^^^^^^^^^^
  File "/Users/sunmuchao/Downloads/Her/.venv/lib/python3.12/site-packages/gunicorn/workers/base.py", line 198, in handle_abort
    sys.exit(1)
SystemExit: 1
[2026-05-30 11:46:59 +0800] [17596] [INFO] Worker exiting (pid: 17596)
[2026-05-30 11:46:59 +0800] [17568] [INFO] Control socket listening at /Users/sunmuchao/.gunicorn/gunicorn.ctl
[2026-05-30 11:46:59 +0800] [17698] [INFO] Booting worker with pid: 17698
[2026-05-30 11:48:30 +0800] [17568] [CRITICAL] WORKER TIMEOUT (pid:17585)
[2026-05-30 11:48:30 +0800] [17585] [ERROR] Error handling request GET /v1/profile/me?profile_id=2478
Traceback (most recent call last):
  File "/Users/sunmuchao/Downloads/Her/.venv/lib/python3.12/site-packages/gunicorn/workers/sync.py", line 141, in handle
    self.handle_request(listener, req, client, addr)
  File "/Users/sunmuchao/Downloads/Her/.venv/lib/python3.12/site-packages/gunicorn/workers/sync.py", line 184, in handle_request
    respiter = self.wsgi(environ, resp.start_response)
               ^^^^^^^^^^^^^^^^^^^^^^^^^^^^^^^^^^^^^^^
  File "/Users/sunmuchao/Downloads/Her/external-systems/partner-http-gateway/gateway/app.py", line 325, in __call__
    status_code, payload = self.dispatch_rest(environ)
                           ^^^^^^^^^^^^^^^^^^^^^^^^^^^
  File "/Users/sunmuchao/Downloads/Her/external-systems/partner-http-gateway/gateway/app.py", line 242, in dispatch_rest
    return dispatch_gateway_rest(self, environ)
           ^^^^^^^^^^^^^^^^^^^^^^^^^^^^^^^^^^^^
  File "/Users/sunmuchao/Downloads/Her/external-systems/partner-http-gateway/gateway/rest_dispatch.py", line 74, in dispatch_gateway_rest
    response = dispatcher(gateway, environ, method, path)
               ^^^^^^^^^^^^^^^^^^^^^^^^^^^^^^^^^^^^^^^^^^
  File "/Users/sunmuchao/Downloads/Her/external-systems/partner-http-gateway/gateway/collected_routes.py", line 125, in dispatch_collected_rest
    return rest_profile_me(gateway, environ)
           ^^^^^^^^^^^^^^^^^^^^^^^^^^^^^^^^^
  File "/Users/sunmuchao/Downloads/Her/external-systems/partner-http-gateway/gateway/collected_routes.py", line 78, in rest_profile_me
    row = get_profile(
          ^^^^^^^^^^^^
  File "/Users/sunmuchao/Downloads/Her/profile_service/api.py", line 287, in get_profile
    profile_conn = _connect_profile_db(source_dsn)
                   ^^^^^^^^^^^^^^^^^^^^^^^^^^^^^^^
  File "/Users/sunmuchao/Downloads/Her/profile_service/api.py", line 51, in _connect_profile_db
    raw = schema.mysql_database_connect(config)
          ^^^^^^^^^^^^^^^^^^^^^^^^^^^^^^^^^^^^^
  File "/Users/sunmuchao/Downloads/Her/outer_system_mysql_schema.py", line 161, in mysql_database_connect
    return pymysql.connect(
           ^^^^^^^^^^^^^^^^
  File "/Users/sunmuchao/Downloads/Her/.venv/lib/python3.12/site-packages/pymysql/connections.py", line 365, in __init__
    self.connect()
  File "/Users/sunmuchao/Downloads/Her/.venv/lib/python3.12/site-packages/pymysql/connections.py", line 681, in connect
    self._request_authentication()
  File "/Users/sunmuchao/Downloads/Her/.venv/lib/python3.12/site-packages/pymysql/connections.py", line 958, in _request_authentication
    auth_packet = self._read_packet()
                  ^^^^^^^^^^^^^^^^^^^
  File "/Users/sunmuchao/Downloads/Her/.venv/lib/python3.12/site-packages/pymysql/connections.py", line 751, in _read_packet
    packet_header = self._read_bytes(4)
                    ^^^^^^^^^^^^^^^^^^^
  File "/Users/sunmuchao/Downloads/Her/.venv/lib/python3.12/site-packages/pymysql/connections.py", line 789, in _read_bytes
    data = self._rfile.read(num_bytes)
           ^^^^^^^^^^^^^^^^^^^^^^^^^^^
  File "/usr/local/Cellar/python@3.12/3.12.7_1/Frameworks/Python.framework/Versions/3.12/lib/python3.12/socket.py", line 720, in readinto
    return self._sock.recv_into(b)
           ^^^^^^^^^^^^^^^^^^^^^^^
  File "/Users/sunmuchao/Downloads/Her/.venv/lib/python3.12/site-packages/gunicorn/workers/base.py", line 198, in handle_abort
    sys.exit(1)
SystemExit: 1
[2026-05-30 11:48:30 +0800] [17585] [INFO] Worker exiting (pid: 17585)
[2026-05-30 11:48:30 +0800] [17568] [INFO] Control socket listening at /Users/sunmuchao/.gunicorn/gunicorn.ctl
[2026-05-30 11:48:30 +0800] [17799] [INFO] Booting worker with pid: 17799
[2026-05-30 11:49:01 +0800] [17568] [CRITICAL] WORKER TIMEOUT (pid:17582)
[2026-05-30 11:49:01 +0800] [17582] [ERROR] Error handling request GET /v1/persona/collected?profile_id=2478
Traceback (most recent call last):
  File "/Users/sunmuchao/Downloads/Her/.venv/lib/python3.12/site-packages/gunicorn/workers/sync.py", line 141, in handle
    self.handle_request(listener, req, client, addr)
  File "/Users/sunmuchao/Downloads/Her/.venv/lib/python3.12/site-packages/gunicorn/workers/sync.py", line 184, in handle_request
    respiter = self.wsgi(environ, resp.start_response)
               ^^^^^^^^^^^^^^^^^^^^^^^^^^^^^^^^^^^^^^^
  File "/Users/sunmuchao/Downloads/Her/external-systems/partner-http-gateway/gateway/app.py", line 325, in __call__
    status_code, payload = self.dispatch_rest(environ)
                           ^^^^^^^^^^^^^^^^^^^^^^^^^^^
  File "/Users/sunmuchao/Downloads/Her/external-systems/partner-http-gateway/gateway/app.py", line 242, in dispatch_rest
    return dispatch_gateway_rest(self, environ)
           ^^^^^^^^^^^^^^^^^^^^^^^^^^^^^^^^^^^^
  File "/Users/sunmuchao/Downloads/Her/external-systems/partner-http-gateway/gateway/rest_dispatch.py", line 74, in dispatch_gateway_rest
    response = dispatcher(gateway, environ, method, path)
               ^^^^^^^^^^^^^^^^^^^^^^^^^^^^^^^^^^^^^^^^^^
  File "/Users/sunmuchao/Downloads/Her/external-systems/partner-http-gateway/gateway/collected_routes.py", line 127, in dispatch_collected_rest
    return rest_persona_collected(gateway, environ)
           ^^^^^^^^^^^^^^^^^^^^^^^^^^^^^^^^^^^^^^^^
  File "/Users/sunmuchao/Downloads/Her/external-systems/partner-http-gateway/gateway/collected_routes.py", line 103, in rest_persona_collected
    bundle = load_collected_bundle(source=source, user_key=str(profile_id))
             ^^^^^^^^^^^^^^^^^^^^^^^^^^^^^^^^^^^^^^^^^^^^^^^^^^^^^^^^^^^^^^
  File "/Users/sunmuchao/Downloads/Her/match_domain/persona_loader.py", line 175, in load_collected_bundle
    persona = load_persona_row(source=source, user_key=user_key) or {}
              ^^^^^^^^^^^^^^^^^^^^^^^^^^^^^^^^^^^^^^^^^^^^^^^^^^
  File "/Users/sunmuchao/Downloads/Her/match_domain/persona_loader.py", line 20, in load_persona_row
    conn = mysql_connect(source)
           ^^^^^^^^^^^^^^^^^^^^^
  File "/Users/sunmuchao/Downloads/Her/persona_memory_sync/persona_memory_lib.py", line 631, in mysql_connect
    return pymysql.connect(**kwargs)
           ^^^^^^^^^^^^^^^^^^^^^^^^^
  File "/Users/sunmuchao/Downloads/Her/.venv/lib/python3.12/site-packages/pymysql/connections.py", line 365, in __init__
    self.connect()
  File "/Users/sunmuchao/Downloads/Her/.venv/lib/python3.12/site-packages/pymysql/connections.py", line 681, in connect
    self._request_authentication()
  File "/Users/sunmuchao/Downloads/Her/.venv/lib/python3.12/site-packages/pymysql/connections.py", line 958, in _request_authentication
    auth_packet = self._read_packet()
                  ^^^^^^^^^^^^^^^^^^^
  File "/Users/sunmuchao/Downloads/Her/.venv/lib/python3.12/site-packages/pymysql/connections.py", line 751, in _read_packet
    packet_header = self._read_bytes(4)
                    ^^^^^^^^^^^^^^^^^^^
  File "/Users/sunmuchao/Downloads/Her/.venv/lib/python3.12/site-packages/pymysql/connections.py", line 789, in _read_bytes
    data = self._rfile.read(num_bytes)
           ^^^^^^^^^^^^^^^^^^^^^^^^^^^
  File "/usr/local/Cellar/python@3.12/3.12.7_1/Frameworks/Python.framework/Versions/3.12/lib/python3.12/socket.py", line 720, in readinto
    return self._sock.recv_into(b)
           ^^^^^^^^^^^^^^^^^^^^^^^
  File "/Users/sunmuchao/Downloads/Her/.venv/lib/python3.12/site-packages/gunicorn/workers/base.py", line 198, in handle_abort
    sys.exit(1)
SystemExit: 1
[2026-05-30 11:49:01 +0800] [17582] [INFO] Worker exiting (pid: 17582)
[2026-05-30 11:49:01 +0800] [17568] [INFO] Control socket listening at /Users/sunmuchao/.gunicorn/gunicorn.ctl
[2026-05-30 11:49:01 +0800] [17827] [INFO] Booting worker with pid: 17827
[2026-05-30 11:50:17 +0800] [17568] [INFO] Handling signal: term
[2026-05-30 11:50:17 +0800] [17573] [INFO] Worker exiting (pid: 17573)
[2026-05-30 11:50:17 +0800] [17572] [INFO] Worker exiting (pid: 17572)
[2026-05-30 11:50:17 +0800] [17576] [INFO] Worker exiting (pid: 17576)
[2026-05-30 11:50:17 +0800] [17571] [INFO] Worker exiting (pid: 17571)
[2026-05-30 11:50:17 +0800] [17574] [INFO] Worker exiting (pid: 17574)
[2026-05-30 11:50:17 +0800] [17577] [INFO] Worker exiting (pid: 17577)
[2026-05-30 11:50:17 +0800] [17581] [INFO] Worker exiting (pid: 17581)
[2026-05-30 11:50:17 +0800] [17575] [INFO] Worker exiting (pid: 17575)
[2026-05-30 11:50:17 +0800] [17578] [INFO] Worker exiting (pid: 17578)
[2026-05-30 11:50:17 +0800] [17583] [INFO] Worker exiting (pid: 17583)
[2026-05-30 11:50:17 +0800] [17586] [INFO] Worker exiting (pid: 17586)
[2026-05-30 11:50:17 +0800] [17584] [INFO] Worker exiting (pid: 17584)
[2026-05-30 11:50:17 +0800] [17590] [INFO] Worker exiting (pid: 17590)
[2026-05-30 11:50:17 +0800] [17591] [INFO] Worker exiting (pid: 17591)
[2026-05-30 11:50:17 +0800] [17593] [INFO] Worker exiting (pid: 17593)
[2026-05-30 11:50:17 +0800] [17589] [INFO] Worker exiting (pid: 17589)
[2026-05-30 11:50:17 +0800] [17587] [INFO] Worker exiting (pid: 17587)
[2026-05-30 11:50:17 +0800] [17698] [INFO] Worker exiting (pid: 17698)
[2026-05-30 11:50:17 +0800] [17646] [INFO] Worker exiting (pid: 17646)
[2026-05-30 11:50:17 +0800] [17827] [INFO] Worker exiting (pid: 17827)
[2026-05-30 11:50:17 +0800] [17799] [INFO] Worker exiting (pid: 17799)
[2026-05-30 11:50:17 +0800] [17588] [INFO] Worker exiting (pid: 17588)
[2026-05-30 11:50:17 +0800] [17592] [INFO] Worker exiting (pid: 17592)
[2026-05-30 11:50:17 +0800] [17594] [INFO] Worker exiting (pid: 17594)
[2026-05-30 11:50:17 +0800] [17595] [INFO] Worker exiting (pid: 17595)
[2026-05-30 11:50:17 +0800] [17568] [INFO] Worker (pid:17799) was sent SIGTERM!
[2026-05-30 11:50:17 +0800] [17568] [INFO] Worker (pid:17827) was sent SIGTERM!
[2026-05-30 11:50:17 +0800] [17568] [INFO] Worker (pid:17698) was sent SIGTERM!
[2026-05-30 11:50:17 +0800] [17568] [INFO] Worker (pid:17646) was sent SIGTERM!
[2026-05-30 11:50:17 +0800] [17568] [INFO] Worker (pid:17595) was sent SIGTERM!
[2026-05-30 11:50:17 +0800] [17568] [INFO] Worker (pid:17594) was sent SIGTERM!
[2026-05-30 11:50:17 +0800] [17568] [INFO] Worker (pid:17593) was sent SIGTERM!
[2026-05-30 11:50:17 +0800] [17568] [INFO] Worker (pid:17592) was sent SIGTERM!
[2026-05-30 11:50:17 +0800] [17568] [INFO] Worker (pid:17591) was sent SIGTERM!
[2026-05-30 11:50:17 +0800] [17568] [INFO] Worker (pid:17590) was sent SIGTERM!
[2026-05-30 11:50:17 +0800] [17568] [INFO] Worker (pid:17589) was sent SIGTERM!
[2026-05-30 11:50:17 +0800] [17568] [INFO] Worker (pid:17588) was sent SIGTERM!
[2026-05-30 11:50:17 +0800] [17568] [INFO] Worker (pid:17587) was sent SIGTERM!
[2026-05-30 11:50:17 +0800] [17568] [INFO] Worker (pid:17586) was sent SIGTERM!
[2026-05-30 11:50:17 +0800] [17568] [INFO] Worker (pid:17584) was sent SIGTERM!
[2026-05-30 11:50:17 +0800] [17568] [INFO] Worker (pid:17583) was sent SIGTERM!
[2026-05-30 11:50:17 +0800] [17568] [INFO] Worker (pid:17581) was sent SIGTERM!
[2026-05-30 11:50:17 +0800] [17568] [INFO] Worker (pid:17578) was sent SIGTERM!
[2026-05-30 11:50:17 +0800] [17568] [INFO] Worker (pid:17577) was sent SIGTERM!
[2026-05-30 11:50:17 +0800] [17568] [INFO] Worker (pid:17576) was sent SIGTERM!
[2026-05-30 11:50:17 +0800] [17568] [INFO] Worker (pid:17575) was sent SIGTERM!
[2026-05-30 11:50:17 +0800] [17568] [INFO] Worker (pid:17574) was sent SIGTERM!
[2026-05-30 11:50:17 +0800] [17568] [INFO] Worker (pid:17573) was sent SIGTERM!
[2026-05-30 11:50:17 +0800] [17568] [INFO] Worker (pid:17572) was sent SIGTERM!
[2026-05-30 11:50:17 +0800] [17568] [INFO] Worker (pid:17571) was sent SIGTERM!
[2026-05-30 11:50:18 +0800] [17568] [INFO] Shutting down: Master
[2026-05-30 11:50:21 +0800] [17930] [INFO] Starting gunicorn 26.0.0
[2026-05-30 11:50:21 +0800] [17930] [INFO] Listening at: http://127.0.0.1:8765 (17930)
[2026-05-30 11:50:21 +0800] [17930] [INFO] Using worker: sync
[2026-05-30 11:50:21 +0800] [17932] [INFO] Booting worker with pid: 17932
[2026-05-30 11:50:21 +0800] [17933] [INFO] Booting worker with pid: 17933
[2026-05-30 11:50:21 +0800] [17934] [INFO] Booting worker with pid: 17934
[2026-05-30 11:50:21 +0800] [17935] [INFO] Booting worker with pid: 17935
[2026-05-30 11:50:21 +0800] [17936] [INFO] Booting worker with pid: 17936
[2026-05-30 11:50:21 +0800] [17937] [INFO] Booting worker with pid: 17937
[2026-05-30 11:50:21 +0800] [17938] [INFO] Booting worker with pid: 17938
[2026-05-30 11:50:21 +0800] [17939] [INFO] Booting worker with pid: 17939
[2026-05-30 11:50:21 +0800] [17940] [INFO] Booting worker with pid: 17940
[2026-05-30 11:50:21 +0800] [17941] [INFO] Booting worker with pid: 17941
[2026-05-30 11:50:21 +0800] [17942] [INFO] Booting worker with pid: 17942
[2026-05-30 11:50:21 +0800] [17943] [INFO] Booting worker with pid: 17943
[2026-05-30 11:50:21 +0800] [17944] [INFO] Booting worker with pid: 17944
[2026-05-30 11:50:21 +0800] [17945] [INFO] Booting worker with pid: 17945
[2026-05-30 11:50:21 +0800] [17946] [INFO] Booting worker with pid: 17946
[2026-05-30 11:50:21 +0800] [17947] [INFO] Booting worker with pid: 17947
[2026-05-30 11:50:21 +0800] [17948] [INFO] Booting worker with pid: 17948
[2026-05-30 11:50:21 +0800] [17949] [INFO] Booting worker with pid: 17949
[2026-05-30 11:50:21 +0800] [17950] [INFO] Booting worker with pid: 17950
[2026-05-30 11:50:22 +0800] [17951] [INFO] Booting worker with pid: 17951
[2026-05-30 11:50:22 +0800] [17952] [INFO] Booting worker with pid: 17952
[2026-05-30 11:50:22 +0800] [17953] [INFO] Booting worker with pid: 17953
[2026-05-30 11:50:22 +0800] [17954] [INFO] Booting worker with pid: 17954
[2026-05-30 11:50:22 +0800] [17955] [INFO] Booting worker with pid: 17955
[2026-05-30 11:50:22 +0800] [17956] [INFO] Booting worker with pid: 17956
[2026-05-30 11:50:22 +0800] [17930] [INFO] Control socket listening at /Users/sunmuchao/.gunicorn/gunicorn.ctl
[2026-05-30 11:51:45 +0800] [17930] [CRITICAL] WORKER TIMEOUT (pid:17934)
[2026-05-30 11:51:45 +0800] [17934] [ERROR] Error handling request GET /v1/profile/me?profile_id=2478
Traceback (most recent call last):
  File "/Users/sunmuchao/Downloads/Her/.venv/lib/python3.12/site-packages/gunicorn/workers/sync.py", line 141, in handle
    self.handle_request(listener, req, client, addr)
  File "/Users/sunmuchao/Downloads/Her/.venv/lib/python3.12/site-packages/gunicorn/workers/sync.py", line 184, in handle_request
    respiter = self.wsgi(environ, resp.start_response)
               ^^^^^^^^^^^^^^^^^^^^^^^^^^^^^^^^^^^^^^^
  File "/Users/sunmuchao/Downloads/Her/external-systems/partner-http-gateway/gateway/app.py", line 325, in __call__
    status_code, payload = self.dispatch_rest(environ)
                           ^^^^^^^^^^^^^^^^^^^^^^^^^^^
  File "/Users/sunmuchao/Downloads/Her/external-systems/partner-http-gateway/gateway/app.py", line 242, in dispatch_rest
    return dispatch_gateway_rest(self, environ)
           ^^^^^^^^^^^^^^^^^^^^^^^^^^^^^^^^^^^^
  File "/Users/sunmuchao/Downloads/Her/external-systems/partner-http-gateway/gateway/rest_dispatch.py", line 74, in dispatch_gateway_rest
    response = dispatcher(gateway, environ, method, path)
               ^^^^^^^^^^^^^^^^^^^^^^^^^^^^^^^^^^^^^^^^^^
  File "/Users/sunmuchao/Downloads/Her/external-systems/partner-http-gateway/gateway/collected_routes.py", line 125, in dispatch_collected_rest
    return rest_profile_me(gateway, environ)
           ^^^^^^^^^^^^^^^^^^^^^^^^^^^^^^^^^
  File "/Users/sunmuchao/Downloads/Her/external-systems/partner-http-gateway/gateway/collected_routes.py", line 78, in rest_profile_me
    row = get_profile(
          ^^^^^^^^^^^^
  File "/Users/sunmuchao/Downloads/Her/profile_service/api.py", line 287, in get_profile
    profile_conn = _connect_profile_db(source_dsn)
                   ^^^^^^^^^^^^^^^^^^^^^^^^^^^^^^^
  File "/Users/sunmuchao/Downloads/Her/profile_service/api.py", line 51, in _connect_profile_db
    raw = schema.mysql_database_connect(config)
          ^^^^^^^^^^^^^^^^^^^^^^^^^^^^^^^^^^^^^
  File "/Users/sunmuchao/Downloads/Her/outer_system_mysql_schema.py", line 161, in mysql_database_connect
    return pymysql.connect(
           ^^^^^^^^^^^^^^^^
  File "/Users/sunmuchao/Downloads/Her/.venv/lib/python3.12/site-packages/pymysql/connections.py", line 365, in __init__
    self.connect()
  File "/Users/sunmuchao/Downloads/Her/.venv/lib/python3.12/site-packages/pymysql/connections.py", line 681, in connect
    self._request_authentication()
  File "/Users/sunmuchao/Downloads/Her/.venv/lib/python3.12/site-packages/pymysql/connections.py", line 958, in _request_authentication
    auth_packet = self._read_packet()
                  ^^^^^^^^^^^^^^^^^^^
  File "/Users/sunmuchao/Downloads/Her/.venv/lib/python3.12/site-packages/pymysql/connections.py", line 751, in _read_packet
    packet_header = self._read_bytes(4)
                    ^^^^^^^^^^^^^^^^^^^
  File "/Users/sunmuchao/Downloads/Her/.venv/lib/python3.12/site-packages/pymysql/connections.py", line 789, in _read_bytes
    data = self._rfile.read(num_bytes)
           ^^^^^^^^^^^^^^^^^^^^^^^^^^^
  File "/usr/local/Cellar/python@3.12/3.12.7_1/Frameworks/Python.framework/Versions/3.12/lib/python3.12/socket.py", line 720, in readinto
    return self._sock.recv_into(b)
           ^^^^^^^^^^^^^^^^^^^^^^^
  File "/Users/sunmuchao/Downloads/Her/.venv/lib/python3.12/site-packages/gunicorn/workers/base.py", line 198, in handle_abort
    sys.exit(1)
SystemExit: 1
[2026-05-30 11:51:45 +0800] [17934] [INFO] Worker exiting (pid: 17934)
[2026-05-30 11:51:45 +0800] [17930] [INFO] Control socket listening at /Users/sunmuchao/.gunicorn/gunicorn.ctl
[2026-05-30 11:51:45 +0800] [18029] [INFO] Booting worker with pid: 18029
[2026-05-30 11:52:46 +0800] [17930] [CRITICAL] WORKER TIMEOUT (pid:17939)
[2026-05-30 11:52:46 +0800] [17939] [ERROR] Error handling request GET /v1/persona/collected?profile_id=2478
Traceback (most recent call last):
  File "/Users/sunmuchao/Downloads/Her/.venv/lib/python3.12/site-packages/gunicorn/workers/sync.py", line 141, in handle
    self.handle_request(listener, req, client, addr)
  File "/Users/sunmuchao/Downloads/Her/.venv/lib/python3.12/site-packages/gunicorn/workers/sync.py", line 184, in handle_request
    respiter = self.wsgi(environ, resp.start_response)
               ^^^^^^^^^^^^^^^^^^^^^^^^^^^^^^^^^^^^^^^
  File "/Users/sunmuchao/Downloads/Her/external-systems/partner-http-gateway/gateway/app.py", line 325, in __call__
    status_code, payload = self.dispatch_rest(environ)
                           ^^^^^^^^^^^^^^^^^^^^^^^^^^^
  File "/Users/sunmuchao/Downloads/Her/external-systems/partner-http-gateway/gateway/app.py", line 242, in dispatch_rest
    return dispatch_gateway_rest(self, environ)
           ^^^^^^^^^^^^^^^^^^^^^^^^^^^^^^^^^^^^
  File "/Users/sunmuchao/Downloads/Her/external-systems/partner-http-gateway/gateway/rest_dispatch.py", line 74, in dispatch_gateway_rest
    response = dispatcher(gateway, environ, method, path)
               ^^^^^^^^^^^^^^^^^^^^^^^^^^^^^^^^^^^^^^^^^^
  File "/Users/sunmuchao/Downloads/Her/external-systems/partner-http-gateway/gateway/collected_routes.py", line 127, in dispatch_collected_rest
    return rest_persona_collected(gateway, environ)
           ^^^^^^^^^^^^^^^^^^^^^^^^^^^^^^^^^^^^^^^^
  File "/Users/sunmuchao/Downloads/Her/external-systems/partner-http-gateway/gateway/collected_routes.py", line 103, in rest_persona_collected
    bundle = load_collected_bundle(source=source, user_key=str(profile_id))
             ^^^^^^^^^^^^^^^^^^^^^^^^^^^^^^^^^^^^^^^^^^^^^^^^^^^^^^^^^^^^^^
  File "/Users/sunmuchao/Downloads/Her/match_domain/persona_loader.py", line 175, in load_collected_bundle
    persona = load_persona_row(source=source, user_key=user_key) or {}
              ^^^^^^^^^^^^^^^^^^^^^^^^^^^^^^^^^^^^^^^^^^^^^^^^^^
  File "/Users/sunmuchao/Downloads/Her/match_domain/persona_loader.py", line 20, in load_persona_row
    conn = mysql_connect(source)
           ^^^^^^^^^^^^^^^^^^^^^
  File "/Users/sunmuchao/Downloads/Her/persona_memory_sync/persona_memory_lib.py", line 631, in mysql_connect
    return pymysql.connect(**kwargs)
           ^^^^^^^^^^^^^^^^^^^^^^^^^
  File "/Users/sunmuchao/Downloads/Her/.venv/lib/python3.12/site-packages/pymysql/connections.py", line 365, in __init__
    self.connect()
  File "/Users/sunmuchao/Downloads/Her/.venv/lib/python3.12/site-packages/pymysql/connections.py", line 681, in connect
    self._request_authentication()
  File "/Users/sunmuchao/Downloads/Her/.venv/lib/python3.12/site-packages/pymysql/connections.py", line 958, in _request_authentication
    auth_packet = self._read_packet()
                  ^^^^^^^^^^^^^^^^^^^
  File "/Users/sunmuchao/Downloads/Her/.venv/lib/python3.12/site-packages/pymysql/connections.py", line 751, in _read_packet
    packet_header = self._read_bytes(4)
                    ^^^^^^^^^^^^^^^^^^^
  File "/Users/sunmuchao/Downloads/Her/.venv/lib/python3.12/site-packages/pymysql/connections.py", line 789, in _read_bytes
    data = self._rfile.read(num_bytes)
           ^^^^^^^^^^^^^^^^^^^^^^^^^^^
  File "/usr/local/Cellar/python@3.12/3.12.7_1/Frameworks/Python.framework/Versions/3.12/lib/python3.12/socket.py", line 720, in readinto
    return self._sock.recv_into(b)
           ^^^^^^^^^^^^^^^^^^^^^^^
  File "/Users/sunmuchao/Downloads/Her/.venv/lib/python3.12/site-packages/gunicorn/workers/base.py", line 198, in handle_abort
    sys.exit(1)
SystemExit: 1
[2026-05-30 11:52:46 +0800] [17939] [INFO] Worker exiting (pid: 17939)
[2026-05-30 11:52:46 +0800] [17930] [INFO] Control socket listening at /Users/sunmuchao/.gunicorn/gunicorn.ctl
[2026-05-30 11:52:46 +0800] [18092] [INFO] Booting worker with pid: 18092
[2026-05-30 11:53:02 +0800] [17930] [CRITICAL] WORKER TIMEOUT (pid:17940)
[2026-05-30 11:53:02 +0800] [17930] [CRITICAL] WORKER TIMEOUT (pid:17955)
[2026-05-30 11:53:02 +0800] [17955] [ERROR] Error handling request GET /v1/persona/collected?profile_id=2478
Traceback (most recent call last):
  File "/Users/sunmuchao/Downloads/Her/.venv/lib/python3.12/site-packages/gunicorn/workers/sync.py", line 141, in handle
    self.handle_request(listener, req, client, addr)
  File "/Users/sunmuchao/Downloads/Her/.venv/lib/python3.12/site-packages/gunicorn/workers/sync.py", line 184, in handle_request
    respiter = self.wsgi(environ, resp.start_response)
               ^^^^^^^^^^^^^^^^^^^^^^^^^^^^^^^^^^^^^^^
  File "/Users/sunmuchao/Downloads/Her/external-systems/partner-http-gateway/gateway/app.py", line 325, in __call__
    status_code, payload = self.dispatch_rest(environ)
                           ^^^^^^^^^^^^^^^^^^^^^^^^^^^
  File "/Users/sunmuchao/Downloads/Her/external-systems/partner-http-gateway/gateway/app.py", line 242, in dispatch_rest
    return dispatch_gateway_rest(self, environ)
           ^^^^^^^^^^^^^^^^^^^^^^^^^^^^^^^^^^^^
  File "/Users/sunmuchao/Downloads/Her/external-systems/partner-http-gateway/gateway/rest_dispatch.py", line 74, in dispatch_gateway_rest
    response = dispatcher(gateway, environ, method, path)
               ^^^^^^^^^^^^^^^^^^^^^^^^^^^^^^^^^^^^^^^^^^
  File "/Users/sunmuchao/Downloads/Her/external-systems/partner-http-gateway/gateway/collected_routes.py", line 127, in dispatch_collected_rest
    return rest_persona_collected(gateway, environ)
           ^^^^^^^^^^^^^^^^^^^^^^^^^^^^^^^^^^^^^^^^
  File "/Users/sunmuchao/Downloads/Her/external-systems/partner-http-gateway/gateway/collected_routes.py", line 103, in rest_persona_collected
    bundle = load_collected_bundle(source=source, user_key=str(profile_id))
             ^^^^^^^^^^^^^^^^^^^^^^^^^^^^^^^^^^^^^^^^^^^^^^^^^^^^^^^^^^^^^^
  File "/Users/sunmuchao/Downloads/Her/match_domain/persona_loader.py", line 175, in load_collected_bundle
    persona = load_persona_row(source=source, user_key=user_key) or {}
              ^^^^^^^^^^^^^^^^^^^^^^^^^^^^^^^^^^^^^^^^^^^^^^^^^^
  File "/Users/sunmuchao/Downloads/Her/match_domain/persona_loader.py", line 20, in load_persona_row
    conn = mysql_connect(source)
           ^^^^^^^^^^^^^^^^^^^^^
  File "/Users/sunmuchao/Downloads/Her/persona_memory_sync/persona_memory_lib.py", line 631, in mysql_connect
    return pymysql.connect(**kwargs)
           ^^^^^^^^^^^^^^^^^^^^^^^^^
  File "/Users/sunmuchao/Downloads/Her/.venv/lib/python3.12/site-packages/pymysql/connections.py", line 365, in __init__
    self.connect()
  File "/Users/sunmuchao/Downloads/Her/.venv/lib/python3.12/site-packages/pymysql/connections.py", line 681, in connect
    self._request_authentication()
  File "/Users/sunmuchao/Downloads/Her/.venv/lib/python3.12/site-packages/pymysql/connections.py", line 958, in _request_authentication
    auth_packet = self._read_packet()
                  ^^^^^^^^^^^^^^^^^^^
  File "/Users/sunmuchao/Downloads/Her/.venv/lib/python3.12/site-packages/pymysql/connections.py", line 751, in _read_packet
    packet_header = self._read_bytes(4)
                    ^^^^^^^^^^^^^^^^^^^
  File "/Users/sunmuchao/Downloads/Her/.venv/lib/python3.12/site-packages/pymysql/connections.py", line 789, in _read_bytes
    data = self._rfile.read(num_bytes)
           ^^^^^^^^^^^^^^^^^^^^^^^^^^^
  File "/usr/local/Cellar/python@3.12/3.12.7_1/Frameworks/Python.framework/Versions/3.12/lib/python3.12/socket.py", line 720, in readinto
    return self._sock.recv_into(b)
           ^^^^^^^^^^^^^^^^^^^^^^^
  File "/Users/sunmuchao/Downloads/Her/.venv/lib/python3.12/site-packages/gunicorn/workers/base.py", line 198, in handle_abort
    sys.exit(1)
SystemExit: 1
[2026-05-30 11:53:02 +0800] [17940] [ERROR] Error handling request GET /v1/profile/me?profile_id=2478
Traceback (most recent call last):
  File "/Users/sunmuchao/Downloads/Her/.venv/lib/python3.12/site-packages/gunicorn/workers/sync.py", line 141, in handle
    self.handle_request(listener, req, client, addr)
  File "/Users/sunmuchao/Downloads/Her/.venv/lib/python3.12/site-packages/gunicorn/workers/sync.py", line 184, in handle_request
    respiter = self.wsgi(environ, resp.start_response)
               ^^^^^^^^^^^^^^^^^^^^^^^^^^^^^^^^^^^^^^^
  File "/Users/sunmuchao/Downloads/Her/external-systems/partner-http-gateway/gateway/app.py", line 325, in __call__
    status_code, payload = self.dispatch_rest(environ)
                           ^^^^^^^^^^^^^^^^^^^^^^^^^^^
  File "/Users/sunmuchao/Downloads/Her/external-systems/partner-http-gateway/gateway/app.py", line 242, in dispatch_rest
    return dispatch_gateway_rest(self, environ)
           ^^^^^^^^^^^^^^^^^^^^^^^^^^^^^^^^^^^^
  File "/Users/sunmuchao/Downloads/Her/external-systems/partner-http-gateway/gateway/rest_dispatch.py", line 74, in dispatch_gateway_rest
    response = dispatcher(gateway, environ, method, path)
               ^^^^^^^^^^^^^^^^^^^^^^^^^^^^^^^^^^^^^^^^^^
  File "/Users/sunmuchao/Downloads/Her/external-systems/partner-http-gateway/gateway/collected_routes.py", line 125, in dispatch_collected_rest
    return rest_profile_me(gateway, environ)
           ^^^^^^^^^^^^^^^^^^^^^^^^^^^^^^^^^
  File "/Users/sunmuchao/Downloads/Her/external-systems/partner-http-gateway/gateway/collected_routes.py", line 78, in rest_profile_me
    row = get_profile(
          ^^^^^^^^^^^^
  File "/Users/sunmuchao/Downloads/Her/profile_service/api.py", line 287, in get_profile
    profile_conn = _connect_profile_db(source_dsn)
                   ^^^^^^^^^^^^^^^^^^^^^^^^^^^^^^^
  File "/Users/sunmuchao/Downloads/Her/profile_service/api.py", line 51, in _connect_profile_db
    raw = schema.mysql_database_connect(config)
          ^^^^^^^^^^^^^^^^^^^^^^^^^^^^^^^^^^^^^
  File "/Users/sunmuchao/Downloads/Her/outer_system_mysql_schema.py", line 161, in mysql_database_connect
    return pymysql.connect(
           ^^^^^^^^^^^^^^^^
  File "/Users/sunmuchao/Downloads/Her/.venv/lib/python3.12/site-packages/pymysql/connections.py", line 365, in __init__
    self.connect()
  File "/Users/sunmuchao/Downloads/Her/.venv/lib/python3.12/site-packages/pymysql/connections.py", line 681, in connect
    self._request_authentication()
  File "/Users/sunmuchao/Downloads/Her/.venv/lib/python3.12/site-packages/pymysql/connections.py", line 958, in _request_authentication
    auth_packet = self._read_packet()
                  ^^^^^^^^^^^^^^^^^^^
  File "/Users/sunmuchao/Downloads/Her/.venv/lib/python3.12/site-packages/pymysql/connections.py", line 751, in _read_packet
    packet_header = self._read_bytes(4)
                    ^^^^^^^^^^^^^^^^^^^
  File "/Users/sunmuchao/Downloads/Her/.venv/lib/python3.12/site-packages/pymysql/connections.py", line 789, in _read_bytes
    data = self._rfile.read(num_bytes)
           ^^^^^^^^^^^^^^^^^^^^^^^^^^^
  File "/usr/local/Cellar/python@3.12/3.12.7_1/Frameworks/Python.framework/Versions/3.12/lib/python3.12/socket.py", line 720, in readinto
    return self._sock.recv_into(b)
           ^^^^^^^^^^^^^^^^^^^^^^^
  File "/Users/sunmuchao/Downloads/Her/.venv/lib/python3.12/site-packages/gunicorn/workers/base.py", line 198, in handle_abort
    sys.exit(1)
SystemExit: 1
[2026-05-30 11:53:02 +0800] [17955] [INFO] Worker exiting (pid: 17955)
[2026-05-30 11:53:02 +0800] [17940] [INFO] Worker exiting (pid: 17940)
[2026-05-30 11:53:02 +0800] [17930] [INFO] Control socket listening at /Users/sunmuchao/.gunicorn/gunicorn.ctl
[2026-05-30 11:53:02 +0800] [18113] [INFO] Booting worker with pid: 18113
[2026-05-30 11:53:02 +0800] [17930] [INFO] Control socket listening at /Users/sunmuchao/.gunicorn/gunicorn.ctl
[2026-05-30 11:53:02 +0800] [18114] [INFO] Booting worker with pid: 18114
[2026-05-30 11:53:05 +0800] [17930] [CRITICAL] WORKER TIMEOUT (pid:17945)
[2026-05-30 11:53:05 +0800] [17945] [ERROR] Error handling request GET /v1/profile/me?profile_id=2478
Traceback (most recent call last):
  File "/Users/sunmuchao/Downloads/Her/.venv/lib/python3.12/site-packages/gunicorn/workers/sync.py", line 141, in handle
    self.handle_request(listener, req, client, addr)
  File "/Users/sunmuchao/Downloads/Her/.venv/lib/python3.12/site-packages/gunicorn/workers/sync.py", line 184, in handle_request
    respiter = self.wsgi(environ, resp.start_response)
               ^^^^^^^^^^^^^^^^^^^^^^^^^^^^^^^^^^^^^^^
  File "/Users/sunmuchao/Downloads/Her/external-systems/partner-http-gateway/gateway/app.py", line 325, in __call__
    status_code, payload = self.dispatch_rest(environ)
                           ^^^^^^^^^^^^^^^^^^^^^^^^^^^
  File "/Users/sunmuchao/Downloads/Her/external-systems/partner-http-gateway/gateway/app.py", line 242, in dispatch_rest
    return dispatch_gateway_rest(self, environ)
           ^^^^^^^^^^^^^^^^^^^^^^^^^^^^^^^^^^^^
  File "/Users/sunmuchao/Downloads/Her/external-systems/partner-http-gateway/gateway/rest_dispatch.py", line 74, in dispatch_gateway_rest
    response = dispatcher(gateway, environ, method, path)
               ^^^^^^^^^^^^^^^^^^^^^^^^^^^^^^^^^^^^^^^^^^
  File "/Users/sunmuchao/Downloads/Her/external-systems/partner-http-gateway/gateway/collected_routes.py", line 125, in dispatch_collected_rest
    return rest_profile_me(gateway, environ)
           ^^^^^^^^^^^^^^^^^^^^^^^^^^^^^^^^^
  File "/Users/sunmuchao/Downloads/Her/external-systems/partner-http-gateway/gateway/collected_routes.py", line 78, in rest_profile_me
    row = get_profile(
          ^^^^^^^^^^^^
  File "/Users/sunmuchao/Downloads/Her/profile_service/api.py", line 287, in get_profile
    profile_conn = _connect_profile_db(source_dsn)
                   ^^^^^^^^^^^^^^^^^^^^^^^^^^^^^^^
  File "/Users/sunmuchao/Downloads/Her/profile_service/api.py", line 51, in _connect_profile_db
    raw = schema.mysql_database_connect(config)
          ^^^^^^^^^^^^^^^^^^^^^^^^^^^^^^^^^^^^^
  File "/Users/sunmuchao/Downloads/Her/outer_system_mysql_schema.py", line 161, in mysql_database_connect
    return pymysql.connect(
           ^^^^^^^^^^^^^^^^
  File "/Users/sunmuchao/Downloads/Her/.venv/lib/python3.12/site-packages/pymysql/connections.py", line 365, in __init__
    self.connect()
  File "/Users/sunmuchao/Downloads/Her/.venv/lib/python3.12/site-packages/pymysql/connections.py", line 681, in connect
    self._request_authentication()
  File "/Users/sunmuchao/Downloads/Her/.venv/lib/python3.12/site-packages/pymysql/connections.py", line 958, in _request_authentication
    auth_packet = self._read_packet()
                  ^^^^^^^^^^^^^^^^^^^
  File "/Users/sunmuchao/Downloads/Her/.venv/lib/python3.12/site-packages/pymysql/connections.py", line 751, in _read_packet
    packet_header = self._read_bytes(4)
                    ^^^^^^^^^^^^^^^^^^^
  File "/Users/sunmuchao/Downloads/Her/.venv/lib/python3.12/site-packages/pymysql/connections.py", line 789, in _read_bytes
    data = self._rfile.read(num_bytes)
           ^^^^^^^^^^^^^^^^^^^^^^^^^^^
  File "/usr/local/Cellar/python@3.12/3.12.7_1/Frameworks/Python.framework/Versions/3.12/lib/python3.12/socket.py", line 720, in readinto
    return self._sock.recv_into(b)
           ^^^^^^^^^^^^^^^^^^^^^^^
  File "/Users/sunmuchao/Downloads/Her/.venv/lib/python3.12/site-packages/gunicorn/workers/base.py", line 198, in handle_abort
    sys.exit(1)
SystemExit: 1
[2026-05-30 11:53:05 +0800] [17945] [INFO] Worker exiting (pid: 17945)
[2026-05-30 11:53:06 +0800] [17930] [CRITICAL] WORKER TIMEOUT (pid:17950)
[2026-05-30 11:53:06 +0800] [17930] [INFO] Control socket listening at /Users/sunmuchao/.gunicorn/gunicorn.ctl
[2026-05-30 11:53:06 +0800] [17950] [ERROR] Error handling request GET /v1/persona/collected?profile_id=2478
Traceback (most recent call last):
  File "/Users/sunmuchao/Downloads/Her/.venv/lib/python3.12/site-packages/gunicorn/workers/sync.py", line 141, in handle
    self.handle_request(listener, req, client, addr)
  File "/Users/sunmuchao/Downloads/Her/.venv/lib/python3.12/site-packages/gunicorn/workers/sync.py", line 184, in handle_request
    respiter = self.wsgi(environ, resp.start_response)
               ^^^^^^^^^^^^^^^^^^^^^^^^^^^^^^^^^^^^^^^
  File "/Users/sunmuchao/Downloads/Her/external-systems/partner-http-gateway/gateway/app.py", line 325, in __call__
    status_code, payload = self.dispatch_rest(environ)
                           ^^^^^^^^^^^^^^^^^^^^^^^^^^^
  File "/Users/sunmuchao/Downloads/Her/external-systems/partner-http-gateway/gateway/app.py", line 242, in dispatch_rest
    return dispatch_gateway_rest(self, environ)
           ^^^^^^^^^^^^^^^^^^^^^^^^^^^^^^^^^^^^
  File "/Users/sunmuchao/Downloads/Her/external-systems/partner-http-gateway/gateway/rest_dispatch.py", line 74, in dispatch_gateway_rest
    response = dispatcher(gateway, environ, method, path)
               ^^^^^^^^^^^^^^^^^^^^^^^^^^^^^^^^^^^^^^^^^^
  File "/Users/sunmuchao/Downloads/Her/external-systems/partner-http-gateway/gateway/collected_routes.py", line 127, in dispatch_collected_rest
    return rest_persona_collected(gateway, environ)
           ^^^^^^^^^^^^^^^^^^^^^^^^^^^^^^^^^^^^^^^^
  File "/Users/sunmuchao/Downloads/Her/external-systems/partner-http-gateway/gateway/collected_routes.py", line 103, in rest_persona_collected
    bundle = load_collected_bundle(source=source, user_key=str(profile_id))
             ^^^^^^^^^^^^^^^^^^^^^^^^^^^^^^^^^^^^^^^^^^^^^^^^^^^^^^^^^^^^^^
  File "/Users/sunmuchao/Downloads/Her/match_domain/persona_loader.py", line 175, in load_collected_bundle
    persona = load_persona_row(source=source, user_key=user_key) or {}
              ^^^^^^^^^^^^^^^^^^^^^^^^^^^^^^^^^^^^^^^^^^^^^^^^^^
  File "/Users/sunmuchao/Downloads/Her/match_domain/persona_loader.py", line 20, in load_persona_row
    conn = mysql_connect(source)
           ^^^^^^^^^^^^^^^^^^^^^
  File "/Users/sunmuchao/Downloads/Her/persona_memory_sync/persona_memory_lib.py", line 631, in mysql_connect
    return pymysql.connect(**kwargs)
           ^^^^^^^^^^^^^^^^^^^^^^^^^
  File "/Users/sunmuchao/Downloads/Her/.venv/lib/python3.12/site-packages/pymysql/connections.py", line 365, in __init__
    self.connect()
  File "/Users/sunmuchao/Downloads/Her/.venv/lib/python3.12/site-packages/pymysql/connections.py", line 681, in connect
    self._request_authentication()
  File "/Users/sunmuchao/Downloads/Her/.venv/lib/python3.12/site-packages/pymysql/connections.py", line 958, in _request_authentication
    auth_packet = self._read_packet()
                  ^^^^^^^^^^^^^^^^^^^
  File "/Users/sunmuchao/Downloads/Her/.venv/lib/python3.12/site-packages/pymysql/connections.py", line 751, in _read_packet
    packet_header = self._read_bytes(4)
                    ^^^^^^^^^^^^^^^^^^^
  File "/Users/sunmuchao/Downloads/Her/.venv/lib/python3.12/site-packages/pymysql/connections.py", line 789, in _read_bytes
    data = self._rfile.read(num_bytes)
           ^^^^^^^^^^^^^^^^^^^^^^^^^^^
  File "/usr/local/Cellar/python@3.12/3.12.7_1/Frameworks/Python.framework/Versions/3.12/lib/python3.12/socket.py", line 720, in readinto
    return self._sock.recv_into(b)
           ^^^^^^^^^^^^^^^^^^^^^^^
  File "/Users/sunmuchao/Downloads/Her/.venv/lib/python3.12/site-packages/gunicorn/workers/base.py", line 198, in handle_abort
    sys.exit(1)
SystemExit: 1
[2026-05-30 11:53:06 +0800] [18116] [INFO] Booting worker with pid: 18116
[2026-05-30 11:53:06 +0800] [17950] [INFO] Worker exiting (pid: 17950)
[2026-05-30 11:53:06 +0800] [17930] [INFO] Control socket listening at /Users/sunmuchao/.gunicorn/gunicorn.ctl
[2026-05-30 11:53:06 +0800] [18119] [INFO] Booting worker with pid: 18119
[2026-05-30 11:53:56 +0800] [17930] [CRITICAL] WORKER TIMEOUT (pid:18092)
[2026-05-30 11:53:56 +0800] [18092] [ERROR] Error handling request GET /v1/profile/me?profile_id=2478
Traceback (most recent call last):
  File "/Users/sunmuchao/Downloads/Her/.venv/lib/python3.12/site-packages/gunicorn/workers/sync.py", line 141, in handle
    self.handle_request(listener, req, client, addr)
  File "/Users/sunmuchao/Downloads/Her/.venv/lib/python3.12/site-packages/gunicorn/workers/sync.py", line 184, in handle_request
    respiter = self.wsgi(environ, resp.start_response)
               ^^^^^^^^^^^^^^^^^^^^^^^^^^^^^^^^^^^^^^^
  File "/Users/sunmuchao/Downloads/Her/external-systems/partner-http-gateway/gateway/app.py", line 325, in __call__
    status_code, payload = self.dispatch_rest(environ)
                           ^^^^^^^^^^^^^^^^^^^^^^^^^^^
  File "/Users/sunmuchao/Downloads/Her/external-systems/partner-http-gateway/gateway/app.py", line 242, in dispatch_rest
    return dispatch_gateway_rest(self, environ)
           ^^^^^^^^^^^^^^^^^^^^^^^^^^^^^^^^^^^^
  File "/Users/sunmuchao/Downloads/Her/external-systems/partner-http-gateway/gateway/rest_dispatch.py", line 74, in dispatch_gateway_rest
    response = dispatcher(gateway, environ, method, path)
               ^^^^^^^^^^^^^^^^^^^^^^^^^^^^^^^^^^^^^^^^^^
  File "/Users/sunmuchao/Downloads/Her/external-systems/partner-http-gateway/gateway/collected_routes.py", line 125, in dispatch_collected_rest
    return rest_profile_me(gateway, environ)
           ^^^^^^^^^^^^^^^^^^^^^^^^^^^^^^^^^
  File "/Users/sunmuchao/Downloads/Her/external-systems/partner-http-gateway/gateway/collected_routes.py", line 78, in rest_profile_me
    row = get_profile(
          ^^^^^^^^^^^^
  File "/Users/sunmuchao/Downloads/Her/profile_service/api.py", line 287, in get_profile
    profile_conn = _connect_profile_db(source_dsn)
                   ^^^^^^^^^^^^^^^^^^^^^^^^^^^^^^^
  File "/Users/sunmuchao/Downloads/Her/profile_service/api.py", line 51, in _connect_profile_db
    raw = schema.mysql_database_connect(config)
          ^^^^^^^^^^^^^^^^^^^^^^^^^^^^^^^^^^^^^
  File "/Users/sunmuchao/Downloads/Her/outer_system_mysql_schema.py", line 161, in mysql_database_connect
    return pymysql.connect(
           ^^^^^^^^^^^^^^^^
  File "/Users/sunmuchao/Downloads/Her/.venv/lib/python3.12/site-packages/pymysql/connections.py", line 365, in __init__
    self.connect()
  File "/Users/sunmuchao/Downloads/Her/.venv/lib/python3.12/site-packages/pymysql/connections.py", line 681, in connect
    self._request_authentication()
  File "/Users/sunmuchao/Downloads/Her/.venv/lib/python3.12/site-packages/pymysql/connections.py", line 958, in _request_authentication
    auth_packet = self._read_packet()
                  ^^^^^^^^^^^^^^^^^^^
  File "/Users/sunmuchao/Downloads/Her/.venv/lib/python3.12/site-packages/pymysql/connections.py", line 751, in _read_packet
    packet_header = self._read_bytes(4)
                    ^^^^^^^^^^^^^^^^^^^
  File "/Users/sunmuchao/Downloads/Her/.venv/lib/python3.12/site-packages/pymysql/connections.py", line 789, in _read_bytes
    data = self._rfile.read(num_bytes)
           ^^^^^^^^^^^^^^^^^^^^^^^^^^^
  File "/usr/local/Cellar/python@3.12/3.12.7_1/Frameworks/Python.framework/Versions/3.12/lib/python3.12/socket.py", line 720, in readinto
    return self._sock.recv_into(b)
           ^^^^^^^^^^^^^^^^^^^^^^^
  File "/Users/sunmuchao/Downloads/Her/.venv/lib/python3.12/site-packages/gunicorn/workers/base.py", line 198, in handle_abort
    sys.exit(1)
SystemExit: 1
[2026-05-30 11:53:56 +0800] [18092] [INFO] Worker exiting (pid: 18092)
[2026-05-30 11:53:56 +0800] [17930] [INFO] Control socket listening at /Users/sunmuchao/.gunicorn/gunicorn.ctl
[2026-05-30 11:53:56 +0800] [18157] [INFO] Booting worker with pid: 18157
[2026-05-30 11:54:57 +0800] [17930] [CRITICAL] WORKER TIMEOUT (pid:17937)
[2026-05-30 11:54:57 +0800] [17937] [ERROR] Error handling request GET /v1/persona/collected?profile_id=2478
Traceback (most recent call last):
  File "/Users/sunmuchao/Downloads/Her/.venv/lib/python3.12/site-packages/gunicorn/workers/sync.py", line 141, in handle
    self.handle_request(listener, req, client, addr)
  File "/Users/sunmuchao/Downloads/Her/.venv/lib/python3.12/site-packages/gunicorn/workers/sync.py", line 184, in handle_request
    respiter = self.wsgi(environ, resp.start_response)
               ^^^^^^^^^^^^^^^^^^^^^^^^^^^^^^^^^^^^^^^
  File "/Users/sunmuchao/Downloads/Her/external-systems/partner-http-gateway/gateway/app.py", line 325, in __call__
    status_code, payload = self.dispatch_rest(environ)
                           ^^^^^^^^^^^^^^^^^^^^^^^^^^^
  File "/Users/sunmuchao/Downloads/Her/external-systems/partner-http-gateway/gateway/app.py", line 242, in dispatch_rest
    return dispatch_gateway_rest(self, environ)
           ^^^^^^^^^^^^^^^^^^^^^^^^^^^^^^^^^^^^
  File "/Users/sunmuchao/Downloads/Her/external-systems/partner-http-gateway/gateway/rest_dispatch.py", line 74, in dispatch_gateway_rest
    response = dispatcher(gateway, environ, method, path)
               ^^^^^^^^^^^^^^^^^^^^^^^^^^^^^^^^^^^^^^^^^^
  File "/Users/sunmuchao/Downloads/Her/external-systems/partner-http-gateway/gateway/collected_routes.py", line 127, in dispatch_collected_rest
    return rest_persona_collected(gateway, environ)
           ^^^^^^^^^^^^^^^^^^^^^^^^^^^^^^^^^^^^^^^^
  File "/Users/sunmuchao/Downloads/Her/external-systems/partner-http-gateway/gateway/collected_routes.py", line 103, in rest_persona_collected
    bundle = load_collected_bundle(source=source, user_key=str(profile_id))
             ^^^^^^^^^^^^^^^^^^^^^^^^^^^^^^^^^^^^^^^^^^^^^^^^^^^^^^^^^^^^^^
  File "/Users/sunmuchao/Downloads/Her/match_domain/persona_loader.py", line 175, in load_collected_bundle
    persona = load_persona_row(source=source, user_key=user_key) or {}
              ^^^^^^^^^^^^^^^^^^^^^^^^^^^^^^^^^^^^^^^^^^^^^^^^^^
  File "/Users/sunmuchao/Downloads/Her/match_domain/persona_loader.py", line 20, in load_persona_row
    conn = mysql_connect(source)
           ^^^^^^^^^^^^^^^^^^^^^
  File "/Users/sunmuchao/Downloads/Her/persona_memory_sync/persona_memory_lib.py", line 631, in mysql_connect
    return pymysql.connect(**kwargs)
           ^^^^^^^^^^^^^^^^^^^^^^^^^
  File "/Users/sunmuchao/Downloads/Her/.venv/lib/python3.12/site-packages/pymysql/connections.py", line 365, in __init__
    self.connect()
  File "/Users/sunmuchao/Downloads/Her/.venv/lib/python3.12/site-packages/pymysql/connections.py", line 681, in connect
    self._request_authentication()
  File "/Users/sunmuchao/Downloads/Her/.venv/lib/python3.12/site-packages/pymysql/connections.py", line 958, in _request_authentication
    auth_packet = self._read_packet()
                  ^^^^^^^^^^^^^^^^^^^
  File "/Users/sunmuchao/Downloads/Her/.venv/lib/python3.12/site-packages/pymysql/connections.py", line 751, in _read_packet
    packet_header = self._read_bytes(4)
                    ^^^^^^^^^^^^^^^^^^^
  File "/Users/sunmuchao/Downloads/Her/.venv/lib/python3.12/site-packages/pymysql/connections.py", line 789, in _read_bytes
    data = self._rfile.read(num_bytes)
           ^^^^^^^^^^^^^^^^^^^^^^^^^^^
  File "/usr/local/Cellar/python@3.12/3.12.7_1/Frameworks/Python.framework/Versions/3.12/lib/python3.12/socket.py", line 720, in readinto
    return self._sock.recv_into(b)
           ^^^^^^^^^^^^^^^^^^^^^^^
  File "/Users/sunmuchao/Downloads/Her/.venv/lib/python3.12/site-packages/gunicorn/workers/base.py", line 198, in handle_abort
    sys.exit(1)
SystemExit: 1
[2026-05-30 11:54:57 +0800] [17937] [INFO] Worker exiting (pid: 17937)
[2026-05-30 11:54:57 +0800] [17930] [INFO] Control socket listening at /Users/sunmuchao/.gunicorn/gunicorn.ctl
[2026-05-30 11:54:57 +0800] [18282] [INFO] Booting worker with pid: 18282
[2026-05-30 11:56:47 +0800] [17930] [CRITICAL] WORKER TIMEOUT (pid:17938)
[2026-05-30 11:56:47 +0800] [17930] [CRITICAL] WORKER TIMEOUT (pid:17941)
[2026-05-30 11:56:47 +0800] [17941] [ERROR] Error handling request GET /v1/profile/me?profile_id=2478
Traceback (most recent call last):
  File "/Users/sunmuchao/Downloads/Her/.venv/lib/python3.12/site-packages/gunicorn/workers/sync.py", line 141, in handle
    self.handle_request(listener, req, client, addr)
  File "/Users/sunmuchao/Downloads/Her/.venv/lib/python3.12/site-packages/gunicorn/workers/sync.py", line 184, in handle_request
    respiter = self.wsgi(environ, resp.start_response)
               ^^^^^^^^^^^^^^^^^^^^^^^^^^^^^^^^^^^^^^^
  File "/Users/sunmuchao/Downloads/Her/external-systems/partner-http-gateway/gateway/app.py", line 325, in __call__
    status_code, payload = self.dispatch_rest(environ)
                           ^^^^^^^^^^^^^^^^^^^^^^^^^^^
  File "/Users/sunmuchao/Downloads/Her/external-systems/partner-http-gateway/gateway/app.py", line 242, in dispatch_rest
    return dispatch_gateway_rest(self, environ)
           ^^^^^^^^^^^^^^^^^^^^^^^^^^^^^^^^^^^^
  File "/Users/sunmuchao/Downloads/Her/external-systems/partner-http-gateway/gateway/rest_dispatch.py", line 74, in dispatch_gateway_rest
    response = dispatcher(gateway, environ, method, path)
               ^^^^^^^^^^^^^^^^^^^^^^^^^^^^^^^^^^^^^^^^^^
  File "/Users/sunmuchao/Downloads/Her/external-systems/partner-http-gateway/gateway/collected_routes.py", line 125, in dispatch_collected_rest
    return rest_profile_me(gateway, environ)
           ^^^^^^^^^^^^^^^^^^^^^^^^^^^^^^^^^
  File "/Users/sunmuchao/Downloads/Her/external-systems/partner-http-gateway/gateway/collected_routes.py", line 78, in rest_profile_me
    row = get_profile(
          ^^^^^^^^^^^^
  File "/Users/sunmuchao/Downloads/Her/profile_service/api.py", line 287, in get_profile
    profile_conn = _connect_profile_db(source_dsn)
                   ^^^^^^^^^^^^^^^^^^^^^^^^^^^^^^^
  File "/Users/sunmuchao/Downloads/Her/profile_service/api.py", line 51, in _connect_profile_db
    raw = schema.mysql_database_connect(config)
          ^^^^^^^^^^^^^^^^^^^^^^^^^^^^^^^^^^^^^
  File "/Users/sunmuchao/Downloads/Her/outer_system_mysql_schema.py", line 161, in mysql_database_connect
    return pymysql.connect(
           ^^^^^^^^^^^^^^^^
  File "/Users/sunmuchao/Downloads/Her/.venv/lib/python3.12/site-packages/pymysql/connections.py", line 365, in __init__
    self.connect()
  File "/Users/sunmuchao/Downloads/Her/.venv/lib/python3.12/site-packages/pymysql/connections.py", line 681, in connect
    self._request_authentication()
  File "/Users/sunmuchao/Downloads/Her/.venv/lib/python3.12/site-packages/pymysql/connections.py", line 958, in _request_authentication
    auth_packet = self._read_packet()
                  ^^^^^^^^^^^^^^^^^^^
  File "/Users/sunmuchao/Downloads/Her/.venv/lib/python3.12/site-packages/pymysql/connections.py", line 751, in _read_packet
    packet_header = self._read_bytes(4)
                    ^^^^^^^^^^^^^^^^^^^
  File "/Users/sunmuchao/Downloads/Her/.venv/lib/python3.12/site-packages/pymysql/connections.py", line 789, in _read_bytes
    data = self._rfile.read(num_bytes)
           ^^^^^^^^^^^^^^^^^^^^^^^^^^^
  File "/usr/local/Cellar/python@3.12/3.12.7_1/Frameworks/Python.framework/Versions/3.12/lib/python3.12/socket.py", line 720, in readinto
    return self._sock.recv_into(b)
           ^^^^^^^^^^^^^^^^^^^^^^^
  File "/Users/sunmuchao/Downloads/Her/.venv/lib/python3.12/site-packages/gunicorn/workers/base.py", line 198, in handle_abort
    sys.exit(1)
SystemExit: 1
[2026-05-30 11:56:47 +0800] [17938] [ERROR] Error handling request GET /v1/persona/collected?profile_id=2478
Traceback (most recent call last):
  File "/Users/sunmuchao/Downloads/Her/.venv/lib/python3.12/site-packages/gunicorn/workers/sync.py", line 141, in handle
    self.handle_request(listener, req, client, addr)
  File "/Users/sunmuchao/Downloads/Her/.venv/lib/python3.12/site-packages/gunicorn/workers/sync.py", line 184, in handle_request
    respiter = self.wsgi(environ, resp.start_response)
               ^^^^^^^^^^^^^^^^^^^^^^^^^^^^^^^^^^^^^^^
  File "/Users/sunmuchao/Downloads/Her/external-systems/partner-http-gateway/gateway/app.py", line 325, in __call__
    status_code, payload = self.dispatch_rest(environ)
                           ^^^^^^^^^^^^^^^^^^^^^^^^^^^
  File "/Users/sunmuchao/Downloads/Her/external-systems/partner-http-gateway/gateway/app.py", line 242, in dispatch_rest
    return dispatch_gateway_rest(self, environ)
           ^^^^^^^^^^^^^^^^^^^^^^^^^^^^^^^^^^^^
  File "/Users/sunmuchao/Downloads/Her/external-systems/partner-http-gateway/gateway/rest_dispatch.py", line 74, in dispatch_gateway_rest
    response = dispatcher(gateway, environ, method, path)
               ^^^^^^^^^^^^^^^^^^^^^^^^^^^^^^^^^^^^^^^^^^
  File "/Users/sunmuchao/Downloads/Her/external-systems/partner-http-gateway/gateway/collected_routes.py", line 127, in dispatch_collected_rest
    return rest_persona_collected(gateway, environ)
           ^^^^^^^^^^^^^^^^^^^^^^^^^^^^^^^^^^^^^^^^
  File "/Users/sunmuchao/Downloads/Her/external-systems/partner-http-gateway/gateway/collected_routes.py", line 103, in rest_persona_collected
    bundle = load_collected_bundle(source=source, user_key=str(profile_id))
             ^^^^^^^^^^^^^^^^^^^^^^^^^^^^^^^^^^^^^^^^^^^^^^^^^^^^^^^^^^^^^^
  File "/Users/sunmuchao/Downloads/Her/match_domain/persona_loader.py", line 175, in load_collected_bundle
    persona = load_persona_row(source=source, user_key=user_key) or {}
              ^^^^^^^^^^^^^^^^^^^^^^^^^^^^^^^^^^^^^^^^^^^^^^^^^^
  File "/Users/sunmuchao/Downloads/Her/match_domain/persona_loader.py", line 20, in load_persona_row
    conn = mysql_connect(source)
           ^^^^^^^^^^^^^^^^^^^^^
  File "/Users/sunmuchao/Downloads/Her/persona_memory_sync/persona_memory_lib.py", line 631, in mysql_connect
    return pymysql.connect(**kwargs)
           ^^^^^^^^^^^^^^^^^^^^^^^^^
  File "/Users/sunmuchao/Downloads/Her/.venv/lib/python3.12/site-packages/pymysql/connections.py", line 365, in __init__
    self.connect()
  File "/Users/sunmuchao/Downloads/Her/.venv/lib/python3.12/site-packages/pymysql/connections.py", line 681, in connect
    self._request_authentication()
  File "/Users/sunmuchao/Downloads/Her/.venv/lib/python3.12/site-packages/pymysql/connections.py", line 958, in _request_authentication
    auth_packet = self._read_packet()
                  ^^^^^^^^^^^^^^^^^^^
  File "/Users/sunmuchao/Downloads/Her/.venv/lib/python3.12/site-packages/pymysql/connections.py", line 751, in _read_packet
    packet_header = self._read_bytes(4)
                    ^^^^^^^^^^^^^^^^^^^
  File "/Users/sunmuchao/Downloads/Her/.venv/lib/python3.12/site-packages/pymysql/connections.py", line 789, in _read_bytes
    data = self._rfile.read(num_bytes)
           ^^^^^^^^^^^^^^^^^^^^^^^^^^^
  File "/usr/local/Cellar/python@3.12/3.12.7_1/Frameworks/Python.framework/Versions/3.12/lib/python3.12/socket.py", line 720, in readinto
    return self._sock.recv_into(b)
           ^^^^^^^^^^^^^^^^^^^^^^^
  File "/Users/sunmuchao/Downloads/Her/.venv/lib/python3.12/site-packages/gunicorn/workers/base.py", line 198, in handle_abort
    sys.exit(1)
SystemExit: 1
[2026-05-30 11:56:47 +0800] [17941] [INFO] Worker exiting (pid: 17941)
[2026-05-30 11:56:47 +0800] [17938] [INFO] Worker exiting (pid: 17938)
[2026-05-30 11:56:48 +0800] [17930] [INFO] Control socket listening at /Users/sunmuchao/.gunicorn/gunicorn.ctl
[2026-05-30 11:56:48 +0800] [18444] [INFO] Booting worker with pid: 18444
[2026-05-30 11:56:48 +0800] [17930] [INFO] Control socket listening at /Users/sunmuchao/.gunicorn/gunicorn.ctl
[2026-05-30 11:56:48 +0800] [18445] [INFO] Booting worker with pid: 18445
[2026-05-30 11:56:50 +0800] [17930] [CRITICAL] WORKER TIMEOUT (pid:17936)
[2026-05-30 11:56:50 +0800] [17930] [CRITICAL] WORKER TIMEOUT (pid:18116)
[2026-05-30 11:56:50 +0800] [18116] [ERROR] Error handling request GET /v1/persona/collected?profile_id=2478
Traceback (most recent call last):
  File "/Users/sunmuchao/Downloads/Her/.venv/lib/python3.12/site-packages/gunicorn/workers/sync.py", line 141, in handle
    self.handle_request(listener, req, client, addr)
  File "/Users/sunmuchao/Downloads/Her/.venv/lib/python3.12/site-packages/gunicorn/workers/sync.py", line 184, in handle_request
    respiter = self.wsgi(environ, resp.start_response)
               ^^^^^^^^^^^^^^^^^^^^^^^^^^^^^^^^^^^^^^^
  File "/Users/sunmuchao/Downloads/Her/external-systems/partner-http-gateway/gateway/app.py", line 325, in __call__
    status_code, payload = self.dispatch_rest(environ)
                           ^^^^^^^^^^^^^^^^^^^^^^^^^^^
  File "/Users/sunmuchao/Downloads/Her/external-systems/partner-http-gateway/gateway/app.py", line 242, in dispatch_rest
    return dispatch_gateway_rest(self, environ)
           ^^^^^^^^^^^^^^^^^^^^^^^^^^^^^^^^^^^^
  File "/Users/sunmuchao/Downloads/Her/external-systems/partner-http-gateway/gateway/rest_dispatch.py", line 74, in dispatch_gateway_rest
    response = dispatcher(gateway, environ, method, path)
               ^^^^^^^^^^^^^^^^^^^^^^^^^^^^^^^^^^^^^^^^^^
  File "/Users/sunmuchao/Downloads/Her/external-systems/partner-http-gateway/gateway/collected_routes.py", line 127, in dispatch_collected_rest
    return rest_persona_collected(gateway, environ)
           ^^^^^^^^^^^^^^^^^^^^^^^^^^^^^^^^^^^^^^^^
  File "/Users/sunmuchao/Downloads/Her/external-systems/partner-http-gateway/gateway/collected_routes.py", line 103, in rest_persona_collected
    bundle = load_collected_bundle(source=source, user_key=str(profile_id))
             ^^^^^^^^^^^^^^^^^^^^^^^^^^^^^^^^^^^^^^^^^^^^^^^^^^^^^^^^^^^^^^
  File "/Users/sunmuchao/Downloads/Her/match_domain/persona_loader.py", line 175, in load_collected_bundle
    persona = load_persona_row(source=source, user_key=user_key) or {}
              ^^^^^^^^^^^^^^^^^^^^^^^^^^^^^^^^^^^^^^^^^^^^^^^^^^
  File "/Users/sunmuchao/Downloads/Her/match_domain/persona_loader.py", line 20, in load_persona_row
    conn = mysql_connect(source)
           ^^^^^^^^^^^^^^^^^^^^^
  File "/Users/sunmuchao/Downloads/Her/persona_memory_sync/persona_memory_lib.py", line 631, in mysql_connect
    return pymysql.connect(**kwargs)
           ^^^^^^^^^^^^^^^^^^^^^^^^^
  File "/Users/sunmuchao/Downloads/Her/.venv/lib/python3.12/site-packages/pymysql/connections.py", line 365, in __init__
    self.connect()
  File "/Users/sunmuchao/Downloads/Her/.venv/lib/python3.12/site-packages/pymysql/connections.py", line 681, in connect
    self._request_authentication()
  File "/Users/sunmuchao/Downloads/Her/.venv/lib/python3.12/site-packages/pymysql/connections.py", line 958, in _request_authentication
    auth_packet = self._read_packet()
                  ^^^^^^^^^^^^^^^^^^^
  File "/Users/sunmuchao/Downloads/Her/.venv/lib/python3.12/site-packages/pymysql/connections.py", line 751, in _read_packet
    packet_header = self._read_bytes(4)
                    ^^^^^^^^^^^^^^^^^^^
  File "/Users/sunmuchao/Downloads/Her/.venv/lib/python3.12/site-packages/pymysql/connections.py", line 789, in _read_bytes
    data = self._rfile.read(num_bytes)
           ^^^^^^^^^^^^^^^^^^^^^^^^^^^
  File "/usr/local/Cellar/python@3.12/3.12.7_1/Frameworks/Python.framework/Versions/3.12/lib/python3.12/socket.py", line 720, in readinto
    return self._sock.recv_into(b)
           ^^^^^^^^^^^^^^^^^^^^^^^
  File "/Users/sunmuchao/Downloads/Her/.venv/lib/python3.12/site-packages/gunicorn/workers/base.py", line 198, in handle_abort
    sys.exit(1)
SystemExit: 1
[2026-05-30 11:56:50 +0800] [17936] [ERROR] Error handling request GET /v1/profile/me?profile_id=2478
Traceback (most recent call last):
  File "/Users/sunmuchao/Downloads/Her/.venv/lib/python3.12/site-packages/gunicorn/workers/sync.py", line 141, in handle
    self.handle_request(listener, req, client, addr)
  File "/Users/sunmuchao/Downloads/Her/.venv/lib/python3.12/site-packages/gunicorn/workers/sync.py", line 184, in handle_request
    respiter = self.wsgi(environ, resp.start_response)
               ^^^^^^^^^^^^^^^^^^^^^^^^^^^^^^^^^^^^^^^
  File "/Users/sunmuchao/Downloads/Her/external-systems/partner-http-gateway/gateway/app.py", line 325, in __call__
    status_code, payload = self.dispatch_rest(environ)
                           ^^^^^^^^^^^^^^^^^^^^^^^^^^^
  File "/Users/sunmuchao/Downloads/Her/external-systems/partner-http-gateway/gateway/app.py", line 242, in dispatch_rest
    return dispatch_gateway_rest(self, environ)
           ^^^^^^^^^^^^^^^^^^^^^^^^^^^^^^^^^^^^
  File "/Users/sunmuchao/Downloads/Her/external-systems/partner-http-gateway/gateway/rest_dispatch.py", line 74, in dispatch_gateway_rest
    response = dispatcher(gateway, environ, method, path)
               ^^^^^^^^^^^^^^^^^^^^^^^^^^^^^^^^^^^^^^^^^^
  File "/Users/sunmuchao/Downloads/Her/external-systems/partner-http-gateway/gateway/collected_routes.py", line 125, in dispatch_collected_rest
    return rest_profile_me(gateway, environ)
           ^^^^^^^^^^^^^^^^^^^^^^^^^^^^^^^^^
  File "/Users/sunmuchao/Downloads/Her/external-systems/partner-http-gateway/gateway/collected_routes.py", line 78, in rest_profile_me
    row = get_profile(
          ^^^^^^^^^^^^
  File "/Users/sunmuchao/Downloads/Her/profile_service/api.py", line 287, in get_profile
    profile_conn = _connect_profile_db(source_dsn)
                   ^^^^^^^^^^^^^^^^^^^^^^^^^^^^^^^
  File "/Users/sunmuchao/Downloads/Her/profile_service/api.py", line 51, in _connect_profile_db
    raw = schema.mysql_database_connect(config)
          ^^^^^^^^^^^^^^^^^^^^^^^^^^^^^^^^^^^^^
  File "/Users/sunmuchao/Downloads/Her/outer_system_mysql_schema.py", line 161, in mysql_database_connect
    return pymysql.connect(
           ^^^^^^^^^^^^^^^^
  File "/Users/sunmuchao/Downloads/Her/.venv/lib/python3.12/site-packages/pymysql/connections.py", line 365, in __init__
    self.connect()
  File "/Users/sunmuchao/Downloads/Her/.venv/lib/python3.12/site-packages/pymysql/connections.py", line 681, in connect
    self._request_authentication()
  File "/Users/sunmuchao/Downloads/Her/.venv/lib/python3.12/site-packages/pymysql/connections.py", line 958, in _request_authentication
    auth_packet = self._read_packet()
                  ^^^^^^^^^^^^^^^^^^^
  File "/Users/sunmuchao/Downloads/Her/.venv/lib/python3.12/site-packages/pymysql/connections.py", line 751, in _read_packet
    packet_header = self._read_bytes(4)
                    ^^^^^^^^^^^^^^^^^^^
  File "/Users/sunmuchao/Downloads/Her/.venv/lib/python3.12/site-packages/pymysql/connections.py", line 789, in _read_bytes
    data = self._rfile.read(num_bytes)
           ^^^^^^^^^^^^^^^^^^^^^^^^^^^
  File "/usr/local/Cellar/python@3.12/3.12.7_1/Frameworks/Python.framework/Versions/3.12/lib/python3.12/socket.py", line 720, in readinto
    return self._sock.recv_into(b)
           ^^^^^^^^^^^^^^^^^^^^^^^
  File "/Users/sunmuchao/Downloads/Her/.venv/lib/python3.12/site-packages/gunicorn/workers/base.py", line 198, in handle_abort
    sys.exit(1)
SystemExit: 1
[2026-05-30 11:56:50 +0800] [18116] [INFO] Worker exiting (pid: 18116)
[2026-05-30 11:56:50 +0800] [17936] [INFO] Worker exiting (pid: 17936)
[2026-05-30 11:56:50 +0800] [17930] [INFO] Control socket listening at /Users/sunmuchao/.gunicorn/gunicorn.ctl
[2026-05-30 11:56:50 +0800] [18447] [INFO] Booting worker with pid: 18447
[2026-05-30 11:56:50 +0800] [17930] [ERROR] Worker (pid:17936) was sent SIGKILL! Perhaps out of memory?
[2026-05-30 11:56:50 +0800] [17930] [INFO] Control socket listening at /Users/sunmuchao/.gunicorn/gunicorn.ctl
[2026-05-30 11:56:50 +0800] [18448] [INFO] Booting worker with pid: 18448
[2026-05-30 11:56:53 +0800] [17930] [INFO] Handling signal: term
[2026-05-30 11:56:53 +0800] [17935] [INFO] Worker exiting (pid: 17935)
[2026-05-30 11:56:53 +0800] [17942] [INFO] Worker exiting (pid: 17942)
[2026-05-30 11:56:53 +0800] [17946] [INFO] Worker exiting (pid: 17946)
[2026-05-30 11:56:53 +0800] [17944] [INFO] Worker exiting (pid: 17944)
[2026-05-30 11:56:53 +0800] [17947] [INFO] Worker exiting (pid: 17947)
[2026-05-30 11:56:53 +0800] [17943] [INFO] Worker exiting (pid: 17943)
[2026-05-30 11:56:53 +0800] [17933] [INFO] Worker exiting (pid: 17933)
[2026-05-30 11:56:53 +0800] [17948] [INFO] Worker exiting (pid: 17948)
[2026-05-30 11:56:53 +0800] [17952] [INFO] Worker exiting (pid: 17952)
[2026-05-30 11:56:53 +0800] [17949] [INFO] Worker exiting (pid: 17949)
[2026-05-30 11:56:53 +0800] [17953] [INFO] Worker exiting (pid: 17953)
[2026-05-30 11:56:53 +0800] [17954] [INFO] Worker exiting (pid: 17954)
[2026-05-30 11:56:53 +0800] [17956] [INFO] Worker exiting (pid: 17956)
[2026-05-30 11:56:53 +0800] [17932] [INFO] Worker exiting (pid: 17932)
[2026-05-30 11:56:53 +0800] [18113] [INFO] Worker exiting (pid: 18113)
[2026-05-30 11:56:53 +0800] [18119] [INFO] Worker exiting (pid: 18119)
[2026-05-30 11:56:53 +0800] [18157] [INFO] Worker exiting (pid: 18157)
[2026-05-30 11:56:53 +0800] [18444] [INFO] Worker exiting (pid: 18444)
[2026-05-30 11:56:53 +0800] [18282] [INFO] Worker exiting (pid: 18282)
[2026-05-30 11:56:53 +0800] [18448] [INFO] Worker exiting (pid: 18448)
[2026-05-30 11:56:53 +0800] [18029] [INFO] Worker exiting (pid: 18029)
[2026-05-30 11:56:53 +0800] [17951] [INFO] Worker exiting (pid: 17951)
[2026-05-30 11:56:53 +0800] [18114] [INFO] Worker exiting (pid: 18114)
[2026-05-30 11:56:53 +0800] [18447] [INFO] Worker exiting (pid: 18447)
[2026-05-30 11:56:53 +0800] [18445] [INFO] Worker exiting (pid: 18445)
[2026-05-30 11:56:54 +0800] [17930] [ERROR] Worker (pid:17953) was sent SIGKILL! Perhaps out of memory?
[2026-05-30 11:56:54 +0800] [17930] [ERROR] Worker (pid:17952) was sent SIGKILL! Perhaps out of memory?
[2026-05-30 11:56:54 +0800] [17930] [ERROR] Worker (pid:17951) was sent SIGKILL! Perhaps out of memory?
[2026-05-30 11:56:54 +0800] [17930] [ERROR] Worker (pid:17949) was sent SIGKILL! Perhaps out of memory?
[2026-05-30 11:56:54 +0800] [17930] [ERROR] Worker (pid:17954) was sent SIGKILL! Perhaps out of memory?
[2026-05-30 11:56:54 +0800] [17930] [ERROR] Worker (pid:17948) was sent SIGKILL! Perhaps out of memory?
[2026-05-30 11:56:54 +0800] [17930] [ERROR] Worker (pid:17947) was sent SIGKILL! Perhaps out of memory?
[2026-05-30 11:56:54 +0800] [17930] [ERROR] Worker (pid:18029) was sent SIGKILL! Perhaps out of memory?
[2026-05-30 11:56:54 +0800] [17930] [ERROR] Worker (pid:17946) was sent SIGKILL! Perhaps out of memory?
[2026-05-30 11:56:54 +0800] [17930] [ERROR] Worker (pid:17944) was sent SIGKILL! Perhaps out of memory?
[2026-05-30 11:56:54 +0800] [17930] [ERROR] Worker (pid:17943) was sent SIGKILL! Perhaps out of memory?
[2026-05-30 11:56:54 +0800] [17930] [ERROR] Worker (pid:17942) was sent SIGKILL! Perhaps out of memory?
[2026-05-30 11:56:54 +0800] [17930] [ERROR] Worker (pid:17935) was sent SIGKILL! Perhaps out of memory?
[2026-05-30 11:56:54 +0800] [17930] [ERROR] Worker (pid:17956) was sent SIGKILL! Perhaps out of memory?
[2026-05-30 11:56:54 +0800] [17930] [ERROR] Worker (pid:17933) was sent SIGKILL! Perhaps out of memory?
[2026-05-30 11:56:55 +0800] [17930] [INFO] Shutting down: Master
[2026-05-30 12:14:07 +0800] [19975] [INFO] Starting gunicorn 26.0.0
[2026-05-30 12:14:07 +0800] [19975] [ERROR] Connection in use: ('127.0.0.1', 8765)
[2026-05-30 12:14:07 +0800] [19975] [ERROR] connection to ('127.0.0.1', 8765) failed: [Errno 48] Address already in use
[2026-05-30 12:14:08 +0800] [19975] [ERROR] Connection in use: ('127.0.0.1', 8765)
[2026-05-30 12:14:08 +0800] [19975] [ERROR] connection to ('127.0.0.1', 8765) failed: [Errno 48] Address already in use
[2026-05-30 12:14:09 +0800] [19975] [ERROR] Connection in use: ('127.0.0.1', 8765)
[2026-05-30 12:14:09 +0800] [19975] [ERROR] connection to ('127.0.0.1', 8765) failed: [Errno 48] Address already in use
[2026-05-30 12:14:10 +0800] [19975] [ERROR] Connection in use: ('127.0.0.1', 8765)
[2026-05-30 12:14:10 +0800] [19975] [ERROR] connection to ('127.0.0.1', 8765) failed: [Errno 48] Address already in use
[2026-05-30 12:14:11 +0800] [19975] [ERROR] Connection in use: ('127.0.0.1', 8765)
[2026-05-30 12:14:11 +0800] [19975] [ERROR] connection to ('127.0.0.1', 8765) failed: [Errno 48] Address already in use
[2026-05-30 12:14:12 +0800] [19975] [ERROR] Can't connect to ('127.0.0.1', 8765)
[2026-05-30 12:16:44 +0800] [20245] [INFO] Starting gunicorn 26.0.0
[2026-05-30 12:16:44 +0800] [20245] [ERROR] Connection in use: ('127.0.0.1', 8765)
[2026-05-30 12:16:44 +0800] [20245] [ERROR] connection to ('127.0.0.1', 8765) failed: [Errno 48] Address already in use
[2026-05-30 12:16:45 +0800] [20245] [ERROR] Connection in use: ('127.0.0.1', 8765)
[2026-05-30 12:16:45 +0800] [20245] [ERROR] connection to ('127.0.0.1', 8765) failed: [Errno 48] Address already in use
[2026-05-30 12:16:46 +0800] [20245] [ERROR] Connection in use: ('127.0.0.1', 8765)
[2026-05-30 12:16:46 +0800] [20245] [ERROR] connection to ('127.0.0.1', 8765) failed: [Errno 48] Address already in use
[2026-05-30 12:16:47 +0800] [20245] [ERROR] Connection in use: ('127.0.0.1', 8765)
[2026-05-30 12:16:47 +0800] [20245] [ERROR] connection to ('127.0.0.1', 8765) failed: [Errno 48] Address already in use
[2026-05-30 12:16:48 +0800] [20245] [ERROR] Connection in use: ('127.0.0.1', 8765)
[2026-05-30 12:16:48 +0800] [20245] [ERROR] connection to ('127.0.0.1', 8765) failed: [Errno 48] Address already in use
[2026-05-30 12:16:49 +0800] [20245] [ERROR] Can't connect to ('127.0.0.1', 8765)
[2026-05-30 12:17:28 +0800] [20310] [INFO] Starting gunicorn 26.0.0
[2026-05-30 12:17:28 +0800] [20310] [ERROR] Connection in use: ('127.0.0.1', 8765)
[2026-05-30 12:17:28 +0800] [20310] [ERROR] connection to ('127.0.0.1', 8765) failed: [Errno 48] Address already in use
[2026-05-30 12:17:29 +0800] [20310] [ERROR] Connection in use: ('127.0.0.1', 8765)
[2026-05-30 12:17:29 +0800] [20310] [ERROR] connection to ('127.0.0.1', 8765) failed: [Errno 48] Address already in use
[2026-05-30 12:17:30 +0800] [20310] [ERROR] Connection in use: ('127.0.0.1', 8765)
[2026-05-30 12:17:30 +0800] [20310] [ERROR] connection to ('127.0.0.1', 8765) failed: [Errno 48] Address already in use
[2026-05-30 12:17:31 +0800] [20310] [ERROR] Connection in use: ('127.0.0.1', 8765)
[2026-05-30 12:17:31 +0800] [20310] [ERROR] connection to ('127.0.0.1', 8765) failed: [Errno 48] Address already in use
[2026-05-30 12:17:32 +0800] [20310] [ERROR] Connection in use: ('127.0.0.1', 8765)
[2026-05-30 12:17:32 +0800] [20310] [ERROR] connection to ('127.0.0.1', 8765) failed: [Errno 48] Address already in use
[2026-05-30 12:17:33 +0800] [20310] [ERROR] Can't connect to ('127.0.0.1', 8765)
[2026-05-30 12:18:42 +0800] [20587] [INFO] Starting gunicorn 26.0.0
[2026-05-30 12:18:42 +0800] [20587] [INFO] Listening at: http://127.0.0.1:8765 (20587)
[2026-05-30 12:18:42 +0800] [20587] [INFO] Using worker: sync
[2026-05-30 12:18:42 +0800] [20590] [INFO] Booting worker with pid: 20590
[2026-05-30 12:18:42 +0800] [20591] [INFO] Booting worker with pid: 20591
[2026-05-30 12:18:42 +0800] [20592] [INFO] Booting worker with pid: 20592
[2026-05-30 12:18:42 +0800] [20593] [INFO] Booting worker with pid: 20593
[2026-05-30 12:18:42 +0800] [20594] [INFO] Booting worker with pid: 20594
[2026-05-30 12:18:43 +0800] [20595] [INFO] Booting worker with pid: 20595
[2026-05-30 12:18:43 +0800] [20596] [INFO] Booting worker with pid: 20596
[2026-05-30 12:18:43 +0800] [20597] [INFO] Booting worker with pid: 20597
[2026-05-30 12:18:43 +0800] [20598] [INFO] Booting worker with pid: 20598
[2026-05-30 12:18:43 +0800] [20599] [INFO] Booting worker with pid: 20599
[2026-05-30 12:18:43 +0800] [20600] [INFO] Booting worker with pid: 20600
[2026-05-30 12:18:43 +0800] [20601] [INFO] Booting worker with pid: 20601
[2026-05-30 12:18:43 +0800] [20602] [INFO] Booting worker with pid: 20602
[2026-05-30 12:18:43 +0800] [20603] [INFO] Booting worker with pid: 20603
[2026-05-30 12:18:43 +0800] [20604] [INFO] Booting worker with pid: 20604
[2026-05-30 12:18:43 +0800] [20605] [INFO] Booting worker with pid: 20605
[2026-05-30 12:18:43 +0800] [20606] [INFO] Booting worker with pid: 20606
[2026-05-30 12:18:43 +0800] [20607] [INFO] Booting worker with pid: 20607
[2026-05-30 12:18:43 +0800] [20608] [INFO] Booting worker with pid: 20608
[2026-05-30 12:18:43 +0800] [20609] [INFO] Booting worker with pid: 20609
[2026-05-30 12:18:43 +0800] [20610] [INFO] Booting worker with pid: 20610
[2026-05-30 12:18:43 +0800] [20611] [INFO] Booting worker with pid: 20611
[2026-05-30 12:18:44 +0800] [20612] [INFO] Booting worker with pid: 20612
[2026-05-30 12:18:44 +0800] [20613] [INFO] Booting worker with pid: 20613
[2026-05-30 12:18:44 +0800] [20615] [INFO] Booting worker with pid: 20615
[2026-05-30 12:18:44 +0800] [20587] [INFO] Control socket listening at /Users/sunmuchao/.gunicorn/gunicorn.ctl
[2026-05-30 12:29:03 +0800] [20587] [INFO] Handling signal: term
[2026-05-30 12:29:03 +0800] [20598] [INFO] Worker exiting (pid: 20598)
[2026-05-30 12:29:03 +0800] [20601] [INFO] Worker exiting (pid: 20601)
[2026-05-30 12:29:03 +0800] [20596] [INFO] Worker exiting (pid: 20596)
[2026-05-30 12:29:03 +0800] [20597] [INFO] Worker exiting (pid: 20597)
[2026-05-30 12:29:03 +0800] [20604] [INFO] Worker exiting (pid: 20604)
[2026-05-30 12:29:03 +0800] [20607] [INFO] Worker exiting (pid: 20607)
[2026-05-30 12:29:03 +0800] [20606] [INFO] Worker exiting (pid: 20606)
[2026-05-30 12:29:03 +0800] [20602] [INFO] Worker exiting (pid: 20602)
[2026-05-30 12:29:03 +0800] [20609] [INFO] Worker exiting (pid: 20609)
[2026-05-30 12:29:03 +0800] [20611] [INFO] Worker exiting (pid: 20611)
[2026-05-30 12:29:03 +0800] [20593] [INFO] Worker exiting (pid: 20593)
[2026-05-30 12:29:03 +0800] [20590] [INFO] Worker exiting (pid: 20590)
[2026-05-30 12:29:03 +0800] [20591] [INFO] Worker exiting (pid: 20591)
[2026-05-30 12:29:03 +0800] [20592] [INFO] Worker exiting (pid: 20592)
[2026-05-30 12:29:03 +0800] [20594] [INFO] Worker exiting (pid: 20594)
[2026-05-30 12:29:03 +0800] [20605] [INFO] Worker exiting (pid: 20605)
[2026-05-30 12:29:03 +0800] [20608] [INFO] Worker exiting (pid: 20608)
[2026-05-30 12:29:03 +0800] [20603] [INFO] Worker exiting (pid: 20603)
[2026-05-30 12:29:03 +0800] [20600] [INFO] Worker exiting (pid: 20600)
[2026-05-30 12:29:03 +0800] [20599] [INFO] Worker exiting (pid: 20599)
[2026-05-30 12:29:03 +0800] [20615] [INFO] Worker exiting (pid: 20615)
[2026-05-30 12:29:03 +0800] [20612] [INFO] Worker exiting (pid: 20612)
[2026-05-30 12:29:03 +0800] [20595] [INFO] Worker exiting (pid: 20595)
[2026-05-30 12:29:03 +0800] [20613] [INFO] Worker exiting (pid: 20613)
[2026-05-30 12:29:03 +0800] [20610] [INFO] Worker exiting (pid: 20610)
[2026-05-30 12:29:03 +0800] [20587] [INFO] Worker (pid:20607) was sent SIGTERM!
[2026-05-30 12:29:03 +0800] [20587] [INFO] Worker (pid:20606) was sent SIGTERM!
[2026-05-30 12:29:03 +0800] [20587] [INFO] Worker (pid:20604) was sent SIGTERM!
[2026-05-30 12:29:03 +0800] [20587] [INFO] Worker (pid:20602) was sent SIGTERM!
[2026-05-30 12:29:03 +0800] [20587] [INFO] Worker (pid:20598) was sent SIGTERM!
[2026-05-30 12:29:03 +0800] [20587] [INFO] Worker (pid:20597) was sent SIGTERM!
[2026-05-30 12:29:03 +0800] [20587] [INFO] Worker (pid:20596) was sent SIGTERM!
[2026-05-30 12:29:04 +0800] [20587] [INFO] Shutting down: Master
[2026-05-30 12:29:05 +0800] [21709] [INFO] Starting gunicorn 26.0.0
[2026-05-30 12:29:05 +0800] [21709] [INFO] Listening at: http://127.0.0.1:8765 (21709)
[2026-05-30 12:29:05 +0800] [21709] [INFO] Using worker: sync
[2026-05-30 12:29:05 +0800] [21712] [INFO] Booting worker with pid: 21712
[2026-05-30 12:29:05 +0800] [21713] [INFO] Booting worker with pid: 21713
[2026-05-30 12:29:05 +0800] [21714] [INFO] Booting worker with pid: 21714
[2026-05-30 12:29:05 +0800] [21715] [INFO] Booting worker with pid: 21715
[2026-05-30 12:29:05 +0800] [21717] [INFO] Booting worker with pid: 21717
[2026-05-30 12:29:05 +0800] [21718] [INFO] Booting worker with pid: 21718
[2026-05-30 12:29:05 +0800] [21719] [INFO] Booting worker with pid: 21719
[2026-05-30 12:29:05 +0800] [21720] [INFO] Booting worker with pid: 21720
[2026-05-30 12:29:05 +0800] [21721] [INFO] Booting worker with pid: 21721
[2026-05-30 12:29:06 +0800] [21722] [INFO] Booting worker with pid: 21722
[2026-05-30 12:29:06 +0800] [21723] [INFO] Booting worker with pid: 21723
[2026-05-30 12:29:06 +0800] [21724] [INFO] Booting worker with pid: 21724
[2026-05-30 12:29:06 +0800] [21725] [INFO] Booting worker with pid: 21725
[2026-05-30 12:29:06 +0800] [21726] [INFO] Booting worker with pid: 21726
[2026-05-30 12:29:06 +0800] [21727] [INFO] Booting worker with pid: 21727
[2026-05-30 12:29:06 +0800] [21728] [INFO] Booting worker with pid: 21728
[2026-05-30 12:29:06 +0800] [21729] [INFO] Booting worker with pid: 21729
[2026-05-30 12:29:06 +0800] [21730] [INFO] Booting worker with pid: 21730
[2026-05-30 12:29:06 +0800] [21731] [INFO] Booting worker with pid: 21731
[2026-05-30 12:29:06 +0800] [21732] [INFO] Booting worker with pid: 21732
[2026-05-30 12:29:06 +0800] [21733] [INFO] Booting worker with pid: 21733
[2026-05-30 12:29:06 +0800] [21734] [INFO] Booting worker with pid: 21734
[2026-05-30 12:29:06 +0800] [21735] [INFO] Booting worker with pid: 21735
[2026-05-30 12:29:06 +0800] [21736] [INFO] Booting worker with pid: 21736
[2026-05-30 12:29:06 +0800] [21737] [INFO] Booting worker with pid: 21737
[2026-05-30 12:29:06 +0800] [21709] [INFO] Control socket listening at /Users/sunmuchao/.gunicorn/gunicorn.ctl
[2026-05-30 12:30:23 +0800] [21709] [CRITICAL] WORKER TIMEOUT (pid:21732)
[2026-05-30 12:30:23 +0800] [21732] [ERROR] Error handling request GET /v1/profile/me?profile_id=2478
Traceback (most recent call last):
  File "/Users/sunmuchao/Downloads/Her/.venv/lib/python3.12/site-packages/gunicorn/workers/sync.py", line 141, in handle
    self.handle_request(listener, req, client, addr)
  File "/Users/sunmuchao/Downloads/Her/.venv/lib/python3.12/site-packages/gunicorn/workers/sync.py", line 184, in handle_request
    respiter = self.wsgi(environ, resp.start_response)
               ^^^^^^^^^^^^^^^^^^^^^^^^^^^^^^^^^^^^^^^
  File "/Users/sunmuchao/Downloads/Her/external-systems/partner-http-gateway/gateway/app.py", line 325, in __call__
    status_code, payload = self.dispatch_rest(environ)
                           ^^^^^^^^^^^^^^^^^^^^^^^^^^^
  File "/Users/sunmuchao/Downloads/Her/external-systems/partner-http-gateway/gateway/app.py", line 242, in dispatch_rest
    return dispatch_gateway_rest(self, environ)
           ^^^^^^^^^^^^^^^^^^^^^^^^^^^^^^^^^^^^
  File "/Users/sunmuchao/Downloads/Her/external-systems/partner-http-gateway/gateway/rest_dispatch.py", line 74, in dispatch_gateway_rest
    response = dispatcher(gateway, environ, method, path)
               ^^^^^^^^^^^^^^^^^^^^^^^^^^^^^^^^^^^^^^^^^^
  File "/Users/sunmuchao/Downloads/Her/external-systems/partner-http-gateway/gateway/collected_routes.py", line 135, in dispatch_collected_rest
    return rest_profile_me(gateway, environ)
           ^^^^^^^^^^^^^^^^^^^^^^^^^^^^^^^^^
  File "/Users/sunmuchao/Downloads/Her/external-systems/partner-http-gateway/gateway/collected_routes.py", line 79, in rest_profile_me
    row = get_profile(
          ^^^^^^^^^^^^
  File "/Users/sunmuchao/Downloads/Her/profile_service/api.py", line 359, in get_profile
    profile_conn = _connect_profile_db(source_dsn, use_pool=True, timeout=10.0)
                   ^^^^^^^^^^^^^^^^^^^^^^^^^^^^^^^^^^^^^^^^^^^^^^^^^^^^^^^^^^^^
  File "/Users/sunmuchao/Downloads/Her/profile_service/api.py", line 113, in _connect_profile_db
    return pool.acquire(timeout=timeout)
           ^^^^^^^^^^^^^^^^^^^^^^^^^^^^^
  File "/Users/sunmuchao/Downloads/Her/profile_service/api.py", line 63, in acquire
    raw = self._avail.pop() if self._avail else schema.mysql_database_connect(self._cfg)
                                                ^^^^^^^^^^^^^^^^^^^^^^^^^^^^^^^^^^^^^^^^
  File "/Users/sunmuchao/Downloads/Her/outer_system_mysql_schema.py", line 161, in mysql_database_connect
    return pymysql.connect(
           ^^^^^^^^^^^^^^^^
  File "/Users/sunmuchao/Downloads/Her/.venv/lib/python3.12/site-packages/pymysql/connections.py", line 365, in __init__
    self.connect()
  File "/Users/sunmuchao/Downloads/Her/.venv/lib/python3.12/site-packages/pymysql/connections.py", line 681, in connect
    self._request_authentication()
  File "/Users/sunmuchao/Downloads/Her/.venv/lib/python3.12/site-packages/pymysql/connections.py", line 958, in _request_authentication
    auth_packet = self._read_packet()
                  ^^^^^^^^^^^^^^^^^^^
  File "/Users/sunmuchao/Downloads/Her/.venv/lib/python3.12/site-packages/pymysql/connections.py", line 751, in _read_packet
    packet_header = self._read_bytes(4)
                    ^^^^^^^^^^^^^^^^^^^
  File "/Users/sunmuchao/Downloads/Her/.venv/lib/python3.12/site-packages/pymysql/connections.py", line 789, in _read_bytes
    data = self._rfile.read(num_bytes)
           ^^^^^^^^^^^^^^^^^^^^^^^^^^^
  File "/usr/local/Cellar/python@3.12/3.12.7_1/Frameworks/Python.framework/Versions/3.12/lib/python3.12/socket.py", line 720, in readinto
    return self._sock.recv_into(b)
           ^^^^^^^^^^^^^^^^^^^^^^^
  File "/Users/sunmuchao/Downloads/Her/.venv/lib/python3.12/site-packages/gunicorn/workers/base.py", line 198, in handle_abort
    sys.exit(1)
SystemExit: 1
[2026-05-30 12:30:23 +0800] [21732] [INFO] Worker exiting (pid: 21732)
[2026-05-30 12:30:23 +0800] [21709] [INFO] Control socket listening at /Users/sunmuchao/.gunicorn/gunicorn.ctl
[2026-05-30 12:30:23 +0800] [21896] [INFO] Booting worker with pid: 21896
[2026-05-30 12:31:23 +0800] [21709] [CRITICAL] WORKER TIMEOUT (pid:21736)
[2026-05-30 12:31:23 +0800] [21736] [ERROR] Error handling request GET /v1/persona/collected?profile_id=2478
Traceback (most recent call last):
  File "/Users/sunmuchao/Downloads/Her/.venv/lib/python3.12/site-packages/gunicorn/workers/sync.py", line 141, in handle
    self.handle_request(listener, req, client, addr)
  File "/Users/sunmuchao/Downloads/Her/.venv/lib/python3.12/site-packages/gunicorn/workers/sync.py", line 184, in handle_request
    respiter = self.wsgi(environ, resp.start_response)
               ^^^^^^^^^^^^^^^^^^^^^^^^^^^^^^^^^^^^^^^
  File "/Users/sunmuchao/Downloads/Her/external-systems/partner-http-gateway/gateway/app.py", line 325, in __call__
    status_code, payload = self.dispatch_rest(environ)
                           ^^^^^^^^^^^^^^^^^^^^^^^^^^^
  File "/Users/sunmuchao/Downloads/Her/external-systems/partner-http-gateway/gateway/app.py", line 242, in dispatch_rest
    return dispatch_gateway_rest(self, environ)
           ^^^^^^^^^^^^^^^^^^^^^^^^^^^^^^^^^^^^
  File "/Users/sunmuchao/Downloads/Her/external-systems/partner-http-gateway/gateway/rest_dispatch.py", line 74, in dispatch_gateway_rest
    response = dispatcher(gateway, environ, method, path)
               ^^^^^^^^^^^^^^^^^^^^^^^^^^^^^^^^^^^^^^^^^^
  File "/Users/sunmuchao/Downloads/Her/external-systems/partner-http-gateway/gateway/collected_routes.py", line 137, in dispatch_collected_rest
    return rest_persona_collected(gateway, environ)
           ^^^^^^^^^^^^^^^^^^^^^^^^^^^^^^^^^^^^^^^^
  File "/Users/sunmuchao/Downloads/Her/external-systems/partner-http-gateway/gateway/collected_routes.py", line 109, in rest_persona_collected
    bundle = load_collected_bundle(source=source, user_key=str(profile_id))
             ^^^^^^^^^^^^^^^^^^^^^^^^^^^^^^^^^^^^^^^^^^^^^^^^^^^^^^^^^^^^^^
  File "/Users/sunmuchao/Downloads/Her/match_domain/persona_loader.py", line 175, in load_collected_bundle
    persona = load_persona_row(source=source, user_key=user_key) or {}
              ^^^^^^^^^^^^^^^^^^^^^^^^^^^^^^^^^^^^^^^^^^^^^^^^^^
  File "/Users/sunmuchao/Downloads/Her/match_domain/persona_loader.py", line 20, in load_persona_row
    conn = mysql_connect(source)
           ^^^^^^^^^^^^^^^^^^^^^
  File "/Users/sunmuchao/Downloads/Her/persona_memory_sync/persona_memory_lib.py", line 631, in mysql_connect
    return pymysql.connect(**kwargs)
           ^^^^^^^^^^^^^^^^^^^^^^^^^
  File "/Users/sunmuchao/Downloads/Her/.venv/lib/python3.12/site-packages/pymysql/connections.py", line 365, in __init__
    self.connect()
  File "/Users/sunmuchao/Downloads/Her/.venv/lib/python3.12/site-packages/pymysql/connections.py", line 681, in connect
    self._request_authentication()
  File "/Users/sunmuchao/Downloads/Her/.venv/lib/python3.12/site-packages/pymysql/connections.py", line 958, in _request_authentication
    auth_packet = self._read_packet()
                  ^^^^^^^^^^^^^^^^^^^
  File "/Users/sunmuchao/Downloads/Her/.venv/lib/python3.12/site-packages/pymysql/connections.py", line 751, in _read_packet
    packet_header = self._read_bytes(4)
                    ^^^^^^^^^^^^^^^^^^^
  File "/Users/sunmuchao/Downloads/Her/.venv/lib/python3.12/site-packages/pymysql/connections.py", line 789, in _read_bytes
    data = self._rfile.read(num_bytes)
           ^^^^^^^^^^^^^^^^^^^^^^^^^^^
  File "/usr/local/Cellar/python@3.12/3.12.7_1/Frameworks/Python.framework/Versions/3.12/lib/python3.12/socket.py", line 720, in readinto
    return self._sock.recv_into(b)
           ^^^^^^^^^^^^^^^^^^^^^^^
  File "/Users/sunmuchao/Downloads/Her/.venv/lib/python3.12/site-packages/gunicorn/workers/base.py", line 198, in handle_abort
    sys.exit(1)
SystemExit: 1
[2026-05-30 12:31:23 +0800] [21736] [INFO] Worker exiting (pid: 21736)
[2026-05-30 12:31:23 +0800] [21709] [INFO] Control socket listening at /Users/sunmuchao/.gunicorn/gunicorn.ctl
[2026-05-30 12:31:23 +0800] [21996] [INFO] Booting worker with pid: 21996
[2026-05-30 12:31:28 +0800] [21709] [CRITICAL] WORKER TIMEOUT (pid:21734)
[2026-05-30 12:31:28 +0800] [21709] [CRITICAL] WORKER TIMEOUT (pid:21896)
[2026-05-30 12:31:28 +0800] [21734] [ERROR] Error handling request GET /v1/persona/collected?profile_id=2478
Traceback (most recent call last):
  File "/Users/sunmuchao/Downloads/Her/.venv/lib/python3.12/site-packages/gunicorn/workers/sync.py", line 141, in handle
    self.handle_request(listener, req, client, addr)
  File "/Users/sunmuchao/Downloads/Her/.venv/lib/python3.12/site-packages/gunicorn/workers/sync.py", line 184, in handle_request
    respiter = self.wsgi(environ, resp.start_response)
               ^^^^^^^^^^^^^^^^^^^^^^^^^^^^^^^^^^^^^^^
  File "/Users/sunmuchao/Downloads/Her/external-systems/partner-http-gateway/gateway/app.py", line 325, in __call__
    status_code, payload = self.dispatch_rest(environ)
                           ^^^^^^^^^^^^^^^^^^^^^^^^^^^
  File "/Users/sunmuchao/Downloads/Her/external-systems/partner-http-gateway/gateway/app.py", line 242, in dispatch_rest
    return dispatch_gateway_rest(self, environ)
           ^^^^^^^^^^^^^^^^^^^^^^^^^^^^^^^^^^^^
  File "/Users/sunmuchao/Downloads/Her/external-systems/partner-http-gateway/gateway/rest_dispatch.py", line 74, in dispatch_gateway_rest
    response = dispatcher(gateway, environ, method, path)
               ^^^^^^^^^^^^^^^^^^^^^^^^^^^^^^^^^^^^^^^^^^
  File "/Users/sunmuchao/Downloads/Her/external-systems/partner-http-gateway/gateway/collected_routes.py", line 137, in dispatch_collected_rest
    return rest_persona_collected(gateway, environ)
           ^^^^^^^^^^^^^^^^^^^^^^^^^^^^^^^^^^^^^^^^
  File "/Users/sunmuchao/Downloads/Her/external-systems/partner-http-gateway/gateway/collected_routes.py", line 109, in rest_persona_collected
    bundle = load_collected_bundle(source=source, user_key=str(profile_id))
             ^^^^^^^^^^^^^^^^^^^^^^^^^^^^^^^^^^^^^^^^^^^^^^^^^^^^^^^^^^^^^^
  File "/Users/sunmuchao/Downloads/Her/match_domain/persona_loader.py", line 175, in load_collected_bundle
    persona = load_persona_row(source=source, user_key=user_key) or {}
              ^^^^^^^^^^^^^^^^^^^^^^^^^^^^^^^^^^^^^^^^^^^^^^^^^^
  File "/Users/sunmuchao/Downloads/Her/match_domain/persona_loader.py", line 20, in load_persona_row
    conn = mysql_connect(source)
           ^^^^^^^^^^^^^^^^^^^^^
  File "/Users/sunmuchao/Downloads/Her/persona_memory_sync/persona_memory_lib.py", line 631, in mysql_connect
    return pymysql.connect(**kwargs)
           ^^^^^^^^^^^^^^^^^^^^^^^^^
  File "/Users/sunmuchao/Downloads/Her/.venv/lib/python3.12/site-packages/pymysql/connections.py", line 365, in __init__
    self.connect()
  File "/Users/sunmuchao/Downloads/Her/.venv/lib/python3.12/site-packages/pymysql/connections.py", line 681, in connect
    self._request_authentication()
  File "/Users/sunmuchao/Downloads/Her/.venv/lib/python3.12/site-packages/pymysql/connections.py", line 958, in _request_authentication
    auth_packet = self._read_packet()
                  ^^^^^^^^^^^^^^^^^^^
  File "/Users/sunmuchao/Downloads/Her/.venv/lib/python3.12/site-packages/pymysql/connections.py", line 751, in _read_packet
    packet_header = self._read_bytes(4)
                    ^^^^^^^^^^^^^^^^^^^
  File "/Users/sunmuchao/Downloads/Her/.venv/lib/python3.12/site-packages/pymysql/connections.py", line 789, in _read_bytes
    data = self._rfile.read(num_bytes)
           ^^^^^^^^^^^^^^^^^^^^^^^^^^^
  File "/usr/local/Cellar/python@3.12/3.12.7_1/Frameworks/Python.framework/Versions/3.12/lib/python3.12/socket.py", line 720, in readinto
    return self._sock.recv_into(b)
           ^^^^^^^^^^^^^^^^^^^^^^^
  File "/Users/sunmuchao/Downloads/Her/.venv/lib/python3.12/site-packages/gunicorn/workers/base.py", line 198, in handle_abort
    sys.exit(1)
SystemExit: 1
[2026-05-30 12:31:28 +0800] [21896] [ERROR] Error handling request GET /v1/profile/me?profile_id=2478
Traceback (most recent call last):
  File "/Users/sunmuchao/Downloads/Her/.venv/lib/python3.12/site-packages/gunicorn/workers/sync.py", line 141, in handle
    self.handle_request(listener, req, client, addr)
  File "/Users/sunmuchao/Downloads/Her/.venv/lib/python3.12/site-packages/gunicorn/workers/sync.py", line 184, in handle_request
    respiter = self.wsgi(environ, resp.start_response)
               ^^^^^^^^^^^^^^^^^^^^^^^^^^^^^^^^^^^^^^^
  File "/Users/sunmuchao/Downloads/Her/external-systems/partner-http-gateway/gateway/app.py", line 325, in __call__
    status_code, payload = self.dispatch_rest(environ)
                           ^^^^^^^^^^^^^^^^^^^^^^^^^^^
  File "/Users/sunmuchao/Downloads/Her/external-systems/partner-http-gateway/gateway/app.py", line 242, in dispatch_rest
    return dispatch_gateway_rest(self, environ)
           ^^^^^^^^^^^^^^^^^^^^^^^^^^^^^^^^^^^^
  File "/Users/sunmuchao/Downloads/Her/external-systems/partner-http-gateway/gateway/rest_dispatch.py", line 74, in dispatch_gateway_rest
    response = dispatcher(gateway, environ, method, path)
               ^^^^^^^^^^^^^^^^^^^^^^^^^^^^^^^^^^^^^^^^^^
  File "/Users/sunmuchao/Downloads/Her/external-systems/partner-http-gateway/gateway/collected_routes.py", line 135, in dispatch_collected_rest
    return rest_profile_me(gateway, environ)
           ^^^^^^^^^^^^^^^^^^^^^^^^^^^^^^^^^
  File "/Users/sunmuchao/Downloads/Her/external-systems/partner-http-gateway/gateway/collected_routes.py", line 79, in rest_profile_me
    row = get_profile(
          ^^^^^^^^^^^^
  File "/Users/sunmuchao/Downloads/Her/profile_service/api.py", line 359, in get_profile
    profile_conn = _connect_profile_db(source_dsn, use_pool=True, timeout=10.0)
                   ^^^^^^^^^^^^^^^^^^^^^^^^^^^^^^^^^^^^^^^^^^^^^^^^^^^^^^^^^^^^
  File "/Users/sunmuchao/Downloads/Her/profile_service/api.py", line 113, in _connect_profile_db
    return pool.acquire(timeout=timeout)
           ^^^^^^^^^^^^^^^^^^^^^^^^^^^^^
  File "/Users/sunmuchao/Downloads/Her/profile_service/api.py", line 63, in acquire
    raw = self._avail.pop() if self._avail else schema.mysql_database_connect(self._cfg)
                                                ^^^^^^^^^^^^^^^^^^^^^^^^^^^^^^^^^^^^^^^^
  File "/Users/sunmuchao/Downloads/Her/outer_system_mysql_schema.py", line 161, in mysql_database_connect
    return pymysql.connect(
           ^^^^^^^^^^^^^^^^
  File "/Users/sunmuchao/Downloads/Her/.venv/lib/python3.12/site-packages/pymysql/connections.py", line 365, in __init__
    self.connect()
  File "/Users/sunmuchao/Downloads/Her/.venv/lib/python3.12/site-packages/pymysql/connections.py", line 681, in connect
    self._request_authentication()
  File "/Users/sunmuchao/Downloads/Her/.venv/lib/python3.12/site-packages/pymysql/connections.py", line 958, in _request_authentication
    auth_packet = self._read_packet()
                  ^^^^^^^^^^^^^^^^^^^
  File "/Users/sunmuchao/Downloads/Her/.venv/lib/python3.12/site-packages/pymysql/connections.py", line 751, in _read_packet
    packet_header = self._read_bytes(4)
                    ^^^^^^^^^^^^^^^^^^^
  File "/Users/sunmuchao/Downloads/Her/.venv/lib/python3.12/site-packages/pymysql/connections.py", line 789, in _read_bytes
    data = self._rfile.read(num_bytes)
           ^^^^^^^^^^^^^^^^^^^^^^^^^^^
  File "/usr/local/Cellar/python@3.12/3.12.7_1/Frameworks/Python.framework/Versions/3.12/lib/python3.12/socket.py", line 720, in readinto
    return self._sock.recv_into(b)
           ^^^^^^^^^^^^^^^^^^^^^^^
  File "/Users/sunmuchao/Downloads/Her/.venv/lib/python3.12/site-packages/gunicorn/workers/base.py", line 198, in handle_abort
    sys.exit(1)
SystemExit: 1
[2026-05-30 12:31:28 +0800] [21734] [INFO] Worker exiting (pid: 21734)
[2026-05-30 12:31:28 +0800] [21896] [INFO] Worker exiting (pid: 21896)
[2026-05-30 12:31:29 +0800] [21709] [INFO] Control socket listening at /Users/sunmuchao/.gunicorn/gunicorn.ctl
[2026-05-30 12:31:29 +0800] [22003] [INFO] Booting worker with pid: 22003
[2026-05-30 12:31:29 +0800] [21709] [INFO] Control socket listening at /Users/sunmuchao/.gunicorn/gunicorn.ctl
[2026-05-30 12:31:29 +0800] [22004] [INFO] Booting worker with pid: 22004
[2026-05-30 12:31:30 +0800] [21709] [CRITICAL] WORKER TIMEOUT (pid:21712)
[2026-05-30 12:31:30 +0800] [21709] [CRITICAL] WORKER TIMEOUT (pid:21733)
[2026-05-30 12:31:30 +0800] [21712] [ERROR] Error handling request GET /v1/profile/me?profile_id=2478
Traceback (most recent call last):
  File "/Users/sunmuchao/Downloads/Her/.venv/lib/python3.12/site-packages/gunicorn/workers/sync.py", line 141, in handle
    self.handle_request(listener, req, client, addr)
  File "/Users/sunmuchao/Downloads/Her/.venv/lib/python3.12/site-packages/gunicorn/workers/sync.py", line 184, in handle_request
    respiter = self.wsgi(environ, resp.start_response)
               ^^^^^^^^^^^^^^^^^^^^^^^^^^^^^^^^^^^^^^^
  File "/Users/sunmuchao/Downloads/Her/external-systems/partner-http-gateway/gateway/app.py", line 325, in __call__
    status_code, payload = self.dispatch_rest(environ)
                           ^^^^^^^^^^^^^^^^^^^^^^^^^^^
  File "/Users/sunmuchao/Downloads/Her/external-systems/partner-http-gateway/gateway/app.py", line 242, in dispatch_rest
    return dispatch_gateway_rest(self, environ)
           ^^^^^^^^^^^^^^^^^^^^^^^^^^^^^^^^^^^^
  File "/Users/sunmuchao/Downloads/Her/external-systems/partner-http-gateway/gateway/rest_dispatch.py", line 74, in dispatch_gateway_rest
    response = dispatcher(gateway, environ, method, path)
               ^^^^^^^^^^^^^^^^^^^^^^^^^^^^^^^^^^^^^^^^^^
  File "/Users/sunmuchao/Downloads/Her/external-systems/partner-http-gateway/gateway/collected_routes.py", line 135, in dispatch_collected_rest
    return rest_profile_me(gateway, environ)
           ^^^^^^^^^^^^^^^^^^^^^^^^^^^^^^^^^
  File "/Users/sunmuchao/Downloads/Her/external-systems/partner-http-gateway/gateway/collected_routes.py", line 79, in rest_profile_me
    row = get_profile(
          ^^^^^^^^^^^^
  File "/Users/sunmuchao/Downloads/Her/profile_service/api.py", line 359, in get_profile
    profile_conn = _connect_profile_db(source_dsn, use_pool=True, timeout=10.0)
                   ^^^^^^^^^^^^^^^^^^^^^^^^^^^^^^^^^^^^^^^^^^^^^^^^^^^^^^^^^^^^
  File "/Users/sunmuchao/Downloads/Her/profile_service/api.py", line 113, in _connect_profile_db
    return pool.acquire(timeout=timeout)
           ^^^^^^^^^^^^^^^^^^^^^^^^^^^^^
  File "/Users/sunmuchao/Downloads/Her/profile_service/api.py", line 63, in acquire
    raw = self._avail.pop() if self._avail else schema.mysql_database_connect(self._cfg)
                                                ^^^^^^^^^^^^^^^^^^^^^^^^^^^^^^^^^^^^^^^^
  File "/Users/sunmuchao/Downloads/Her/outer_system_mysql_schema.py", line 161, in mysql_database_connect
    return pymysql.connect(
           ^^^^^^^^^^^^^^^^
  File "/Users/sunmuchao/Downloads/Her/.venv/lib/python3.12/site-packages/pymysql/connections.py", line 365, in __init__
    self.connect()
  File "/Users/sunmuchao/Downloads/Her/.venv/lib/python3.12/site-packages/pymysql/connections.py", line 681, in connect
    self._request_authentication()
  File "/Users/sunmuchao/Downloads/Her/.venv/lib/python3.12/site-packages/pymysql/connections.py", line 958, in _request_authentication
    auth_packet = self._read_packet()
                  ^^^^^^^^^^^^^^^^^^^
  File "/Users/sunmuchao/Downloads/Her/.venv/lib/python3.12/site-packages/pymysql/connections.py", line 751, in _read_packet
    packet_header = self._read_bytes(4)
                    ^^^^^^^^^^^^^^^^^^^
  File "/Users/sunmuchao/Downloads/Her/.venv/lib/python3.12/site-packages/pymysql/connections.py", line 789, in _read_bytes
    data = self._rfile.read(num_bytes)
           ^^^^^^^^^^^^^^^^^^^^^^^^^^^
  File "/usr/local/Cellar/python@3.12/3.12.7_1/Frameworks/Python.framework/Versions/3.12/lib/python3.12/socket.py", line 720, in readinto
    return self._sock.recv_into(b)
           ^^^^^^^^^^^^^^^^^^^^^^^
  File "/Users/sunmuchao/Downloads/Her/.venv/lib/python3.12/site-packages/gunicorn/workers/base.py", line 198, in handle_abort
    sys.exit(1)
SystemExit: 1
[2026-05-30 12:31:30 +0800] [21733] [ERROR] Error handling request GET /v1/persona/collected?profile_id=2478
Traceback (most recent call last):
  File "/Users/sunmuchao/Downloads/Her/.venv/lib/python3.12/site-packages/gunicorn/workers/sync.py", line 141, in handle
    self.handle_request(listener, req, client, addr)
  File "/Users/sunmuchao/Downloads/Her/.venv/lib/python3.12/site-packages/gunicorn/workers/sync.py", line 184, in handle_request
    respiter = self.wsgi(environ, resp.start_response)
               ^^^^^^^^^^^^^^^^^^^^^^^^^^^^^^^^^^^^^^^
  File "/Users/sunmuchao/Downloads/Her/external-systems/partner-http-gateway/gateway/app.py", line 325, in __call__
    status_code, payload = self.dispatch_rest(environ)
                           ^^^^^^^^^^^^^^^^^^^^^^^^^^^
  File "/Users/sunmuchao/Downloads/Her/external-systems/partner-http-gateway/gateway/app.py", line 242, in dispatch_rest
    return dispatch_gateway_rest(self, environ)
           ^^^^^^^^^^^^^^^^^^^^^^^^^^^^^^^^^^^^
  File "/Users/sunmuchao/Downloads/Her/external-systems/partner-http-gateway/gateway/rest_dispatch.py", line 74, in dispatch_gateway_rest
    response = dispatcher(gateway, environ, method, path)
               ^^^^^^^^^^^^^^^^^^^^^^^^^^^^^^^^^^^^^^^^^^
  File "/Users/sunmuchao/Downloads/Her/external-systems/partner-http-gateway/gateway/collected_routes.py", line 137, in dispatch_collected_rest
    return rest_persona_collected(gateway, environ)
           ^^^^^^^^^^^^^^^^^^^^^^^^^^^^^^^^^^^^^^^^
  File "/Users/sunmuchao/Downloads/Her/external-systems/partner-http-gateway/gateway/collected_routes.py", line 109, in rest_persona_collected
    bundle = load_collected_bundle(source=source, user_key=str(profile_id))
             ^^^^^^^^^^^^^^^^^^^^^^^^^^^^^^^^^^^^^^^^^^^^^^^^^^^^^^^^^^^^^^
  File "/Users/sunmuchao/Downloads/Her/match_domain/persona_loader.py", line 175, in load_collected_bundle
    persona = load_persona_row(source=source, user_key=user_key) or {}
              ^^^^^^^^^^^^^^^^^^^^^^^^^^^^^^^^^^^^^^^^^^^^^^^^^^
  File "/Users/sunmuchao/Downloads/Her/match_domain/persona_loader.py", line 20, in load_persona_row
    conn = mysql_connect(source)
           ^^^^^^^^^^^^^^^^^^^^^
  File "/Users/sunmuchao/Downloads/Her/persona_memory_sync/persona_memory_lib.py", line 631, in mysql_connect
    return pymysql.connect(**kwargs)
           ^^^^^^^^^^^^^^^^^^^^^^^^^
  File "/Users/sunmuchao/Downloads/Her/.venv/lib/python3.12/site-packages/pymysql/connections.py", line 365, in __init__
    self.connect()
  File "/Users/sunmuchao/Downloads/Her/.venv/lib/python3.12/site-packages/pymysql/connections.py", line 681, in connect
    self._request_authentication()
  File "/Users/sunmuchao/Downloads/Her/.venv/lib/python3.12/site-packages/pymysql/connections.py", line 958, in _request_authentication
    auth_packet = self._read_packet()
                  ^^^^^^^^^^^^^^^^^^^
  File "/Users/sunmuchao/Downloads/Her/.venv/lib/python3.12/site-packages/pymysql/connections.py", line 751, in _read_packet
    packet_header = self._read_bytes(4)
                    ^^^^^^^^^^^^^^^^^^^
  File "/Users/sunmuchao/Downloads/Her/.venv/lib/python3.12/site-packages/pymysql/connections.py", line 789, in _read_bytes
    data = self._rfile.read(num_bytes)
           ^^^^^^^^^^^^^^^^^^^^^^^^^^^
  File "/usr/local/Cellar/python@3.12/3.12.7_1/Frameworks/Python.framework/Versions/3.12/lib/python3.12/socket.py", line 720, in readinto
    return self._sock.recv_into(b)
           ^^^^^^^^^^^^^^^^^^^^^^^
  File "/Users/sunmuchao/Downloads/Her/.venv/lib/python3.12/site-packages/gunicorn/workers/base.py", line 198, in handle_abort
    sys.exit(1)
SystemExit: 1
[2026-05-30 12:31:30 +0800] [21733] [INFO] Worker exiting (pid: 21733)
[2026-05-30 12:31:30 +0800] [21712] [INFO] Worker exiting (pid: 21712)
[2026-05-30 12:31:30 +0800] [21709] [INFO] Control socket listening at /Users/sunmuchao/.gunicorn/gunicorn.ctl
[2026-05-30 12:31:30 +0800] [22008] [INFO] Booting worker with pid: 22008
[2026-05-30 12:31:30 +0800] [21709] [ERROR] Worker (pid:21733) was sent SIGKILL! Perhaps out of memory?
[2026-05-30 12:31:30 +0800] [21709] [INFO] Control socket listening at /Users/sunmuchao/.gunicorn/gunicorn.ctl
[2026-05-30 12:31:30 +0800] [22009] [INFO] Booting worker with pid: 22009
[2026-05-30 12:32:31 +0800] [21709] [CRITICAL] WORKER TIMEOUT (pid:21721)
[2026-05-30 12:32:31 +0800] [21721] [ERROR] Error handling request GET /v1/profile/me?profile_id=2478
Traceback (most recent call last):
  File "/Users/sunmuchao/Downloads/Her/.venv/lib/python3.12/site-packages/gunicorn/workers/sync.py", line 141, in handle
    self.handle_request(listener, req, client, addr)
  File "/Users/sunmuchao/Downloads/Her/.venv/lib/python3.12/site-packages/gunicorn/workers/sync.py", line 184, in handle_request
    respiter = self.wsgi(environ, resp.start_response)
               ^^^^^^^^^^^^^^^^^^^^^^^^^^^^^^^^^^^^^^^
  File "/Users/sunmuchao/Downloads/Her/external-systems/partner-http-gateway/gateway/app.py", line 325, in __call__
    status_code, payload = self.dispatch_rest(environ)
                           ^^^^^^^^^^^^^^^^^^^^^^^^^^^
  File "/Users/sunmuchao/Downloads/Her/external-systems/partner-http-gateway/gateway/app.py", line 242, in dispatch_rest
    return dispatch_gateway_rest(self, environ)
           ^^^^^^^^^^^^^^^^^^^^^^^^^^^^^^^^^^^^
  File "/Users/sunmuchao/Downloads/Her/external-systems/partner-http-gateway/gateway/rest_dispatch.py", line 74, in dispatch_gateway_rest
    response = dispatcher(gateway, environ, method, path)
               ^^^^^^^^^^^^^^^^^^^^^^^^^^^^^^^^^^^^^^^^^^
  File "/Users/sunmuchao/Downloads/Her/external-systems/partner-http-gateway/gateway/collected_routes.py", line 135, in dispatch_collected_rest
    return rest_profile_me(gateway, environ)
           ^^^^^^^^^^^^^^^^^^^^^^^^^^^^^^^^^
  File "/Users/sunmuchao/Downloads/Her/external-systems/partner-http-gateway/gateway/collected_routes.py", line 79, in rest_profile_me
    row = get_profile(
          ^^^^^^^^^^^^
  File "/Users/sunmuchao/Downloads/Her/profile_service/api.py", line 359, in get_profile
    profile_conn = _connect_profile_db(source_dsn, use_pool=True, timeout=10.0)
                   ^^^^^^^^^^^^^^^^^^^^^^^^^^^^^^^^^^^^^^^^^^^^^^^^^^^^^^^^^^^^
  File "/Users/sunmuchao/Downloads/Her/profile_service/api.py", line 113, in _connect_profile_db
    return pool.acquire(timeout=timeout)
           ^^^^^^^^^^^^^^^^^^^^^^^^^^^^^
  File "/Users/sunmuchao/Downloads/Her/profile_service/api.py", line 63, in acquire
    raw = self._avail.pop() if self._avail else schema.mysql_database_connect(self._cfg)
                                                ^^^^^^^^^^^^^^^^^^^^^^^^^^^^^^^^^^^^^^^^
  File "/Users/sunmuchao/Downloads/Her/outer_system_mysql_schema.py", line 161, in mysql_database_connect
    return pymysql.connect(
           ^^^^^^^^^^^^^^^^
  File "/Users/sunmuchao/Downloads/Her/.venv/lib/python3.12/site-packages/pymysql/connections.py", line 365, in __init__
    self.connect()
  File "/Users/sunmuchao/Downloads/Her/.venv/lib/python3.12/site-packages/pymysql/connections.py", line 681, in connect
    self._request_authentication()
  File "/Users/sunmuchao/Downloads/Her/.venv/lib/python3.12/site-packages/pymysql/connections.py", line 958, in _request_authentication
    auth_packet = self._read_packet()
                  ^^^^^^^^^^^^^^^^^^^
  File "/Users/sunmuchao/Downloads/Her/.venv/lib/python3.12/site-packages/pymysql/connections.py", line 751, in _read_packet
    packet_header = self._read_bytes(4)
                    ^^^^^^^^^^^^^^^^^^^
  File "/Users/sunmuchao/Downloads/Her/.venv/lib/python3.12/site-packages/pymysql/connections.py", line 789, in _read_bytes
    data = self._rfile.read(num_bytes)
           ^^^^^^^^^^^^^^^^^^^^^^^^^^^
  File "/usr/local/Cellar/python@3.12/3.12.7_1/Frameworks/Python.framework/Versions/3.12/lib/python3.12/socket.py", line 720, in readinto
    return self._sock.recv_into(b)
           ^^^^^^^^^^^^^^^^^^^^^^^
  File "/Users/sunmuchao/Downloads/Her/.venv/lib/python3.12/site-packages/gunicorn/workers/base.py", line 198, in handle_abort
    sys.exit(1)
SystemExit: 1
[2026-05-30 12:32:31 +0800] [21721] [INFO] Worker exiting (pid: 21721)
[2026-05-30 12:32:32 +0800] [21709] [INFO] Control socket listening at /Users/sunmuchao/.gunicorn/gunicorn.ctl
[2026-05-30 12:32:32 +0800] [22095] [INFO] Booting worker with pid: 22095
[2026-05-30 12:32:39 +0800] [21709] [CRITICAL] WORKER TIMEOUT (pid:21719)
[2026-05-30 12:32:39 +0800] [21709] [CRITICAL] WORKER TIMEOUT (pid:21722)
[2026-05-30 12:32:39 +0800] [21719] [ERROR] Error handling request GET /v1/profile/me?profile_id=2478
Traceback (most recent call last):
  File "/Users/sunmuchao/Downloads/Her/.venv/lib/python3.12/site-packages/gunicorn/workers/sync.py", line 141, in handle
    self.handle_request(listener, req, client, addr)
  File "/Users/sunmuchao/Downloads/Her/.venv/lib/python3.12/site-packages/gunicorn/workers/sync.py", line 184, in handle_request
    respiter = self.wsgi(environ, resp.start_response)
               ^^^^^^^^^^^^^^^^^^^^^^^^^^^^^^^^^^^^^^^
  File "/Users/sunmuchao/Downloads/Her/external-systems/partner-http-gateway/gateway/app.py", line 325, in __call__
    status_code, payload = self.dispatch_rest(environ)
                           ^^^^^^^^^^^^^^^^^^^^^^^^^^^
  File "/Users/sunmuchao/Downloads/Her/external-systems/partner-http-gateway/gateway/app.py", line 242, in dispatch_rest
    return dispatch_gateway_rest(self, environ)
           ^^^^^^^^^^^^^^^^^^^^^^^^^^^^^^^^^^^^
  File "/Users/sunmuchao/Downloads/Her/external-systems/partner-http-gateway/gateway/rest_dispatch.py", line 74, in dispatch_gateway_rest
    response = dispatcher(gateway, environ, method, path)
               ^^^^^^^^^^^^^^^^^^^^^^^^^^^^^^^^^^^^^^^^^^
  File "/Users/sunmuchao/Downloads/Her/external-systems/partner-http-gateway/gateway/collected_routes.py", line 135, in dispatch_collected_rest
    return rest_profile_me(gateway, environ)
           ^^^^^^^^^^^^^^^^^^^^^^^^^^^^^^^^^
  File "/Users/sunmuchao/Downloads/Her/external-systems/partner-http-gateway/gateway/collected_routes.py", line 79, in rest_profile_me
    row = get_profile(
          ^^^^^^^^^^^^
  File "/Users/sunmuchao/Downloads/Her/profile_service/api.py", line 359, in get_profile
    profile_conn = _connect_profile_db(source_dsn, use_pool=True, timeout=10.0)
                   ^^^^^^^^^^^^^^^^^^^^^^^^^^^^^^^^^^^^^^^^^^^^^^^^^^^^^^^^^^^^
  File "/Users/sunmuchao/Downloads/Her/profile_service/api.py", line 113, in _connect_profile_db
    return pool.acquire(timeout=timeout)
           ^^^^^^^^^^^^^^^^^^^^^^^^^^^^^
  File "/Users/sunmuchao/Downloads/Her/profile_service/api.py", line 63, in acquire
    raw = self._avail.pop() if self._avail else schema.mysql_database_connect(self._cfg)
                                                ^^^^^^^^^^^^^^^^^^^^^^^^^^^^^^^^^^^^^^^^
  File "/Users/sunmuchao/Downloads/Her/outer_system_mysql_schema.py", line 161, in mysql_database_connect
    return pymysql.connect(
           ^^^^^^^^^^^^^^^^
  File "/Users/sunmuchao/Downloads/Her/.venv/lib/python3.12/site-packages/pymysql/connections.py", line 365, in __init__
    self.connect()
  File "/Users/sunmuchao/Downloads/Her/.venv/lib/python3.12/site-packages/pymysql/connections.py", line 681, in connect
    self._request_authentication()
  File "/Users/sunmuchao/Downloads/Her/.venv/lib/python3.12/site-packages/pymysql/connections.py", line 958, in _request_authentication
    auth_packet = self._read_packet()
                  ^^^^^^^^^^^^^^^^^^^
  File "/Users/sunmuchao/Downloads/Her/.venv/lib/python3.12/site-packages/pymysql/connections.py", line 751, in _read_packet
    packet_header = self._read_bytes(4)
                    ^^^^^^^^^^^^^^^^^^^
  File "/Users/sunmuchao/Downloads/Her/.venv/lib/python3.12/site-packages/pymysql/connections.py", line 789, in _read_bytes
    data = self._rfile.read(num_bytes)
           ^^^^^^^^^^^^^^^^^^^^^^^^^^^
  File "/usr/local/Cellar/python@3.12/3.12.7_1/Frameworks/Python.framework/Versions/3.12/lib/python3.12/socket.py", line 720, in readinto
    return self._sock.recv_into(b)
           ^^^^^^^^^^^^^^^^^^^^^^^
  File "/Users/sunmuchao/Downloads/Her/.venv/lib/python3.12/site-packages/gunicorn/workers/base.py", line 198, in handle_abort
    sys.exit(1)
SystemExit: 1
[2026-05-30 12:32:39 +0800] [21722] [ERROR] Error handling request GET /v1/persona/collected?profile_id=2478
Traceback (most recent call last):
  File "/Users/sunmuchao/Downloads/Her/.venv/lib/python3.12/site-packages/gunicorn/workers/sync.py", line 141, in handle
    self.handle_request(listener, req, client, addr)
  File "/Users/sunmuchao/Downloads/Her/.venv/lib/python3.12/site-packages/gunicorn/workers/sync.py", line 184, in handle_request
    respiter = self.wsgi(environ, resp.start_response)
               ^^^^^^^^^^^^^^^^^^^^^^^^^^^^^^^^^^^^^^^
  File "/Users/sunmuchao/Downloads/Her/external-systems/partner-http-gateway/gateway/app.py", line 325, in __call__
    status_code, payload = self.dispatch_rest(environ)
                           ^^^^^^^^^^^^^^^^^^^^^^^^^^^
  File "/Users/sunmuchao/Downloads/Her/external-systems/partner-http-gateway/gateway/app.py", line 242, in dispatch_rest
    return dispatch_gateway_rest(self, environ)
           ^^^^^^^^^^^^^^^^^^^^^^^^^^^^^^^^^^^^
  File "/Users/sunmuchao/Downloads/Her/external-systems/partner-http-gateway/gateway/rest_dispatch.py", line 74, in dispatch_gateway_rest
    response = dispatcher(gateway, environ, method, path)
               ^^^^^^^^^^^^^^^^^^^^^^^^^^^^^^^^^^^^^^^^^^
  File "/Users/sunmuchao/Downloads/Her/external-systems/partner-http-gateway/gateway/collected_routes.py", line 137, in dispatch_collected_rest
    return rest_persona_collected(gateway, environ)
           ^^^^^^^^^^^^^^^^^^^^^^^^^^^^^^^^^^^^^^^^
  File "/Users/sunmuchao/Downloads/Her/external-systems/partner-http-gateway/gateway/collected_routes.py", line 109, in rest_persona_collected
    bundle = load_collected_bundle(source=source, user_key=str(profile_id))
             ^^^^^^^^^^^^^^^^^^^^^^^^^^^^^^^^^^^^^^^^^^^^^^^^^^^^^^^^^^^^^^
  File "/Users/sunmuchao/Downloads/Her/match_domain/persona_loader.py", line 175, in load_collected_bundle
    persona = load_persona_row(source=source, user_key=user_key) or {}
              ^^^^^^^^^^^^^^^^^^^^^^^^^^^^^^^^^^^^^^^^^^^^^^^^^^
  File "/Users/sunmuchao/Downloads/Her/match_domain/persona_loader.py", line 20, in load_persona_row
    conn = mysql_connect(source)
           ^^^^^^^^^^^^^^^^^^^^^
  File "/Users/sunmuchao/Downloads/Her/persona_memory_sync/persona_memory_lib.py", line 631, in mysql_connect
    return pymysql.connect(**kwargs)
           ^^^^^^^^^^^^^^^^^^^^^^^^^
  File "/Users/sunmuchao/Downloads/Her/.venv/lib/python3.12/site-packages/pymysql/connections.py", line 365, in __init__
    self.connect()
  File "/Users/sunmuchao/Downloads/Her/.venv/lib/python3.12/site-packages/pymysql/connections.py", line 681, in connect
    self._request_authentication()
  File "/Users/sunmuchao/Downloads/Her/.venv/lib/python3.12/site-packages/pymysql/connections.py", line 958, in _request_authentication
    auth_packet = self._read_packet()
                  ^^^^^^^^^^^^^^^^^^^
  File "/Users/sunmuchao/Downloads/Her/.venv/lib/python3.12/site-packages/pymysql/connections.py", line 751, in _read_packet
    packet_header = self._read_bytes(4)
                    ^^^^^^^^^^^^^^^^^^^
  File "/Users/sunmuchao/Downloads/Her/.venv/lib/python3.12/site-packages/pymysql/connections.py", line 789, in _read_bytes
    data = self._rfile.read(num_bytes)
           ^^^^^^^^^^^^^^^^^^^^^^^^^^^
  File "/usr/local/Cellar/python@3.12/3.12.7_1/Frameworks/Python.framework/Versions/3.12/lib/python3.12/socket.py", line 720, in readinto
    return self._sock.recv_into(b)
           ^^^^^^^^^^^^^^^^^^^^^^^
  File "/Users/sunmuchao/Downloads/Her/.venv/lib/python3.12/site-packages/gunicorn/workers/base.py", line 198, in handle_abort
    sys.exit(1)
SystemExit: 1
[2026-05-30 12:32:39 +0800] [21719] [INFO] Worker exiting (pid: 21719)
[2026-05-30 12:32:39 +0800] [21722] [INFO] Worker exiting (pid: 21722)
[2026-05-30 12:32:39 +0800] [21709] [INFO] Control socket listening at /Users/sunmuchao/.gunicorn/gunicorn.ctl
[2026-05-30 12:32:39 +0800] [22108] [INFO] Booting worker with pid: 22108
[2026-05-30 12:32:39 +0800] [21709] [INFO] Control socket listening at /Users/sunmuchao/.gunicorn/gunicorn.ctl
[2026-05-30 12:32:39 +0800] [22109] [INFO] Booting worker with pid: 22109
[2026-05-30 12:32:40 +0800] [21709] [CRITICAL] WORKER TIMEOUT (pid:21714)
[2026-05-30 12:32:40 +0800] [21709] [CRITICAL] WORKER TIMEOUT (pid:21728)
[2026-05-30 12:32:40 +0800] [21714] [ERROR] Error handling request GET /v1/profile/me?profile_id=2478
Traceback (most recent call last):
  File "/Users/sunmuchao/Downloads/Her/.venv/lib/python3.12/site-packages/gunicorn/workers/sync.py", line 141, in handle
    self.handle_request(listener, req, client, addr)
  File "/Users/sunmuchao/Downloads/Her/.venv/lib/python3.12/site-packages/gunicorn/workers/sync.py", line 184, in handle_request
    respiter = self.wsgi(environ, resp.start_response)
               ^^^^^^^^^^^^^^^^^^^^^^^^^^^^^^^^^^^^^^^
  File "/Users/sunmuchao/Downloads/Her/external-systems/partner-http-gateway/gateway/app.py", line 325, in __call__
    status_code, payload = self.dispatch_rest(environ)
                           ^^^^^^^^^^^^^^^^^^^^^^^^^^^
  File "/Users/sunmuchao/Downloads/Her/external-systems/partner-http-gateway/gateway/app.py", line 242, in dispatch_rest
    return dispatch_gateway_rest(self, environ)
           ^^^^^^^^^^^^^^^^^^^^^^^^^^^^^^^^^^^^
  File "/Users/sunmuchao/Downloads/Her/external-systems/partner-http-gateway/gateway/rest_dispatch.py", line 74, in dispatch_gateway_rest
    response = dispatcher(gateway, environ, method, path)
               ^^^^^^^^^^^^^^^^^^^^^^^^^^^^^^^^^^^^^^^^^^
  File "/Users/sunmuchao/Downloads/Her/external-systems/partner-http-gateway/gateway/collected_routes.py", line 135, in dispatch_collected_rest
    return rest_profile_me(gateway, environ)
           ^^^^^^^^^^^^^^^^^^^^^^^^^^^^^^^^^
  File "/Users/sunmuchao/Downloads/Her/external-systems/partner-http-gateway/gateway/collected_routes.py", line 79, in rest_profile_me
    row = get_profile(
          ^^^^^^^^^^^^
  File "/Users/sunmuchao/Downloads/Her/profile_service/api.py", line 359, in get_profile
    profile_conn = _connect_profile_db(source_dsn, use_pool=True, timeout=10.0)
                   ^^^^^^^^^^^^^^^^^^^^^^^^^^^^^^^^^^^^^^^^^^^^^^^^^^^^^^^^^^^^
  File "/Users/sunmuchao/Downloads/Her/profile_service/api.py", line 113, in _connect_profile_db
    return pool.acquire(timeout=timeout)
           ^^^^^^^^^^^^^^^^^^^^^^^^^^^^^
  File "/Users/sunmuchao/Downloads/Her/profile_service/api.py", line 63, in acquire
    raw = self._avail.pop() if self._avail else schema.mysql_database_connect(self._cfg)
                                                ^^^^^^^^^^^^^^^^^^^^^^^^^^^^^^^^^^^^^^^^
  File "/Users/sunmuchao/Downloads/Her/outer_system_mysql_schema.py", line 161, in mysql_database_connect
    return pymysql.connect(
           ^^^^^^^^^^^^^^^^
  File "/Users/sunmuchao/Downloads/Her/.venv/lib/python3.12/site-packages/pymysql/connections.py", line 365, in __init__
    self.connect()
  File "/Users/sunmuchao/Downloads/Her/.venv/lib/python3.12/site-packages/pymysql/connections.py", line 681, in connect
    self._request_authentication()
  File "/Users/sunmuchao/Downloads/Her/.venv/lib/python3.12/site-packages/pymysql/connections.py", line 958, in _request_authentication
    auth_packet = self._read_packet()
                  ^^^^^^^^^^^^^^^^^^^
  File "/Users/sunmuchao/Downloads/Her/.venv/lib/python3.12/site-packages/pymysql/connections.py", line 751, in _read_packet
    packet_header = self._read_bytes(4)
                    ^^^^^^^^^^^^^^^^^^^
  File "/Users/sunmuchao/Downloads/Her/.venv/lib/python3.12/site-packages/pymysql/connections.py", line 789, in _read_bytes
    data = self._rfile.read(num_bytes)
           ^^^^^^^^^^^^^^^^^^^^^^^^^^^
  File "/usr/local/Cellar/python@3.12/3.12.7_1/Frameworks/Python.framework/Versions/3.12/lib/python3.12/socket.py", line 720, in readinto
    return self._sock.recv_into(b)
           ^^^^^^^^^^^^^^^^^^^^^^^
  File "/Users/sunmuchao/Downloads/Her/.venv/lib/python3.12/site-packages/gunicorn/workers/base.py", line 198, in handle_abort
    sys.exit(1)
SystemExit: 1
[2026-05-30 12:32:40 +0800] [21728] [ERROR] Error handling request GET /v1/persona/collected?profile_id=2478
Traceback (most recent call last):
  File "/Users/sunmuchao/Downloads/Her/.venv/lib/python3.12/site-packages/gunicorn/workers/sync.py", line 141, in handle
    self.handle_request(listener, req, client, addr)
  File "/Users/sunmuchao/Downloads/Her/.venv/lib/python3.12/site-packages/gunicorn/workers/sync.py", line 184, in handle_request
    respiter = self.wsgi(environ, resp.start_response)
               ^^^^^^^^^^^^^^^^^^^^^^^^^^^^^^^^^^^^^^^
  File "/Users/sunmuchao/Downloads/Her/external-systems/partner-http-gateway/gateway/app.py", line 325, in __call__
    status_code, payload = self.dispatch_rest(environ)
                           ^^^^^^^^^^^^^^^^^^^^^^^^^^^
  File "/Users/sunmuchao/Downloads/Her/external-systems/partner-http-gateway/gateway/app.py", line 242, in dispatch_rest
    return dispatch_gateway_rest(self, environ)
           ^^^^^^^^^^^^^^^^^^^^^^^^^^^^^^^^^^^^
  File "/Users/sunmuchao/Downloads/Her/external-systems/partner-http-gateway/gateway/rest_dispatch.py", line 74, in dispatch_gateway_rest
    response = dispatcher(gateway, environ, method, path)
               ^^^^^^^^^^^^^^^^^^^^^^^^^^^^^^^^^^^^^^^^^^
  File "/Users/sunmuchao/Downloads/Her/external-systems/partner-http-gateway/gateway/collected_routes.py", line 137, in dispatch_collected_rest
    return rest_persona_collected(gateway, environ)
           ^^^^^^^^^^^^^^^^^^^^^^^^^^^^^^^^^^^^^^^^
  File "/Users/sunmuchao/Downloads/Her/external-systems/partner-http-gateway/gateway/collected_routes.py", line 109, in rest_persona_collected
    bundle = load_collected_bundle(source=source, user_key=str(profile_id))
             ^^^^^^^^^^^^^^^^^^^^^^^^^^^^^^^^^^^^^^^^^^^^^^^^^^^^^^^^^^^^^^
  File "/Users/sunmuchao/Downloads/Her/match_domain/persona_loader.py", line 175, in load_collected_bundle
    persona = load_persona_row(source=source, user_key=user_key) or {}
              ^^^^^^^^^^^^^^^^^^^^^^^^^^^^^^^^^^^^^^^^^^^^^^^^^^
  File "/Users/sunmuchao/Downloads/Her/match_domain/persona_loader.py", line 20, in load_persona_row
    conn = mysql_connect(source)
           ^^^^^^^^^^^^^^^^^^^^^
  File "/Users/sunmuchao/Downloads/Her/persona_memory_sync/persona_memory_lib.py", line 631, in mysql_connect
    return pymysql.connect(**kwargs)
           ^^^^^^^^^^^^^^^^^^^^^^^^^
  File "/Users/sunmuchao/Downloads/Her/.venv/lib/python3.12/site-packages/pymysql/connections.py", line 365, in __init__
    self.connect()
  File "/Users/sunmuchao/Downloads/Her/.venv/lib/python3.12/site-packages/pymysql/connections.py", line 681, in connect
    self._request_authentication()
  File "/Users/sunmuchao/Downloads/Her/.venv/lib/python3.12/site-packages/pymysql/connections.py", line 958, in _request_authentication
    auth_packet = self._read_packet()
                  ^^^^^^^^^^^^^^^^^^^
  File "/Users/sunmuchao/Downloads/Her/.venv/lib/python3.12/site-packages/pymysql/connections.py", line 751, in _read_packet
    packet_header = self._read_bytes(4)
                    ^^^^^^^^^^^^^^^^^^^
  File "/Users/sunmuchao/Downloads/Her/.venv/lib/python3.12/site-packages/pymysql/connections.py", line 789, in _read_bytes
    data = self._rfile.read(num_bytes)
           ^^^^^^^^^^^^^^^^^^^^^^^^^^^
  File "/usr/local/Cellar/python@3.12/3.12.7_1/Frameworks/Python.framework/Versions/3.12/lib/python3.12/socket.py", line 720, in readinto
    return self._sock.recv_into(b)
           ^^^^^^^^^^^^^^^^^^^^^^^
  File "/Users/sunmuchao/Downloads/Her/.venv/lib/python3.12/site-packages/gunicorn/workers/base.py", line 198, in handle_abort
    sys.exit(1)
SystemExit: 1
[2026-05-30 12:32:40 +0800] [21714] [INFO] Worker exiting (pid: 21714)
[2026-05-30 12:32:40 +0800] [21728] [INFO] Worker exiting (pid: 21728)
[2026-05-30 12:32:40 +0800] [21709] [INFO] Control socket listening at /Users/sunmuchao/.gunicorn/gunicorn.ctl
[2026-05-30 12:32:40 +0800] [22113] [INFO] Booting worker with pid: 22113
[2026-05-30 12:32:41 +0800] [21709] [ERROR] Worker (pid:21728) was sent SIGKILL! Perhaps out of memory?
[2026-05-30 12:32:41 +0800] [21709] [INFO] Control socket listening at /Users/sunmuchao/.gunicorn/gunicorn.ctl
[2026-05-30 12:32:41 +0800] [22115] [INFO] Booting worker with pid: 22115
[2026-05-30 12:33:17 +0800] [21709] [CRITICAL] WORKER TIMEOUT (pid:21723)
[2026-05-30 12:33:17 +0800] [21709] [CRITICAL] WORKER TIMEOUT (pid:21727)
[2026-05-30 12:33:17 +0800] [21727] [ERROR] Error handling request GET /v1/profile/me?profile_id=2478
Traceback (most recent call last):
  File "/Users/sunmuchao/Downloads/Her/.venv/lib/python3.12/site-packages/gunicorn/workers/sync.py", line 141, in handle
    self.handle_request(listener, req, client, addr)
  File "/Users/sunmuchao/Downloads/Her/.venv/lib/python3.12/site-packages/gunicorn/workers/sync.py", line 184, in handle_request
    respiter = self.wsgi(environ, resp.start_response)
               ^^^^^^^^^^^^^^^^^^^^^^^^^^^^^^^^^^^^^^^
  File "/Users/sunmuchao/Downloads/Her/external-systems/partner-http-gateway/gateway/app.py", line 325, in __call__
    status_code, payload = self.dispatch_rest(environ)
                           ^^^^^^^^^^^^^^^^^^^^^^^^^^^
  File "/Users/sunmuchao/Downloads/Her/external-systems/partner-http-gateway/gateway/app.py", line 242, in dispatch_rest
    return dispatch_gateway_rest(self, environ)
           ^^^^^^^^^^^^^^^^^^^^^^^^^^^^^^^^^^^^
  File "/Users/sunmuchao/Downloads/Her/external-systems/partner-http-gateway/gateway/rest_dispatch.py", line 74, in dispatch_gateway_rest
    response = dispatcher(gateway, environ, method, path)
               ^^^^^^^^^^^^^^^^^^^^^^^^^^^^^^^^^^^^^^^^^^
  File "/Users/sunmuchao/Downloads/Her/external-systems/partner-http-gateway/gateway/collected_routes.py", line 135, in dispatch_collected_rest
    return rest_profile_me(gateway, environ)
           ^^^^^^^^^^^^^^^^^^^^^^^^^^^^^^^^^
  File "/Users/sunmuchao/Downloads/Her/external-systems/partner-http-gateway/gateway/collected_routes.py", line 79, in rest_profile_me
    row = get_profile(
          ^^^^^^^^^^^^
  File "/Users/sunmuchao/Downloads/Her/profile_service/api.py", line 359, in get_profile
    profile_conn = _connect_profile_db(source_dsn, use_pool=True, timeout=10.0)
                   ^^^^^^^^^^^^^^^^^^^^^^^^^^^^^^^^^^^^^^^^^^^^^^^^^^^^^^^^^^^^
  File "/Users/sunmuchao/Downloads/Her/profile_service/api.py", line 113, in _connect_profile_db
    return pool.acquire(timeout=timeout)
           ^^^^^^^^^^^^^^^^^^^^^^^^^^^^^
  File "/Users/sunmuchao/Downloads/Her/profile_service/api.py", line 63, in acquire
    raw = self._avail.pop() if self._avail else schema.mysql_database_connect(self._cfg)
                                                ^^^^^^^^^^^^^^^^^^^^^^^^^^^^^^^^^^^^^^^^
  File "/Users/sunmuchao/Downloads/Her/outer_system_mysql_schema.py", line 161, in mysql_database_connect
    return pymysql.connect(
           ^^^^^^^^^^^^^^^^
  File "/Users/sunmuchao/Downloads/Her/.venv/lib/python3.12/site-packages/pymysql/connections.py", line 365, in __init__
    self.connect()
  File "/Users/sunmuchao/Downloads/Her/.venv/lib/python3.12/site-packages/pymysql/connections.py", line 681, in connect
    self._request_authentication()
  File "/Users/sunmuchao/Downloads/Her/.venv/lib/python3.12/site-packages/pymysql/connections.py", line 958, in _request_authentication
    auth_packet = self._read_packet()
                  ^^^^^^^^^^^^^^^^^^^
  File "/Users/sunmuchao/Downloads/Her/.venv/lib/python3.12/site-packages/pymysql/connections.py", line 751, in _read_packet
    packet_header = self._read_bytes(4)
                    ^^^^^^^^^^^^^^^^^^^
  File "/Users/sunmuchao/Downloads/Her/.venv/lib/python3.12/site-packages/pymysql/connections.py", line 789, in _read_bytes
    data = self._rfile.read(num_bytes)
           ^^^^^^^^^^^^^^^^^^^^^^^^^^^
  File "/usr/local/Cellar/python@3.12/3.12.7_1/Frameworks/Python.framework/Versions/3.12/lib/python3.12/socket.py", line 720, in readinto
    return self._sock.recv_into(b)
           ^^^^^^^^^^^^^^^^^^^^^^^
  File "/Users/sunmuchao/Downloads/Her/.venv/lib/python3.12/site-packages/gunicorn/workers/base.py", line 198, in handle_abort
    sys.exit(1)
SystemExit: 1
[2026-05-30 12:33:17 +0800] [21723] [ERROR] Error handling request GET /v1/persona/collected?profile_id=2478
Traceback (most recent call last):
  File "/Users/sunmuchao/Downloads/Her/.venv/lib/python3.12/site-packages/gunicorn/workers/sync.py", line 141, in handle
    self.handle_request(listener, req, client, addr)
  File "/Users/sunmuchao/Downloads/Her/.venv/lib/python3.12/site-packages/gunicorn/workers/sync.py", line 184, in handle_request
    respiter = self.wsgi(environ, resp.start_response)
               ^^^^^^^^^^^^^^^^^^^^^^^^^^^^^^^^^^^^^^^
  File "/Users/sunmuchao/Downloads/Her/external-systems/partner-http-gateway/gateway/app.py", line 325, in __call__
    status_code, payload = self.dispatch_rest(environ)
                           ^^^^^^^^^^^^^^^^^^^^^^^^^^^
  File "/Users/sunmuchao/Downloads/Her/external-systems/partner-http-gateway/gateway/app.py", line 242, in dispatch_rest
    return dispatch_gateway_rest(self, environ)
           ^^^^^^^^^^^^^^^^^^^^^^^^^^^^^^^^^^^^
  File "/Users/sunmuchao/Downloads/Her/external-systems/partner-http-gateway/gateway/rest_dispatch.py", line 74, in dispatch_gateway_rest
    response = dispatcher(gateway, environ, method, path)
               ^^^^^^^^^^^^^^^^^^^^^^^^^^^^^^^^^^^^^^^^^^
  File "/Users/sunmuchao/Downloads/Her/external-systems/partner-http-gateway/gateway/collected_routes.py", line 137, in dispatch_collected_rest
    return rest_persona_collected(gateway, environ)
           ^^^^^^^^^^^^^^^^^^^^^^^^^^^^^^^^^^^^^^^^
  File "/Users/sunmuchao/Downloads/Her/external-systems/partner-http-gateway/gateway/collected_routes.py", line 109, in rest_persona_collected
    bundle = load_collected_bundle(source=source, user_key=str(profile_id))
             ^^^^^^^^^^^^^^^^^^^^^^^^^^^^^^^^^^^^^^^^^^^^^^^^^^^^^^^^^^^^^^
  File "/Users/sunmuchao/Downloads/Her/match_domain/persona_loader.py", line 175, in load_collected_bundle
    persona = load_persona_row(source=source, user_key=user_key) or {}
              ^^^^^^^^^^^^^^^^^^^^^^^^^^^^^^^^^^^^^^^^^^^^^^^^^^
  File "/Users/sunmuchao/Downloads/Her/match_domain/persona_loader.py", line 20, in load_persona_row
    conn = mysql_connect(source)
           ^^^^^^^^^^^^^^^^^^^^^
  File "/Users/sunmuchao/Downloads/Her/persona_memory_sync/persona_memory_lib.py", line 631, in mysql_connect
    return pymysql.connect(**kwargs)
           ^^^^^^^^^^^^^^^^^^^^^^^^^
  File "/Users/sunmuchao/Downloads/Her/.venv/lib/python3.12/site-packages/pymysql/connections.py", line 365, in __init__
    self.connect()
  File "/Users/sunmuchao/Downloads/Her/.venv/lib/python3.12/site-packages/pymysql/connections.py", line 681, in connect
    self._request_authentication()
  File "/Users/sunmuchao/Downloads/Her/.venv/lib/python3.12/site-packages/pymysql/connections.py", line 958, in _request_authentication
    auth_packet = self._read_packet()
                  ^^^^^^^^^^^^^^^^^^^
  File "/Users/sunmuchao/Downloads/Her/.venv/lib/python3.12/site-packages/pymysql/connections.py", line 751, in _read_packet
    packet_header = self._read_bytes(4)
                    ^^^^^^^^^^^^^^^^^^^
  File "/Users/sunmuchao/Downloads/Her/.venv/lib/python3.12/site-packages/pymysql/connections.py", line 789, in _read_bytes
    data = self._rfile.read(num_bytes)
           ^^^^^^^^^^^^^^^^^^^^^^^^^^^
  File "/usr/local/Cellar/python@3.12/3.12.7_1/Frameworks/Python.framework/Versions/3.12/lib/python3.12/socket.py", line 720, in readinto
    return self._sock.recv_into(b)
           ^^^^^^^^^^^^^^^^^^^^^^^
  File "/Users/sunmuchao/Downloads/Her/.venv/lib/python3.12/site-packages/gunicorn/workers/base.py", line 198, in handle_abort
    sys.exit(1)
SystemExit: 1
[2026-05-30 12:33:17 +0800] [21727] [INFO] Worker exiting (pid: 21727)
[2026-05-30 12:33:17 +0800] [21723] [INFO] Worker exiting (pid: 21723)
[2026-05-30 12:33:17 +0800] [21709] [INFO] Control socket listening at /Users/sunmuchao/.gunicorn/gunicorn.ctl
[2026-05-30 12:33:17 +0800] [22147] [INFO] Booting worker with pid: 22147
[2026-05-30 12:33:17 +0800] [21709] [INFO] Control socket listening at /Users/sunmuchao/.gunicorn/gunicorn.ctl
[2026-05-30 12:33:17 +0800] [22148] [INFO] Booting worker with pid: 22148
[2026-05-30 12:33:36 +0800] [21709] [CRITICAL] WORKER TIMEOUT (pid:21715)
[2026-05-30 12:33:36 +0800] [21709] [CRITICAL] WORKER TIMEOUT (pid:21720)
[2026-05-30 12:33:36 +0800] [21715] [ERROR] Error handling request GET /v1/persona/collected?profile_id=2478
Traceback (most recent call last):
  File "/Users/sunmuchao/Downloads/Her/.venv/lib/python3.12/site-packages/gunicorn/workers/sync.py", line 141, in handle
    self.handle_request(listener, req, client, addr)
  File "/Users/sunmuchao/Downloads/Her/.venv/lib/python3.12/site-packages/gunicorn/workers/sync.py", line 184, in handle_request
    respiter = self.wsgi(environ, resp.start_response)
               ^^^^^^^^^^^^^^^^^^^^^^^^^^^^^^^^^^^^^^^
  File "/Users/sunmuchao/Downloads/Her/external-systems/partner-http-gateway/gateway/app.py", line 325, in __call__
    status_code, payload = self.dispatch_rest(environ)
                           ^^^^^^^^^^^^^^^^^^^^^^^^^^^
  File "/Users/sunmuchao/Downloads/Her/external-systems/partner-http-gateway/gateway/app.py", line 242, in dispatch_rest
    return dispatch_gateway_rest(self, environ)
           ^^^^^^^^^^^^^^^^^^^^^^^^^^^^^^^^^^^^
  File "/Users/sunmuchao/Downloads/Her/external-systems/partner-http-gateway/gateway/rest_dispatch.py", line 74, in dispatch_gateway_rest
    response = dispatcher(gateway, environ, method, path)
               ^^^^^^^^^^^^^^^^^^^^^^^^^^^^^^^^^^^^^^^^^^
  File "/Users/sunmuchao/Downloads/Her/external-systems/partner-http-gateway/gateway/collected_routes.py", line 137, in dispatch_collected_rest
    return rest_persona_collected(gateway, environ)
           ^^^^^^^^^^^^^^^^^^^^^^^^^^^^^^^^^^^^^^^^
  File "/Users/sunmuchao/Downloads/Her/external-systems/partner-http-gateway/gateway/collected_routes.py", line 109, in rest_persona_collected
    bundle = load_collected_bundle(source=source, user_key=str(profile_id))
             ^^^^^^^^^^^^^^^^^^^^^^^^^^^^^^^^^^^^^^^^^^^^^^^^^^^^^^^^^^^^^^
  File "/Users/sunmuchao/Downloads/Her/match_domain/persona_loader.py", line 175, in load_collected_bundle
    persona = load_persona_row(source=source, user_key=user_key) or {}
              ^^^^^^^^^^^^^^^^^^^^^^^^^^^^^^^^^^^^^^^^^^^^^^^^^^
  File "/Users/sunmuchao/Downloads/Her/match_domain/persona_loader.py", line 20, in load_persona_row
    conn = mysql_connect(source)
           ^^^^^^^^^^^^^^^^^^^^^
  File "/Users/sunmuchao/Downloads/Her/persona_memory_sync/persona_memory_lib.py", line 631, in mysql_connect
    return pymysql.connect(**kwargs)
           ^^^^^^^^^^^^^^^^^^^^^^^^^
  File "/Users/sunmuchao/Downloads/Her/.venv/lib/python3.12/site-packages/pymysql/connections.py", line 365, in __init__
    self.connect()
  File "/Users/sunmuchao/Downloads/Her/.venv/lib/python3.12/site-packages/pymysql/connections.py", line 681, in connect
    self._request_authentication()
  File "/Users/sunmuchao/Downloads/Her/.venv/lib/python3.12/site-packages/pymysql/connections.py", line 958, in _request_authentication
    auth_packet = self._read_packet()
                  ^^^^^^^^^^^^^^^^^^^
  File "/Users/sunmuchao/Downloads/Her/.venv/lib/python3.12/site-packages/pymysql/connections.py", line 751, in _read_packet
    packet_header = self._read_bytes(4)
                    ^^^^^^^^^^^^^^^^^^^
  File "/Users/sunmuchao/Downloads/Her/.venv/lib/python3.12/site-packages/pymysql/connections.py", line 789, in _read_bytes
    data = self._rfile.read(num_bytes)
           ^^^^^^^^^^^^^^^^^^^^^^^^^^^
  File "/usr/local/Cellar/python@3.12/3.12.7_1/Frameworks/Python.framework/Versions/3.12/lib/python3.12/socket.py", line 720, in readinto
    return self._sock.recv_into(b)
           ^^^^^^^^^^^^^^^^^^^^^^^
  File "/Users/sunmuchao/Downloads/Her/.venv/lib/python3.12/site-packages/gunicorn/workers/base.py", line 198, in handle_abort
    sys.exit(1)
SystemExit: 1
[2026-05-30 12:33:36 +0800] [21715] [INFO] Worker exiting (pid: 21715)
[2026-05-30 12:33:36 +0800] [21720] [ERROR] Error handling request GET /v1/profile/me?profile_id=2478
Traceback (most recent call last):
  File "/Users/sunmuchao/Downloads/Her/.venv/lib/python3.12/site-packages/gunicorn/workers/sync.py", line 141, in handle
    self.handle_request(listener, req, client, addr)
  File "/Users/sunmuchao/Downloads/Her/.venv/lib/python3.12/site-packages/gunicorn/workers/sync.py", line 184, in handle_request
    respiter = self.wsgi(environ, resp.start_response)
               ^^^^^^^^^^^^^^^^^^^^^^^^^^^^^^^^^^^^^^^
  File "/Users/sunmuchao/Downloads/Her/external-systems/partner-http-gateway/gateway/app.py", line 325, in __call__
    status_code, payload = self.dispatch_rest(environ)
                           ^^^^^^^^^^^^^^^^^^^^^^^^^^^
  File "/Users/sunmuchao/Downloads/Her/external-systems/partner-http-gateway/gateway/app.py", line 242, in dispatch_rest
    return dispatch_gateway_rest(self, environ)
           ^^^^^^^^^^^^^^^^^^^^^^^^^^^^^^^^^^^^
  File "/Users/sunmuchao/Downloads/Her/external-systems/partner-http-gateway/gateway/rest_dispatch.py", line 74, in dispatch_gateway_rest
    response = dispatcher(gateway, environ, method, path)
               ^^^^^^^^^^^^^^^^^^^^^^^^^^^^^^^^^^^^^^^^^^
  File "/Users/sunmuchao/Downloads/Her/external-systems/partner-http-gateway/gateway/collected_routes.py", line 135, in dispatch_collected_rest
    return rest_profile_me(gateway, environ)
           ^^^^^^^^^^^^^^^^^^^^^^^^^^^^^^^^^
  File "/Users/sunmuchao/Downloads/Her/external-systems/partner-http-gateway/gateway/collected_routes.py", line 79, in rest_profile_me
    row = get_profile(
          ^^^^^^^^^^^^
  File "/Users/sunmuchao/Downloads/Her/profile_service/api.py", line 359, in get_profile
    profile_conn = _connect_profile_db(source_dsn, use_pool=True, timeout=10.0)
                   ^^^^^^^^^^^^^^^^^^^^^^^^^^^^^^^^^^^^^^^^^^^^^^^^^^^^^^^^^^^^
  File "/Users/sunmuchao/Downloads/Her/profile_service/api.py", line 113, in _connect_profile_db
    return pool.acquire(timeout=timeout)
           ^^^^^^^^^^^^^^^^^^^^^^^^^^^^^
  File "/Users/sunmuchao/Downloads/Her/profile_service/api.py", line 63, in acquire
    raw = self._avail.pop() if self._avail else schema.mysql_database_connect(self._cfg)
                                                ^^^^^^^^^^^^^^^^^^^^^^^^^^^^^^^^^^^^^^^^
  File "/Users/sunmuchao/Downloads/Her/outer_system_mysql_schema.py", line 161, in mysql_database_connect
    return pymysql.connect(
           ^^^^^^^^^^^^^^^^
  File "/Users/sunmuchao/Downloads/Her/.venv/lib/python3.12/site-packages/pymysql/connections.py", line 365, in __init__
    self.connect()
  File "/Users/sunmuchao/Downloads/Her/.venv/lib/python3.12/site-packages/pymysql/connections.py", line 681, in connect
    self._request_authentication()
  File "/Users/sunmuchao/Downloads/Her/.venv/lib/python3.12/site-packages/pymysql/connections.py", line 958, in _request_authentication
    auth_packet = self._read_packet()
                  ^^^^^^^^^^^^^^^^^^^
  File "/Users/sunmuchao/Downloads/Her/.venv/lib/python3.12/site-packages/pymysql/connections.py", line 751, in _read_packet
    packet_header = self._read_bytes(4)
                    ^^^^^^^^^^^^^^^^^^^
  File "/Users/sunmuchao/Downloads/Her/.venv/lib/python3.12/site-packages/pymysql/connections.py", line 789, in _read_bytes
    data = self._rfile.read(num_bytes)
           ^^^^^^^^^^^^^^^^^^^^^^^^^^^
  File "/usr/local/Cellar/python@3.12/3.12.7_1/Frameworks/Python.framework/Versions/3.12/lib/python3.12/socket.py", line 720, in readinto
    return self._sock.recv_into(b)
           ^^^^^^^^^^^^^^^^^^^^^^^
  File "/Users/sunmuchao/Downloads/Her/.venv/lib/python3.12/site-packages/gunicorn/workers/base.py", line 198, in handle_abort
    sys.exit(1)
SystemExit: 1
[2026-05-30 12:33:36 +0800] [21720] [INFO] Worker exiting (pid: 21720)
[2026-05-30 12:33:37 +0800] [21709] [INFO] Control socket listening at /Users/sunmuchao/.gunicorn/gunicorn.ctl
[2026-05-30 12:33:37 +0800] [22226] [INFO] Booting worker with pid: 22226
[2026-05-30 12:33:37 +0800] [21709] [INFO] Control socket listening at /Users/sunmuchao/.gunicorn/gunicorn.ctl
[2026-05-30 12:33:37 +0800] [22227] [INFO] Booting worker with pid: 22227
[2026-05-30 12:34:38 +0800] [21709] [CRITICAL] WORKER TIMEOUT (pid:22004)
[2026-05-30 12:34:38 +0800] [21709] [CRITICAL] WORKER TIMEOUT (pid:22008)
[2026-05-30 12:34:38 +0800] [22004] [ERROR] Error handling request GET /v1/profile/me?profile_id=2478
Traceback (most recent call last):
  File "/Users/sunmuchao/Downloads/Her/.venv/lib/python3.12/site-packages/gunicorn/workers/sync.py", line 141, in handle
    self.handle_request(listener, req, client, addr)
  File "/Users/sunmuchao/Downloads/Her/.venv/lib/python3.12/site-packages/gunicorn/workers/sync.py", line 184, in handle_request
    respiter = self.wsgi(environ, resp.start_response)
               ^^^^^^^^^^^^^^^^^^^^^^^^^^^^^^^^^^^^^^^
  File "/Users/sunmuchao/Downloads/Her/external-systems/partner-http-gateway/gateway/app.py", line 325, in __call__
    status_code, payload = self.dispatch_rest(environ)
                           ^^^^^^^^^^^^^^^^^^^^^^^^^^^
  File "/Users/sunmuchao/Downloads/Her/external-systems/partner-http-gateway/gateway/app.py", line 242, in dispatch_rest
    return dispatch_gateway_rest(self, environ)
           ^^^^^^^^^^^^^^^^^^^^^^^^^^^^^^^^^^^^
  File "/Users/sunmuchao/Downloads/Her/external-systems/partner-http-gateway/gateway/rest_dispatch.py", line 74, in dispatch_gateway_rest
    response = dispatcher(gateway, environ, method, path)
               ^^^^^^^^^^^^^^^^^^^^^^^^^^^^^^^^^^^^^^^^^^
  File "/Users/sunmuchao/Downloads/Her/external-systems/partner-http-gateway/gateway/collected_routes.py", line 135, in dispatch_collected_rest
    return rest_profile_me(gateway, environ)
           ^^^^^^^^^^^^^^^^^^^^^^^^^^^^^^^^^
  File "/Users/sunmuchao/Downloads/Her/external-systems/partner-http-gateway/gateway/collected_routes.py", line 79, in rest_profile_me
    row = get_profile(
          ^^^^^^^^^^^^
  File "/Users/sunmuchao/Downloads/Her/profile_service/api.py", line 359, in get_profile
    profile_conn = _connect_profile_db(source_dsn, use_pool=True, timeout=10.0)
                   ^^^^^^^^^^^^^^^^^^^^^^^^^^^^^^^^^^^^^^^^^^^^^^^^^^^^^^^^^^^^
  File "/Users/sunmuchao/Downloads/Her/profile_service/api.py", line 113, in _connect_profile_db
    return pool.acquire(timeout=timeout)
           ^^^^^^^^^^^^^^^^^^^^^^^^^^^^^
  File "/Users/sunmuchao/Downloads/Her/profile_service/api.py", line 63, in acquire
    raw = self._avail.pop() if self._avail else schema.mysql_database_connect(self._cfg)
                                                ^^^^^^^^^^^^^^^^^^^^^^^^^^^^^^^^^^^^^^^^
  File "/Users/sunmuchao/Downloads/Her/outer_system_mysql_schema.py", line 161, in mysql_database_connect
    return pymysql.connect(
           ^^^^^^^^^^^^^^^^
  File "/Users/sunmuchao/Downloads/Her/.venv/lib/python3.12/site-packages/pymysql/connections.py", line 365, in __init__
    self.connect()
  File "/Users/sunmuchao/Downloads/Her/.venv/lib/python3.12/site-packages/pymysql/connections.py", line 681, in connect
    self._request_authentication()
  File "/Users/sunmuchao/Downloads/Her/.venv/lib/python3.12/site-packages/pymysql/connections.py", line 958, in _request_authentication
    auth_packet = self._read_packet()
                  ^^^^^^^^^^^^^^^^^^^
  File "/Users/sunmuchao/Downloads/Her/.venv/lib/python3.12/site-packages/pymysql/connections.py", line 751, in _read_packet
    packet_header = self._read_bytes(4)
                    ^^^^^^^^^^^^^^^^^^^
  File "/Users/sunmuchao/Downloads/Her/.venv/lib/python3.12/site-packages/pymysql/connections.py", line 789, in _read_bytes
    data = self._rfile.read(num_bytes)
           ^^^^^^^^^^^^^^^^^^^^^^^^^^^
  File "/usr/local/Cellar/python@3.12/3.12.7_1/Frameworks/Python.framework/Versions/3.12/lib/python3.12/socket.py", line 720, in readinto
    return self._sock.recv_into(b)
           ^^^^^^^^^^^^^^^^^^^^^^^
  File "/Users/sunmuchao/Downloads/Her/.venv/lib/python3.12/site-packages/gunicorn/workers/base.py", line 198, in handle_abort
    sys.exit(1)
SystemExit: 1
[2026-05-30 12:34:38 +0800] [22008] [ERROR] Error handling request GET /v1/persona/collected?profile_id=2478
Traceback (most recent call last):
  File "/Users/sunmuchao/Downloads/Her/.venv/lib/python3.12/site-packages/gunicorn/workers/sync.py", line 141, in handle
    self.handle_request(listener, req, client, addr)
  File "/Users/sunmuchao/Downloads/Her/.venv/lib/python3.12/site-packages/gunicorn/workers/sync.py", line 184, in handle_request
    respiter = self.wsgi(environ, resp.start_response)
               ^^^^^^^^^^^^^^^^^^^^^^^^^^^^^^^^^^^^^^^
  File "/Users/sunmuchao/Downloads/Her/external-systems/partner-http-gateway/gateway/app.py", line 325, in __call__
    status_code, payload = self.dispatch_rest(environ)
                           ^^^^^^^^^^^^^^^^^^^^^^^^^^^
  File "/Users/sunmuchao/Downloads/Her/external-systems/partner-http-gateway/gateway/app.py", line 242, in dispatch_rest
    return dispatch_gateway_rest(self, environ)
           ^^^^^^^^^^^^^^^^^^^^^^^^^^^^^^^^^^^^
  File "/Users/sunmuchao/Downloads/Her/external-systems/partner-http-gateway/gateway/rest_dispatch.py", line 74, in dispatch_gateway_rest
    response = dispatcher(gateway, environ, method, path)
               ^^^^^^^^^^^^^^^^^^^^^^^^^^^^^^^^^^^^^^^^^^
  File "/Users/sunmuchao/Downloads/Her/external-systems/partner-http-gateway/gateway/collected_routes.py", line 137, in dispatch_collected_rest
    return rest_persona_collected(gateway, environ)
           ^^^^^^^^^^^^^^^^^^^^^^^^^^^^^^^^^^^^^^^^
  File "/Users/sunmuchao/Downloads/Her/external-systems/partner-http-gateway/gateway/collected_routes.py", line 109, in rest_persona_collected
    bundle = load_collected_bundle(source=source, user_key=str(profile_id))
             ^^^^^^^^^^^^^^^^^^^^^^^^^^^^^^^^^^^^^^^^^^^^^^^^^^^^^^^^^^^^^^
  File "/Users/sunmuchao/Downloads/Her/match_domain/persona_loader.py", line 175, in load_collected_bundle
    persona = load_persona_row(source=source, user_key=user_key) or {}
              ^^^^^^^^^^^^^^^^^^^^^^^^^^^^^^^^^^^^^^^^^^^^^^^^^^
  File "/Users/sunmuchao/Downloads/Her/match_domain/persona_loader.py", line 20, in load_persona_row
    conn = mysql_connect(source)
           ^^^^^^^^^^^^^^^^^^^^^
  File "/Users/sunmuchao/Downloads/Her/persona_memory_sync/persona_memory_lib.py", line 631, in mysql_connect
    return pymysql.connect(**kwargs)
           ^^^^^^^^^^^^^^^^^^^^^^^^^
  File "/Users/sunmuchao/Downloads/Her/.venv/lib/python3.12/site-packages/pymysql/connections.py", line 365, in __init__
    self.connect()
  File "/Users/sunmuchao/Downloads/Her/.venv/lib/python3.12/site-packages/pymysql/connections.py", line 681, in connect
    self._request_authentication()
  File "/Users/sunmuchao/Downloads/Her/.venv/lib/python3.12/site-packages/pymysql/connections.py", line 958, in _request_authentication
    auth_packet = self._read_packet()
                  ^^^^^^^^^^^^^^^^^^^
  File "/Users/sunmuchao/Downloads/Her/.venv/lib/python3.12/site-packages/pymysql/connections.py", line 751, in _read_packet
    packet_header = self._read_bytes(4)
                    ^^^^^^^^^^^^^^^^^^^
  File "/Users/sunmuchao/Downloads/Her/.venv/lib/python3.12/site-packages/pymysql/connections.py", line 789, in _read_bytes
    data = self._rfile.read(num_bytes)
           ^^^^^^^^^^^^^^^^^^^^^^^^^^^
  File "/usr/local/Cellar/python@3.12/3.12.7_1/Frameworks/Python.framework/Versions/3.12/lib/python3.12/socket.py", line 720, in readinto
    return self._sock.recv_into(b)
           ^^^^^^^^^^^^^^^^^^^^^^^
  File "/Users/sunmuchao/Downloads/Her/.venv/lib/python3.12/site-packages/gunicorn/workers/base.py", line 198, in handle_abort
    sys.exit(1)
SystemExit: 1
[2026-05-30 12:34:38 +0800] [22004] [INFO] Worker exiting (pid: 22004)
[2026-05-30 12:34:38 +0800] [22008] [INFO] Worker exiting (pid: 22008)
[2026-05-30 12:34:38 +0800] [21709] [INFO] Control socket listening at /Users/sunmuchao/.gunicorn/gunicorn.ctl
[2026-05-30 12:34:38 +0800] [22435] [INFO] Booting worker with pid: 22435
[2026-05-30 12:34:38 +0800] [21709] [ERROR] Worker (pid:22008) was sent SIGKILL! Perhaps out of memory?
[2026-05-30 12:34:38 +0800] [21709] [INFO] Control socket listening at /Users/sunmuchao/.gunicorn/gunicorn.ctl
[2026-05-30 12:34:38 +0800] [22436] [INFO] Booting worker with pid: 22436
[2026-05-30 12:39:05 +0800] [21709] [CRITICAL] WORKER TIMEOUT (pid:21729)
[2026-05-30 12:39:05 +0800] [21709] [CRITICAL] WORKER TIMEOUT (pid:22115)
[2026-05-30 12:39:05 +0800] [22115] [ERROR] Error handling request GET /v1/persona/collected?profile_id=2478
Traceback (most recent call last):
  File "/Users/sunmuchao/Downloads/Her/.venv/lib/python3.12/site-packages/gunicorn/workers/sync.py", line 141, in handle
    self.handle_request(listener, req, client, addr)
  File "/Users/sunmuchao/Downloads/Her/.venv/lib/python3.12/site-packages/gunicorn/workers/sync.py", line 184, in handle_request
    respiter = self.wsgi(environ, resp.start_response)
               ^^^^^^^^^^^^^^^^^^^^^^^^^^^^^^^^^^^^^^^
  File "/Users/sunmuchao/Downloads/Her/external-systems/partner-http-gateway/gateway/app.py", line 325, in __call__
    status_code, payload = self.dispatch_rest(environ)
                           ^^^^^^^^^^^^^^^^^^^^^^^^^^^
  File "/Users/sunmuchao/Downloads/Her/external-systems/partner-http-gateway/gateway/app.py", line 242, in dispatch_rest
    return dispatch_gateway_rest(self, environ)
           ^^^^^^^^^^^^^^^^^^^^^^^^^^^^^^^^^^^^
  File "/Users/sunmuchao/Downloads/Her/external-systems/partner-http-gateway/gateway/rest_dispatch.py", line 74, in dispatch_gateway_rest
    response = dispatcher(gateway, environ, method, path)
               ^^^^^^^^^^^^^^^^^^^^^^^^^^^^^^^^^^^^^^^^^^
  File "/Users/sunmuchao/Downloads/Her/external-systems/partner-http-gateway/gateway/collected_routes.py", line 137, in dispatch_collected_rest
    return rest_persona_collected(gateway, environ)
           ^^^^^^^^^^^^^^^^^^^^^^^^^^^^^^^^^^^^^^^^
  File "/Users/sunmuchao/Downloads/Her/external-systems/partner-http-gateway/gateway/collected_routes.py", line 109, in rest_persona_collected
    bundle = load_collected_bundle(source=source, user_key=str(profile_id))
             ^^^^^^^^^^^^^^^^^^^^^^^^^^^^^^^^^^^^^^^^^^^^^^^^^^^^^^^^^^^^^^
  File "/Users/sunmuchao/Downloads/Her/match_domain/persona_loader.py", line 175, in load_collected_bundle
    persona = load_persona_row(source=source, user_key=user_key) or {}
              ^^^^^^^^^^^^^^^^^^^^^^^^^^^^^^^^^^^^^^^^^^^^^^^^^^
  File "/Users/sunmuchao/Downloads/Her/match_domain/persona_loader.py", line 20, in load_persona_row
    conn = mysql_connect(source)
           ^^^^^^^^^^^^^^^^^^^^^
  File "/Users/sunmuchao/Downloads/Her/persona_memory_sync/persona_memory_lib.py", line 631, in mysql_connect
    return pymysql.connect(**kwargs)
           ^^^^^^^^^^^^^^^^^^^^^^^^^
  File "/Users/sunmuchao/Downloads/Her/.venv/lib/python3.12/site-packages/pymysql/connections.py", line 365, in __init__
    self.connect()
  File "/Users/sunmuchao/Downloads/Her/.venv/lib/python3.12/site-packages/pymysql/connections.py", line 681, in connect
    self._request_authentication()
  File "/Users/sunmuchao/Downloads/Her/.venv/lib/python3.12/site-packages/pymysql/connections.py", line 958, in _request_authentication
    auth_packet = self._read_packet()
                  ^^^^^^^^^^^^^^^^^^^
  File "/Users/sunmuchao/Downloads/Her/.venv/lib/python3.12/site-packages/pymysql/connections.py", line 751, in _read_packet
    packet_header = self._read_bytes(4)
                    ^^^^^^^^^^^^^^^^^^^
  File "/Users/sunmuchao/Downloads/Her/.venv/lib/python3.12/site-packages/pymysql/connections.py", line 789, in _read_bytes
    data = self._rfile.read(num_bytes)
           ^^^^^^^^^^^^^^^^^^^^^^^^^^^
  File "/usr/local/Cellar/python@3.12/3.12.7_1/Frameworks/Python.framework/Versions/3.12/lib/python3.12/socket.py", line 720, in readinto
    return self._sock.recv_into(b)
           ^^^^^^^^^^^^^^^^^^^^^^^
  File "/Users/sunmuchao/Downloads/Her/.venv/lib/python3.12/site-packages/gunicorn/workers/base.py", line 198, in handle_abort
    sys.exit(1)
SystemExit: 1
[2026-05-30 12:39:05 +0800] [21729] [ERROR] Error handling request GET /v1/persona/collected?profile_id=2478
Traceback (most recent call last):
  File "/Users/sunmuchao/Downloads/Her/.venv/lib/python3.12/site-packages/gunicorn/workers/sync.py", line 141, in handle
    self.handle_request(listener, req, client, addr)
  File "/Users/sunmuchao/Downloads/Her/.venv/lib/python3.12/site-packages/gunicorn/workers/sync.py", line 184, in handle_request
    respiter = self.wsgi(environ, resp.start_response)
               ^^^^^^^^^^^^^^^^^^^^^^^^^^^^^^^^^^^^^^^
  File "/Users/sunmuchao/Downloads/Her/external-systems/partner-http-gateway/gateway/app.py", line 325, in __call__
    status_code, payload = self.dispatch_rest(environ)
                           ^^^^^^^^^^^^^^^^^^^^^^^^^^^
  File "/Users/sunmuchao/Downloads/Her/external-systems/partner-http-gateway/gateway/app.py", line 242, in dispatch_rest
    return dispatch_gateway_rest(self, environ)
           ^^^^^^^^^^^^^^^^^^^^^^^^^^^^^^^^^^^^
  File "/Users/sunmuchao/Downloads/Her/external-systems/partner-http-gateway/gateway/rest_dispatch.py", line 74, in dispatch_gateway_rest
    response = dispatcher(gateway, environ, method, path)
               ^^^^^^^^^^^^^^^^^^^^^^^^^^^^^^^^^^^^^^^^^^
  File "/Users/sunmuchao/Downloads/Her/external-systems/partner-http-gateway/gateway/collected_routes.py", line 137, in dispatch_collected_rest
    return rest_persona_collected(gateway, environ)
           ^^^^^^^^^^^^^^^^^^^^^^^^^^^^^^^^^^^^^^^^
  File "/Users/sunmuchao/Downloads/Her/external-systems/partner-http-gateway/gateway/collected_routes.py", line 109, in rest_persona_collected
    bundle = load_collected_bundle(source=source, user_key=str(profile_id))
             ^^^^^^^^^^^^^^^^^^^^^^^^^^^^^^^^^^^^^^^^^^^^^^^^^^^^^^^^^^^^^^
  File "/Users/sunmuchao/Downloads/Her/match_domain/persona_loader.py", line 175, in load_collected_bundle
    persona = load_persona_row(source=source, user_key=user_key) or {}
              ^^^^^^^^^^^^^^^^^^^^^^^^^^^^^^^^^^^^^^^^^^^^^^^^^^
  File "/Users/sunmuchao/Downloads/Her/match_domain/persona_loader.py", line 20, in load_persona_row
    conn = mysql_connect(source)
           ^^^^^^^^^^^^^^^^^^^^^
  File "/Users/sunmuchao/Downloads/Her/persona_memory_sync/persona_memory_lib.py", line 631, in mysql_connect
    return pymysql.connect(**kwargs)
           ^^^^^^^^^^^^^^^^^^^^^^^^^
  File "/Users/sunmuchao/Downloads/Her/.venv/lib/python3.12/site-packages/pymysql/connections.py", line 365, in __init__
    self.connect()
  File "/Users/sunmuchao/Downloads/Her/.venv/lib/python3.12/site-packages/pymysql/connections.py", line 681, in connect
    self._request_authentication()
  File "/Users/sunmuchao/Downloads/Her/.venv/lib/python3.12/site-packages/pymysql/connections.py", line 958, in _request_authentication
    auth_packet = self._read_packet()
                  ^^^^^^^^^^^^^^^^^^^
  File "/Users/sunmuchao/Downloads/Her/.venv/lib/python3.12/site-packages/pymysql/connections.py", line 751, in _read_packet
    packet_header = self._read_bytes(4)
                    ^^^^^^^^^^^^^^^^^^^
  File "/Users/sunmuchao/Downloads/Her/.venv/lib/python3.12/site-packages/pymysql/connections.py", line 789, in _read_bytes
    data = self._rfile.read(num_bytes)
           ^^^^^^^^^^^^^^^^^^^^^^^^^^^
  File "/usr/local/Cellar/python@3.12/3.12.7_1/Frameworks/Python.framework/Versions/3.12/lib/python3.12/socket.py", line 720, in readinto
    return self._sock.recv_into(b)
           ^^^^^^^^^^^^^^^^^^^^^^^
  File "/Users/sunmuchao/Downloads/Her/.venv/lib/python3.12/site-packages/gunicorn/workers/base.py", line 198, in handle_abort
    sys.exit(1)
SystemExit: 1
[2026-05-30 12:39:05 +0800] [22115] [INFO] Worker exiting (pid: 22115)
[2026-05-30 12:39:05 +0800] [21729] [INFO] Worker exiting (pid: 21729)
[2026-05-30 12:39:06 +0800] [21709] [INFO] Control socket listening at /Users/sunmuchao/.gunicorn/gunicorn.ctl
[2026-05-30 12:39:06 +0800] [22968] [INFO] Booting worker with pid: 22968
[2026-05-30 12:39:06 +0800] [21709] [INFO] Control socket listening at /Users/sunmuchao/.gunicorn/gunicorn.ctl
[2026-05-30 12:39:06 +0800] [22971] [INFO] Booting worker with pid: 22971
[2026-05-30 12:39:18 +0800] [21709] [CRITICAL] WORKER TIMEOUT (pid:21726)
[2026-05-30 12:39:18 +0800] [21726] [ERROR] Error handling request GET /v1/profile/me?profile_id=2478
Traceback (most recent call last):
  File "/Users/sunmuchao/Downloads/Her/.venv/lib/python3.12/site-packages/gunicorn/workers/sync.py", line 141, in handle
    self.handle_request(listener, req, client, addr)
  File "/Users/sunmuchao/Downloads/Her/.venv/lib/python3.12/site-packages/gunicorn/workers/sync.py", line 184, in handle_request
    respiter = self.wsgi(environ, resp.start_response)
               ^^^^^^^^^^^^^^^^^^^^^^^^^^^^^^^^^^^^^^^
  File "/Users/sunmuchao/Downloads/Her/external-systems/partner-http-gateway/gateway/app.py", line 325, in __call__
    status_code, payload = self.dispatch_rest(environ)
                           ^^^^^^^^^^^^^^^^^^^^^^^^^^^
  File "/Users/sunmuchao/Downloads/Her/external-systems/partner-http-gateway/gateway/app.py", line 242, in dispatch_rest
    return dispatch_gateway_rest(self, environ)
           ^^^^^^^^^^^^^^^^^^^^^^^^^^^^^^^^^^^^
  File "/Users/sunmuchao/Downloads/Her/external-systems/partner-http-gateway/gateway/rest_dispatch.py", line 74, in dispatch_gateway_rest
    response = dispatcher(gateway, environ, method, path)
               ^^^^^^^^^^^^^^^^^^^^^^^^^^^^^^^^^^^^^^^^^^
  File "/Users/sunmuchao/Downloads/Her/external-systems/partner-http-gateway/gateway/collected_routes.py", line 135, in dispatch_collected_rest
    return rest_profile_me(gateway, environ)
           ^^^^^^^^^^^^^^^^^^^^^^^^^^^^^^^^^
  File "/Users/sunmuchao/Downloads/Her/external-systems/partner-http-gateway/gateway/collected_routes.py", line 79, in rest_profile_me
    row = get_profile(
          ^^^^^^^^^^^^
  File "/Users/sunmuchao/Downloads/Her/profile_service/api.py", line 359, in get_profile
    profile_conn = _connect_profile_db(source_dsn, use_pool=True, timeout=10.0)
                   ^^^^^^^^^^^^^^^^^^^^^^^^^^^^^^^^^^^^^^^^^^^^^^^^^^^^^^^^^^^^
  File "/Users/sunmuchao/Downloads/Her/profile_service/api.py", line 113, in _connect_profile_db
    return pool.acquire(timeout=timeout)
           ^^^^^^^^^^^^^^^^^^^^^^^^^^^^^
  File "/Users/sunmuchao/Downloads/Her/profile_service/api.py", line 63, in acquire
    raw = self._avail.pop() if self._avail else schema.mysql_database_connect(self._cfg)
                                                ^^^^^^^^^^^^^^^^^^^^^^^^^^^^^^^^^^^^^^^^
  File "/Users/sunmuchao/Downloads/Her/outer_system_mysql_schema.py", line 161, in mysql_database_connect
    return pymysql.connect(
           ^^^^^^^^^^^^^^^^
  File "/Users/sunmuchao/Downloads/Her/.venv/lib/python3.12/site-packages/pymysql/connections.py", line 365, in __init__
    self.connect()
  File "/Users/sunmuchao/Downloads/Her/.venv/lib/python3.12/site-packages/pymysql/connections.py", line 681, in connect
    self._request_authentication()
  File "/Users/sunmuchao/Downloads/Her/.venv/lib/python3.12/site-packages/pymysql/connections.py", line 958, in _request_authentication
    auth_packet = self._read_packet()
                  ^^^^^^^^^^^^^^^^^^^
  File "/Users/sunmuchao/Downloads/Her/.venv/lib/python3.12/site-packages/pymysql/connections.py", line 751, in _read_packet
    packet_header = self._read_bytes(4)
                    ^^^^^^^^^^^^^^^^^^^
  File "/Users/sunmuchao/Downloads/Her/.venv/lib/python3.12/site-packages/pymysql/connections.py", line 789, in _read_bytes
    data = self._rfile.read(num_bytes)
           ^^^^^^^^^^^^^^^^^^^^^^^^^^^
  File "/usr/local/Cellar/python@3.12/3.12.7_1/Frameworks/Python.framework/Versions/3.12/lib/python3.12/socket.py", line 720, in readinto
    return self._sock.recv_into(b)
           ^^^^^^^^^^^^^^^^^^^^^^^
  File "/Users/sunmuchao/Downloads/Her/.venv/lib/python3.12/site-packages/gunicorn/workers/base.py", line 198, in handle_abort
    sys.exit(1)
SystemExit: 1
[2026-05-30 12:39:18 +0800] [21726] [INFO] Worker exiting (pid: 21726)
[2026-05-30 12:39:18 +0800] [21709] [INFO] Control socket listening at /Users/sunmuchao/.gunicorn/gunicorn.ctl
[2026-05-30 12:39:18 +0800] [22992] [INFO] Booting worker with pid: 22992
[2026-05-30 12:39:22 +0800] [21709] [CRITICAL] WORKER TIMEOUT (pid:21730)
[2026-05-30 12:39:22 +0800] [21730] [ERROR] Error handling request GET /v1/persona/collected?profile_id=2478
Traceback (most recent call last):
  File "/Users/sunmuchao/Downloads/Her/.venv/lib/python3.12/site-packages/gunicorn/workers/sync.py", line 141, in handle
    self.handle_request(listener, req, client, addr)
  File "/Users/sunmuchao/Downloads/Her/.venv/lib/python3.12/site-packages/gunicorn/workers/sync.py", line 184, in handle_request
    respiter = self.wsgi(environ, resp.start_response)
               ^^^^^^^^^^^^^^^^^^^^^^^^^^^^^^^^^^^^^^^
  File "/Users/sunmuchao/Downloads/Her/external-systems/partner-http-gateway/gateway/app.py", line 325, in __call__
    status_code, payload = self.dispatch_rest(environ)
                           ^^^^^^^^^^^^^^^^^^^^^^^^^^^
  File "/Users/sunmuchao/Downloads/Her/external-systems/partner-http-gateway/gateway/app.py", line 242, in dispatch_rest
    return dispatch_gateway_rest(self, environ)
           ^^^^^^^^^^^^^^^^^^^^^^^^^^^^^^^^^^^^
  File "/Users/sunmuchao/Downloads/Her/external-systems/partner-http-gateway/gateway/rest_dispatch.py", line 74, in dispatch_gateway_rest
    response = dispatcher(gateway, environ, method, path)
               ^^^^^^^^^^^^^^^^^^^^^^^^^^^^^^^^^^^^^^^^^^
  File "/Users/sunmuchao/Downloads/Her/external-systems/partner-http-gateway/gateway/collected_routes.py", line 137, in dispatch_collected_rest
    return rest_persona_collected(gateway, environ)
           ^^^^^^^^^^^^^^^^^^^^^^^^^^^^^^^^^^^^^^^^
  File "/Users/sunmuchao/Downloads/Her/external-systems/partner-http-gateway/gateway/collected_routes.py", line 109, in rest_persona_collected
    bundle = load_collected_bundle(source=source, user_key=str(profile_id))
             ^^^^^^^^^^^^^^^^^^^^^^^^^^^^^^^^^^^^^^^^^^^^^^^^^^^^^^^^^^^^^^
  File "/Users/sunmuchao/Downloads/Her/match_domain/persona_loader.py", line 175, in load_collected_bundle
    persona = load_persona_row(source=source, user_key=user_key) or {}
              ^^^^^^^^^^^^^^^^^^^^^^^^^^^^^^^^^^^^^^^^^^^^^^^^^^
  File "/Users/sunmuchao/Downloads/Her/match_domain/persona_loader.py", line 20, in load_persona_row
    conn = mysql_connect(source)
           ^^^^^^^^^^^^^^^^^^^^^
  File "/Users/sunmuchao/Downloads/Her/persona_memory_sync/persona_memory_lib.py", line 631, in mysql_connect
    return pymysql.connect(**kwargs)
           ^^^^^^^^^^^^^^^^^^^^^^^^^
  File "/Users/sunmuchao/Downloads/Her/.venv/lib/python3.12/site-packages/pymysql/connections.py", line 365, in __init__
    self.connect()
  File "/Users/sunmuchao/Downloads/Her/.venv/lib/python3.12/site-packages/pymysql/connections.py", line 681, in connect
    self._request_authentication()
  File "/Users/sunmuchao/Downloads/Her/.venv/lib/python3.12/site-packages/pymysql/connections.py", line 958, in _request_authentication
    auth_packet = self._read_packet()
                  ^^^^^^^^^^^^^^^^^^^
  File "/Users/sunmuchao/Downloads/Her/.venv/lib/python3.12/site-packages/pymysql/connections.py", line 751, in _read_packet
    packet_header = self._read_bytes(4)
                    ^^^^^^^^^^^^^^^^^^^
  File "/Users/sunmuchao/Downloads/Her/.venv/lib/python3.12/site-packages/pymysql/connections.py", line 789, in _read_bytes
    data = self._rfile.read(num_bytes)
           ^^^^^^^^^^^^^^^^^^^^^^^^^^^
  File "/usr/local/Cellar/python@3.12/3.12.7_1/Frameworks/Python.framework/Versions/3.12/lib/python3.12/socket.py", line 720, in readinto
    return self._sock.recv_into(b)
           ^^^^^^^^^^^^^^^^^^^^^^^
  File "/Users/sunmuchao/Downloads/Her/.venv/lib/python3.12/site-packages/gunicorn/workers/base.py", line 198, in handle_abort
    sys.exit(1)
SystemExit: 1
[2026-05-30 12:39:22 +0800] [21730] [INFO] Worker exiting (pid: 21730)
[2026-05-30 12:39:23 +0800] [21709] [INFO] Control socket listening at /Users/sunmuchao/.gunicorn/gunicorn.ctl
[2026-05-30 12:39:23 +0800] [22996] [INFO] Booting worker with pid: 22996
[2026-05-30 12:39:38 +0800] [21709] [CRITICAL] WORKER TIMEOUT (pid:21713)
[2026-05-30 12:39:38 +0800] [21709] [CRITICAL] WORKER TIMEOUT (pid:21996)
[2026-05-30 12:39:38 +0800] [21996] [ERROR] Error handling request GET /v1/persona/collected?profile_id=2478
Traceback (most recent call last):
  File "/Users/sunmuchao/Downloads/Her/.venv/lib/python3.12/site-packages/gunicorn/workers/sync.py", line 141, in handle
    self.handle_request(listener, req, client, addr)
  File "/Users/sunmuchao/Downloads/Her/.venv/lib/python3.12/site-packages/gunicorn/workers/sync.py", line 184, in handle_request
    respiter = self.wsgi(environ, resp.start_response)
               ^^^^^^^^^^^^^^^^^^^^^^^^^^^^^^^^^^^^^^^
  File "/Users/sunmuchao/Downloads/Her/external-systems/partner-http-gateway/gateway/app.py", line 325, in __call__
    status_code, payload = self.dispatch_rest(environ)
                           ^^^^^^^^^^^^^^^^^^^^^^^^^^^
  File "/Users/sunmuchao/Downloads/Her/external-systems/partner-http-gateway/gateway/app.py", line 242, in dispatch_rest
    return dispatch_gateway_rest(self, environ)
           ^^^^^^^^^^^^^^^^^^^^^^^^^^^^^^^^^^^^
  File "/Users/sunmuchao/Downloads/Her/external-systems/partner-http-gateway/gateway/rest_dispatch.py", line 74, in dispatch_gateway_rest
    response = dispatcher(gateway, environ, method, path)
               ^^^^^^^^^^^^^^^^^^^^^^^^^^^^^^^^^^^^^^^^^^
  File "/Users/sunmuchao/Downloads/Her/external-systems/partner-http-gateway/gateway/collected_routes.py", line 137, in dispatch_collected_rest
    return rest_persona_collected(gateway, environ)
           ^^^^^^^^^^^^^^^^^^^^^^^^^^^^^^^^^^^^^^^^
  File "/Users/sunmuchao/Downloads/Her/external-systems/partner-http-gateway/gateway/collected_routes.py", line 109, in rest_persona_collected
    bundle = load_collected_bundle(source=source, user_key=str(profile_id))
             ^^^^^^^^^^^^^^^^^^^^^^^^^^^^^^^^^^^^^^^^^^^^^^^^^^^^^^^^^^^^^^
  File "/Users/sunmuchao/Downloads/Her/match_domain/persona_loader.py", line 175, in load_collected_bundle
    persona = load_persona_row(source=source, user_key=user_key) or {}
              ^^^^^^^^^^^^^^^^^^^^^^^^^^^^^^^^^^^^^^^^^^^^^^^^^^
  File "/Users/sunmuchao/Downloads/Her/match_domain/persona_loader.py", line 20, in load_persona_row
    conn = mysql_connect(source)
           ^^^^^^^^^^^^^^^^^^^^^
  File "/Users/sunmuchao/Downloads/Her/persona_memory_sync/persona_memory_lib.py", line 631, in mysql_connect
    return pymysql.connect(**kwargs)
           ^^^^^^^^^^^^^^^^^^^^^^^^^
  File "/Users/sunmuchao/Downloads/Her/.venv/lib/python3.12/site-packages/pymysql/connections.py", line 365, in __init__
    self.connect()
  File "/Users/sunmuchao/Downloads/Her/.venv/lib/python3.12/site-packages/pymysql/connections.py", line 681, in connect
    self._request_authentication()
  File "/Users/sunmuchao/Downloads/Her/.venv/lib/python3.12/site-packages/pymysql/connections.py", line 958, in _request_authentication
    auth_packet = self._read_packet()
                  ^^^^^^^^^^^^^^^^^^^
  File "/Users/sunmuchao/Downloads/Her/.venv/lib/python3.12/site-packages/pymysql/connections.py", line 751, in _read_packet
    packet_header = self._read_bytes(4)
                    ^^^^^^^^^^^^^^^^^^^
  File "/Users/sunmuchao/Downloads/Her/.venv/lib/python3.12/site-packages/pymysql/connections.py", line 789, in _read_bytes
    data = self._rfile.read(num_bytes)
           ^^^^^^^^^^^^^^^^^^^^^^^^^^^
  File "/usr/local/Cellar/python@3.12/3.12.7_1/Frameworks/Python.framework/Versions/3.12/lib/python3.12/socket.py", line 720, in readinto
    return self._sock.recv_into(b)
           ^^^^^^^^^^^^^^^^^^^^^^^
  File "/Users/sunmuchao/Downloads/Her/.venv/lib/python3.12/site-packages/gunicorn/workers/base.py", line 198, in handle_abort
    sys.exit(1)
SystemExit: 1
[2026-05-30 12:39:38 +0800] [21713] [ERROR] Error handling request GET /v1/persona/collected?profile_id=2478
Traceback (most recent call last):
  File "/Users/sunmuchao/Downloads/Her/.venv/lib/python3.12/site-packages/gunicorn/workers/sync.py", line 141, in handle
    self.handle_request(listener, req, client, addr)
  File "/Users/sunmuchao/Downloads/Her/.venv/lib/python3.12/site-packages/gunicorn/workers/sync.py", line 184, in handle_request
    respiter = self.wsgi(environ, resp.start_response)
               ^^^^^^^^^^^^^^^^^^^^^^^^^^^^^^^^^^^^^^^
  File "/Users/sunmuchao/Downloads/Her/external-systems/partner-http-gateway/gateway/app.py", line 325, in __call__
    status_code, payload = self.dispatch_rest(environ)
                           ^^^^^^^^^^^^^^^^^^^^^^^^^^^
  File "/Users/sunmuchao/Downloads/Her/external-systems/partner-http-gateway/gateway/app.py", line 242, in dispatch_rest
    return dispatch_gateway_rest(self, environ)
           ^^^^^^^^^^^^^^^^^^^^^^^^^^^^^^^^^^^^
  File "/Users/sunmuchao/Downloads/Her/external-systems/partner-http-gateway/gateway/rest_dispatch.py", line 74, in dispatch_gateway_rest
    response = dispatcher(gateway, environ, method, path)
               ^^^^^^^^^^^^^^^^^^^^^^^^^^^^^^^^^^^^^^^^^^
  File "/Users/sunmuchao/Downloads/Her/external-systems/partner-http-gateway/gateway/collected_routes.py", line 137, in dispatch_collected_rest
    return rest_persona_collected(gateway, environ)
           ^^^^^^^^^^^^^^^^^^^^^^^^^^^^^^^^^^^^^^^^
  File "/Users/sunmuchao/Downloads/Her/external-systems/partner-http-gateway/gateway/collected_routes.py", line 109, in rest_persona_collected
    bundle = load_collected_bundle(source=source, user_key=str(profile_id))
             ^^^^^^^^^^^^^^^^^^^^^^^^^^^^^^^^^^^^^^^^^^^^^^^^^^^^^^^^^^^^^^
  File "/Users/sunmuchao/Downloads/Her/match_domain/persona_loader.py", line 175, in load_collected_bundle
    persona = load_persona_row(source=source, user_key=user_key) or {}
              ^^^^^^^^^^^^^^^^^^^^^^^^^^^^^^^^^^^^^^^^^^^^^^^^^^
  File "/Users/sunmuchao/Downloads/Her/match_domain/persona_loader.py", line 20, in load_persona_row
    conn = mysql_connect(source)
           ^^^^^^^^^^^^^^^^^^^^^
  File "/Users/sunmuchao/Downloads/Her/persona_memory_sync/persona_memory_lib.py", line 631, in mysql_connect
    return pymysql.connect(**kwargs)
           ^^^^^^^^^^^^^^^^^^^^^^^^^
  File "/Users/sunmuchao/Downloads/Her/.venv/lib/python3.12/site-packages/pymysql/connections.py", line 365, in __init__
    self.connect()
  File "/Users/sunmuchao/Downloads/Her/.venv/lib/python3.12/site-packages/pymysql/connections.py", line 681, in connect
    self._request_authentication()
  File "/Users/sunmuchao/Downloads/Her/.venv/lib/python3.12/site-packages/pymysql/connections.py", line 958, in _request_authentication
    auth_packet = self._read_packet()
                  ^^^^^^^^^^^^^^^^^^^
  File "/Users/sunmuchao/Downloads/Her/.venv/lib/python3.12/site-packages/pymysql/connections.py", line 751, in _read_packet
    packet_header = self._read_bytes(4)
                    ^^^^^^^^^^^^^^^^^^^
  File "/Users/sunmuchao/Downloads/Her/.venv/lib/python3.12/site-packages/pymysql/connections.py", line 789, in _read_bytes
    data = self._rfile.read(num_bytes)
           ^^^^^^^^^^^^^^^^^^^^^^^^^^^
  File "/usr/local/Cellar/python@3.12/3.12.7_1/Frameworks/Python.framework/Versions/3.12/lib/python3.12/socket.py", line 720, in readinto
    return self._sock.recv_into(b)
           ^^^^^^^^^^^^^^^^^^^^^^^
  File "/Users/sunmuchao/Downloads/Her/.venv/lib/python3.12/site-packages/gunicorn/workers/base.py", line 198, in handle_abort
    sys.exit(1)
SystemExit: 1
[2026-05-30 12:39:38 +0800] [21996] [INFO] Worker exiting (pid: 21996)
[2026-05-30 12:39:38 +0800] [21713] [INFO] Worker exiting (pid: 21713)
[2026-05-30 12:39:38 +0800] [21709] [INFO] Control socket listening at /Users/sunmuchao/.gunicorn/gunicorn.ctl
[2026-05-30 12:39:38 +0800] [23031] [INFO] Booting worker with pid: 23031
[2026-05-30 12:39:38 +0800] [21709] [INFO] Control socket listening at /Users/sunmuchao/.gunicorn/gunicorn.ctl
[2026-05-30 12:39:38 +0800] [23032] [INFO] Booting worker with pid: 23032
[2026-05-30 12:40:24 +0800] [21709] [CRITICAL] WORKER TIMEOUT (pid:22003)
[2026-05-30 12:40:24 +0800] [22003] [ERROR] Error handling request GET /v1/profile/me?profile_id=2478
Traceback (most recent call last):
  File "/Users/sunmuchao/Downloads/Her/.venv/lib/python3.12/site-packages/gunicorn/workers/sync.py", line 141, in handle
    self.handle_request(listener, req, client, addr)
  File "/Users/sunmuchao/Downloads/Her/.venv/lib/python3.12/site-packages/gunicorn/workers/sync.py", line 184, in handle_request
    respiter = self.wsgi(environ, resp.start_response)
               ^^^^^^^^^^^^^^^^^^^^^^^^^^^^^^^^^^^^^^^
  File "/Users/sunmuchao/Downloads/Her/external-systems/partner-http-gateway/gateway/app.py", line 325, in __call__
    status_code, payload = self.dispatch_rest(environ)
                           ^^^^^^^^^^^^^^^^^^^^^^^^^^^
  File "/Users/sunmuchao/Downloads/Her/external-systems/partner-http-gateway/gateway/app.py", line 242, in dispatch_rest
    return dispatch_gateway_rest(self, environ)
           ^^^^^^^^^^^^^^^^^^^^^^^^^^^^^^^^^^^^
  File "/Users/sunmuchao/Downloads/Her/external-systems/partner-http-gateway/gateway/rest_dispatch.py", line 74, in dispatch_gateway_rest
    response = dispatcher(gateway, environ, method, path)
               ^^^^^^^^^^^^^^^^^^^^^^^^^^^^^^^^^^^^^^^^^^
  File "/Users/sunmuchao/Downloads/Her/external-systems/partner-http-gateway/gateway/collected_routes.py", line 135, in dispatch_collected_rest
    return rest_profile_me(gateway, environ)
           ^^^^^^^^^^^^^^^^^^^^^^^^^^^^^^^^^
  File "/Users/sunmuchao/Downloads/Her/external-systems/partner-http-gateway/gateway/collected_routes.py", line 79, in rest_profile_me
    row = get_profile(
          ^^^^^^^^^^^^
  File "/Users/sunmuchao/Downloads/Her/profile_service/api.py", line 359, in get_profile
    profile_conn = _connect_profile_db(source_dsn, use_pool=True, timeout=10.0)
                   ^^^^^^^^^^^^^^^^^^^^^^^^^^^^^^^^^^^^^^^^^^^^^^^^^^^^^^^^^^^^
  File "/Users/sunmuchao/Downloads/Her/profile_service/api.py", line 113, in _connect_profile_db
    return pool.acquire(timeout=timeout)
           ^^^^^^^^^^^^^^^^^^^^^^^^^^^^^
  File "/Users/sunmuchao/Downloads/Her/profile_service/api.py", line 63, in acquire
    raw = self._avail.pop() if self._avail else schema.mysql_database_connect(self._cfg)
                                                ^^^^^^^^^^^^^^^^^^^^^^^^^^^^^^^^^^^^^^^^
  File "/Users/sunmuchao/Downloads/Her/outer_system_mysql_schema.py", line 161, in mysql_database_connect
    return pymysql.connect(
           ^^^^^^^^^^^^^^^^
  File "/Users/sunmuchao/Downloads/Her/.venv/lib/python3.12/site-packages/pymysql/connections.py", line 365, in __init__
    self.connect()
  File "/Users/sunmuchao/Downloads/Her/.venv/lib/python3.12/site-packages/pymysql/connections.py", line 681, in connect
    self._request_authentication()
  File "/Users/sunmuchao/Downloads/Her/.venv/lib/python3.12/site-packages/pymysql/connections.py", line 958, in _request_authentication
    auth_packet = self._read_packet()
                  ^^^^^^^^^^^^^^^^^^^
  File "/Users/sunmuchao/Downloads/Her/.venv/lib/python3.12/site-packages/pymysql/connections.py", line 751, in _read_packet
    packet_header = self._read_bytes(4)
                    ^^^^^^^^^^^^^^^^^^^
  File "/Users/sunmuchao/Downloads/Her/.venv/lib/python3.12/site-packages/pymysql/connections.py", line 789, in _read_bytes
    data = self._rfile.read(num_bytes)
           ^^^^^^^^^^^^^^^^^^^^^^^^^^^
  File "/usr/local/Cellar/python@3.12/3.12.7_1/Frameworks/Python.framework/Versions/3.12/lib/python3.12/socket.py", line 720, in readinto
    return self._sock.recv_into(b)
           ^^^^^^^^^^^^^^^^^^^^^^^
  File "/Users/sunmuchao/Downloads/Her/.venv/lib/python3.12/site-packages/gunicorn/workers/base.py", line 198, in handle_abort
    sys.exit(1)
SystemExit: 1
[2026-05-30 12:40:24 +0800] [22003] [INFO] Worker exiting (pid: 22003)
[2026-05-30 12:40:24 +0800] [21709] [INFO] Control socket listening at /Users/sunmuchao/.gunicorn/gunicorn.ctl
[2026-05-30 12:40:24 +0800] [23095] [INFO] Booting worker with pid: 23095
[2026-05-30 12:40:26 +0800] [21709] [CRITICAL] WORKER TIMEOUT (pid:21725)
[2026-05-30 12:40:26 +0800] [21725] [ERROR] Error handling request GET /v1/persona/collected?profile_id=2478
Traceback (most recent call last):
  File "/Users/sunmuchao/Downloads/Her/.venv/lib/python3.12/site-packages/gunicorn/workers/sync.py", line 141, in handle
    self.handle_request(listener, req, client, addr)
  File "/Users/sunmuchao/Downloads/Her/.venv/lib/python3.12/site-packages/gunicorn/workers/sync.py", line 184, in handle_request
    respiter = self.wsgi(environ, resp.start_response)
               ^^^^^^^^^^^^^^^^^^^^^^^^^^^^^^^^^^^^^^^
  File "/Users/sunmuchao/Downloads/Her/external-systems/partner-http-gateway/gateway/app.py", line 325, in __call__
    status_code, payload = self.dispatch_rest(environ)
                           ^^^^^^^^^^^^^^^^^^^^^^^^^^^
  File "/Users/sunmuchao/Downloads/Her/external-systems/partner-http-gateway/gateway/app.py", line 242, in dispatch_rest
    return dispatch_gateway_rest(self, environ)
           ^^^^^^^^^^^^^^^^^^^^^^^^^^^^^^^^^^^^
  File "/Users/sunmuchao/Downloads/Her/external-systems/partner-http-gateway/gateway/rest_dispatch.py", line 74, in dispatch_gateway_rest
    response = dispatcher(gateway, environ, method, path)
               ^^^^^^^^^^^^^^^^^^^^^^^^^^^^^^^^^^^^^^^^^^
  File "/Users/sunmuchao/Downloads/Her/external-systems/partner-http-gateway/gateway/collected_routes.py", line 137, in dispatch_collected_rest
    return rest_persona_collected(gateway, environ)
           ^^^^^^^^^^^^^^^^^^^^^^^^^^^^^^^^^^^^^^^^
  File "/Users/sunmuchao/Downloads/Her/external-systems/partner-http-gateway/gateway/collected_routes.py", line 109, in rest_persona_collected
    bundle = load_collected_bundle(source=source, user_key=str(profile_id))
             ^^^^^^^^^^^^^^^^^^^^^^^^^^^^^^^^^^^^^^^^^^^^^^^^^^^^^^^^^^^^^^
  File "/Users/sunmuchao/Downloads/Her/match_domain/persona_loader.py", line 175, in load_collected_bundle
    persona = load_persona_row(source=source, user_key=user_key) or {}
              ^^^^^^^^^^^^^^^^^^^^^^^^^^^^^^^^^^^^^^^^^^^^^^^^^^
  File "/Users/sunmuchao/Downloads/Her/match_domain/persona_loader.py", line 20, in load_persona_row
    conn = mysql_connect(source)
           ^^^^^^^^^^^^^^^^^^^^^
  File "/Users/sunmuchao/Downloads/Her/persona_memory_sync/persona_memory_lib.py", line 631, in mysql_connect
    return pymysql.connect(**kwargs)
           ^^^^^^^^^^^^^^^^^^^^^^^^^
  File "/Users/sunmuchao/Downloads/Her/.venv/lib/python3.12/site-packages/pymysql/connections.py", line 365, in __init__
    self.connect()
  File "/Users/sunmuchao/Downloads/Her/.venv/lib/python3.12/site-packages/pymysql/connections.py", line 681, in connect
    self._request_authentication()
  File "/Users/sunmuchao/Downloads/Her/.venv/lib/python3.12/site-packages/pymysql/connections.py", line 958, in _request_authentication
    auth_packet = self._read_packet()
                  ^^^^^^^^^^^^^^^^^^^
  File "/Users/sunmuchao/Downloads/Her/.venv/lib/python3.12/site-packages/pymysql/connections.py", line 751, in _read_packet
    packet_header = self._read_bytes(4)
                    ^^^^^^^^^^^^^^^^^^^
  File "/Users/sunmuchao/Downloads/Her/.venv/lib/python3.12/site-packages/pymysql/connections.py", line 789, in _read_bytes
    data = self._rfile.read(num_bytes)
           ^^^^^^^^^^^^^^^^^^^^^^^^^^^
  File "/usr/local/Cellar/python@3.12/3.12.7_1/Frameworks/Python.framework/Versions/3.12/lib/python3.12/socket.py", line 720, in readinto
    return self._sock.recv_into(b)
           ^^^^^^^^^^^^^^^^^^^^^^^
  File "/Users/sunmuchao/Downloads/Her/.venv/lib/python3.12/site-packages/gunicorn/workers/base.py", line 198, in handle_abort
    sys.exit(1)
SystemExit: 1
[2026-05-30 12:40:26 +0800] [21725] [INFO] Worker exiting (pid: 21725)
[2026-05-30 12:40:26 +0800] [21709] [INFO] Control socket listening at /Users/sunmuchao/.gunicorn/gunicorn.ctl
[2026-05-30 12:40:26 +0800] [23097] [INFO] Booting worker with pid: 23097
[2026-05-30 12:40:39 +0800] [21709] [CRITICAL] WORKER TIMEOUT (pid:21735)
[2026-05-30 12:40:39 +0800] [21709] [CRITICAL] WORKER TIMEOUT (pid:22968)
[2026-05-30 12:40:39 +0800] [22968] [ERROR] Error handling request GET /v1/profile/me?profile_id=2478
Traceback (most recent call last):
  File "/Users/sunmuchao/Downloads/Her/.venv/lib/python3.12/site-packages/gunicorn/workers/sync.py", line 141, in handle
    self.handle_request(listener, req, client, addr)
  File "/Users/sunmuchao/Downloads/Her/.venv/lib/python3.12/site-packages/gunicorn/workers/sync.py", line 184, in handle_request
    respiter = self.wsgi(environ, resp.start_response)
               ^^^^^^^^^^^^^^^^^^^^^^^^^^^^^^^^^^^^^^^
  File "/Users/sunmuchao/Downloads/Her/external-systems/partner-http-gateway/gateway/app.py", line 325, in __call__
    status_code, payload = self.dispatch_rest(environ)
                           ^^^^^^^^^^^^^^^^^^^^^^^^^^^
  File "/Users/sunmuchao/Downloads/Her/external-systems/partner-http-gateway/gateway/app.py", line 242, in dispatch_rest
    return dispatch_gateway_rest(self, environ)
           ^^^^^^^^^^^^^^^^^^^^^^^^^^^^^^^^^^^^
  File "/Users/sunmuchao/Downloads/Her/external-systems/partner-http-gateway/gateway/rest_dispatch.py", line 74, in dispatch_gateway_rest
    response = dispatcher(gateway, environ, method, path)
               ^^^^^^^^^^^^^^^^^^^^^^^^^^^^^^^^^^^^^^^^^^
  File "/Users/sunmuchao/Downloads/Her/external-systems/partner-http-gateway/gateway/collected_routes.py", line 135, in dispatch_collected_rest
    return rest_profile_me(gateway, environ)
           ^^^^^^^^^^^^^^^^^^^^^^^^^^^^^^^^^
  File "/Users/sunmuchao/Downloads/Her/external-systems/partner-http-gateway/gateway/collected_routes.py", line 79, in rest_profile_me
    row = get_profile(
          ^^^^^^^^^^^^
  File "/Users/sunmuchao/Downloads/Her/profile_service/api.py", line 359, in get_profile
    profile_conn = _connect_profile_db(source_dsn, use_pool=True, timeout=10.0)
                   ^^^^^^^^^^^^^^^^^^^^^^^^^^^^^^^^^^^^^^^^^^^^^^^^^^^^^^^^^^^^
  File "/Users/sunmuchao/Downloads/Her/profile_service/api.py", line 113, in _connect_profile_db
    return pool.acquire(timeout=timeout)
           ^^^^^^^^^^^^^^^^^^^^^^^^^^^^^
  File "/Users/sunmuchao/Downloads/Her/profile_service/api.py", line 63, in acquire
    raw = self._avail.pop() if self._avail else schema.mysql_database_connect(self._cfg)
                                                ^^^^^^^^^^^^^^^^^^^^^^^^^^^^^^^^^^^^^^^^
  File "/Users/sunmuchao/Downloads/Her/outer_system_mysql_schema.py", line 161, in mysql_database_connect
    return pymysql.connect(
           ^^^^^^^^^^^^^^^^
  File "/Users/sunmuchao/Downloads/Her/.venv/lib/python3.12/site-packages/pymysql/connections.py", line 365, in __init__
    self.connect()
  File "/Users/sunmuchao/Downloads/Her/.venv/lib/python3.12/site-packages/pymysql/connections.py", line 681, in connect
    self._request_authentication()
  File "/Users/sunmuchao/Downloads/Her/.venv/lib/python3.12/site-packages/pymysql/connections.py", line 958, in _request_authentication
    auth_packet = self._read_packet()
                  ^^^^^^^^^^^^^^^^^^^
  File "/Users/sunmuchao/Downloads/Her/.venv/lib/python3.12/site-packages/pymysql/connections.py", line 751, in _read_packet
    packet_header = self._read_bytes(4)
                    ^^^^^^^^^^^^^^^^^^^
  File "/Users/sunmuchao/Downloads/Her/.venv/lib/python3.12/site-packages/pymysql/connections.py", line 789, in _read_bytes
    data = self._rfile.read(num_bytes)
           ^^^^^^^^^^^^^^^^^^^^^^^^^^^
  File "/usr/local/Cellar/python@3.12/3.12.7_1/Frameworks/Python.framework/Versions/3.12/lib/python3.12/socket.py", line 720, in readinto
    return self._sock.recv_into(b)
           ^^^^^^^^^^^^^^^^^^^^^^^
  File "/Users/sunmuchao/Downloads/Her/.venv/lib/python3.12/site-packages/gunicorn/workers/base.py", line 198, in handle_abort
    sys.exit(1)
SystemExit: 1
[2026-05-30 12:40:39 +0800] [22968] [INFO] Worker exiting (pid: 22968)
[2026-05-30 12:40:39 +0800] [21735] [ERROR] Error handling request GET /v1/persona/collected?profile_id=2478
Traceback (most recent call last):
  File "/Users/sunmuchao/Downloads/Her/.venv/lib/python3.12/site-packages/gunicorn/workers/sync.py", line 141, in handle
    self.handle_request(listener, req, client, addr)
  File "/Users/sunmuchao/Downloads/Her/.venv/lib/python3.12/site-packages/gunicorn/workers/sync.py", line 184, in handle_request
    respiter = self.wsgi(environ, resp.start_response)
               ^^^^^^^^^^^^^^^^^^^^^^^^^^^^^^^^^^^^^^^
  File "/Users/sunmuchao/Downloads/Her/external-systems/partner-http-gateway/gateway/app.py", line 325, in __call__
    status_code, payload = self.dispatch_rest(environ)
                           ^^^^^^^^^^^^^^^^^^^^^^^^^^^
  File "/Users/sunmuchao/Downloads/Her/external-systems/partner-http-gateway/gateway/app.py", line 242, in dispatch_rest
    return dispatch_gateway_rest(self, environ)
           ^^^^^^^^^^^^^^^^^^^^^^^^^^^^^^^^^^^^
  File "/Users/sunmuchao/Downloads/Her/external-systems/partner-http-gateway/gateway/rest_dispatch.py", line 74, in dispatch_gateway_rest
    response = dispatcher(gateway, environ, method, path)
               ^^^^^^^^^^^^^^^^^^^^^^^^^^^^^^^^^^^^^^^^^^
  File "/Users/sunmuchao/Downloads/Her/external-systems/partner-http-gateway/gateway/collected_routes.py", line 137, in dispatch_collected_rest
    return rest_persona_collected(gateway, environ)
           ^^^^^^^^^^^^^^^^^^^^^^^^^^^^^^^^^^^^^^^^
  File "/Users/sunmuchao/Downloads/Her/external-systems/partner-http-gateway/gateway/collected_routes.py", line 109, in rest_persona_collected
    bundle = load_collected_bundle(source=source, user_key=str(profile_id))
             ^^^^^^^^^^^^^^^^^^^^^^^^^^^^^^^^^^^^^^^^^^^^^^^^^^^^^^^^^^^^^^
  File "/Users/sunmuchao/Downloads/Her/match_domain/persona_loader.py", line 175, in load_collected_bundle
    persona = load_persona_row(source=source, user_key=user_key) or {}
              ^^^^^^^^^^^^^^^^^^^^^^^^^^^^^^^^^^^^^^^^^^^^^^^^^^
  File "/Users/sunmuchao/Downloads/Her/match_domain/persona_loader.py", line 20, in load_persona_row
    conn = mysql_connect(source)
           ^^^^^^^^^^^^^^^^^^^^^
  File "/Users/sunmuchao/Downloads/Her/persona_memory_sync/persona_memory_lib.py", line 631, in mysql_connect
    return pymysql.connect(**kwargs)
           ^^^^^^^^^^^^^^^^^^^^^^^^^
  File "/Users/sunmuchao/Downloads/Her/.venv/lib/python3.12/site-packages/pymysql/connections.py", line 365, in __init__
    self.connect()
  File "/Users/sunmuchao/Downloads/Her/.venv/lib/python3.12/site-packages/pymysql/connections.py", line 681, in connect
    self._request_authentication()
  File "/Users/sunmuchao/Downloads/Her/.venv/lib/python3.12/site-packages/pymysql/connections.py", line 958, in _request_authentication
    auth_packet = self._read_packet()
                  ^^^^^^^^^^^^^^^^^^^
  File "/Users/sunmuchao/Downloads/Her/.venv/lib/python3.12/site-packages/pymysql/connections.py", line 751, in _read_packet
    packet_header = self._read_bytes(4)
                    ^^^^^^^^^^^^^^^^^^^
  File "/Users/sunmuchao/Downloads/Her/.venv/lib/python3.12/site-packages/pymysql/connections.py", line 789, in _read_bytes
    data = self._rfile.read(num_bytes)
           ^^^^^^^^^^^^^^^^^^^^^^^^^^^
  File "/usr/local/Cellar/python@3.12/3.12.7_1/Frameworks/Python.framework/Versions/3.12/lib/python3.12/socket.py", line 720, in readinto
    return self._sock.recv_into(b)
           ^^^^^^^^^^^^^^^^^^^^^^^
  File "/Users/sunmuchao/Downloads/Her/.venv/lib/python3.12/site-packages/gunicorn/workers/base.py", line 198, in handle_abort
    sys.exit(1)
SystemExit: 1
[2026-05-30 12:40:39 +0800] [21735] [INFO] Worker exiting (pid: 21735)
[2026-05-30 12:40:40 +0800] [21709] [INFO] Control socket listening at /Users/sunmuchao/.gunicorn/gunicorn.ctl
[2026-05-30 12:40:40 +0800] [23125] [INFO] Booting worker with pid: 23125
[2026-05-30 12:40:40 +0800] [21709] [ERROR] Worker (pid:21735) was sent SIGKILL! Perhaps out of memory?
[2026-05-30 12:40:40 +0800] [21709] [INFO] Control socket listening at /Users/sunmuchao/.gunicorn/gunicorn.ctl
[2026-05-30 12:40:40 +0800] [23126] [INFO] Booting worker with pid: 23126
[2026-05-30 12:40:43 +0800] [21709] [CRITICAL] WORKER TIMEOUT (pid:23032)
[2026-05-30 12:40:43 +0800] [23032] [ERROR] Error handling request GET /v1/profile/me?profile_id=2478
Traceback (most recent call last):
  File "/Users/sunmuchao/Downloads/Her/.venv/lib/python3.12/site-packages/gunicorn/workers/sync.py", line 141, in handle
    self.handle_request(listener, req, client, addr)
  File "/Users/sunmuchao/Downloads/Her/.venv/lib/python3.12/site-packages/gunicorn/workers/sync.py", line 184, in handle_request
    respiter = self.wsgi(environ, resp.start_response)
               ^^^^^^^^^^^^^^^^^^^^^^^^^^^^^^^^^^^^^^^
  File "/Users/sunmuchao/Downloads/Her/external-systems/partner-http-gateway/gateway/app.py", line 325, in __call__
    status_code, payload = self.dispatch_rest(environ)
                           ^^^^^^^^^^^^^^^^^^^^^^^^^^^
  File "/Users/sunmuchao/Downloads/Her/external-systems/partner-http-gateway/gateway/app.py", line 242, in dispatch_rest
    return dispatch_gateway_rest(self, environ)
           ^^^^^^^^^^^^^^^^^^^^^^^^^^^^^^^^^^^^
  File "/Users/sunmuchao/Downloads/Her/external-systems/partner-http-gateway/gateway/rest_dispatch.py", line 74, in dispatch_gateway_rest
    response = dispatcher(gateway, environ, method, path)
               ^^^^^^^^^^^^^^^^^^^^^^^^^^^^^^^^^^^^^^^^^^
  File "/Users/sunmuchao/Downloads/Her/external-systems/partner-http-gateway/gateway/collected_routes.py", line 135, in dispatch_collected_rest
    return rest_profile_me(gateway, environ)
           ^^^^^^^^^^^^^^^^^^^^^^^^^^^^^^^^^
  File "/Users/sunmuchao/Downloads/Her/external-systems/partner-http-gateway/gateway/collected_routes.py", line 79, in rest_profile_me
    row = get_profile(
          ^^^^^^^^^^^^
  File "/Users/sunmuchao/Downloads/Her/profile_service/api.py", line 359, in get_profile
    profile_conn = _connect_profile_db(source_dsn, use_pool=True, timeout=10.0)
                   ^^^^^^^^^^^^^^^^^^^^^^^^^^^^^^^^^^^^^^^^^^^^^^^^^^^^^^^^^^^^
  File "/Users/sunmuchao/Downloads/Her/profile_service/api.py", line 113, in _connect_profile_db
    return pool.acquire(timeout=timeout)
           ^^^^^^^^^^^^^^^^^^^^^^^^^^^^^
  File "/Users/sunmuchao/Downloads/Her/profile_service/api.py", line 63, in acquire
    raw = self._avail.pop() if self._avail else schema.mysql_database_connect(self._cfg)
                                                ^^^^^^^^^^^^^^^^^^^^^^^^^^^^^^^^^^^^^^^^
  File "/Users/sunmuchao/Downloads/Her/outer_system_mysql_schema.py", line 161, in mysql_database_connect
    return pymysql.connect(
           ^^^^^^^^^^^^^^^^
  File "/Users/sunmuchao/Downloads/Her/.venv/lib/python3.12/site-packages/pymysql/connections.py", line 365, in __init__
    self.connect()
  File "/Users/sunmuchao/Downloads/Her/.venv/lib/python3.12/site-packages/pymysql/connections.py", line 681, in connect
    self._request_authentication()
  File "/Users/sunmuchao/Downloads/Her/.venv/lib/python3.12/site-packages/pymysql/connections.py", line 958, in _request_authentication
    auth_packet = self._read_packet()
                  ^^^^^^^^^^^^^^^^^^^
  File "/Users/sunmuchao/Downloads/Her/.venv/lib/python3.12/site-packages/pymysql/connections.py", line 751, in _read_packet
    packet_header = self._read_bytes(4)
                    ^^^^^^^^^^^^^^^^^^^
  File "/Users/sunmuchao/Downloads/Her/.venv/lib/python3.12/site-packages/pymysql/connections.py", line 789, in _read_bytes
    data = self._rfile.read(num_bytes)
           ^^^^^^^^^^^^^^^^^^^^^^^^^^^
  File "/usr/local/Cellar/python@3.12/3.12.7_1/Frameworks/Python.framework/Versions/3.12/lib/python3.12/socket.py", line 720, in readinto
    return self._sock.recv_into(b)
           ^^^^^^^^^^^^^^^^^^^^^^^
  File "/Users/sunmuchao/Downloads/Her/.venv/lib/python3.12/site-packages/gunicorn/workers/base.py", line 198, in handle_abort
    sys.exit(1)
SystemExit: 1
[2026-05-30 12:40:43 +0800] [23032] [INFO] Worker exiting (pid: 23032)
[2026-05-30 12:40:43 +0800] [21709] [INFO] Control socket listening at /Users/sunmuchao/.gunicorn/gunicorn.ctl
[2026-05-30 12:40:43 +0800] [23138] [INFO] Booting worker with pid: 23138
[2026-05-30 12:42:50 +0800] [21709] [CRITICAL] WORKER TIMEOUT (pid:23138)
[2026-05-30 12:42:50 +0800] [23138] [ERROR] Error handling request GET /v1/profile/me?profile_id=2478
Traceback (most recent call last):
  File "/Users/sunmuchao/Downloads/Her/.venv/lib/python3.12/site-packages/gunicorn/workers/sync.py", line 141, in handle
    self.handle_request(listener, req, client, addr)
  File "/Users/sunmuchao/Downloads/Her/.venv/lib/python3.12/site-packages/gunicorn/workers/sync.py", line 184, in handle_request
    respiter = self.wsgi(environ, resp.start_response)
               ^^^^^^^^^^^^^^^^^^^^^^^^^^^^^^^^^^^^^^^
  File "/Users/sunmuchao/Downloads/Her/external-systems/partner-http-gateway/gateway/app.py", line 325, in __call__
    status_code, payload = self.dispatch_rest(environ)
                           ^^^^^^^^^^^^^^^^^^^^^^^^^^^
  File "/Users/sunmuchao/Downloads/Her/external-systems/partner-http-gateway/gateway/app.py", line 242, in dispatch_rest
    return dispatch_gateway_rest(self, environ)
           ^^^^^^^^^^^^^^^^^^^^^^^^^^^^^^^^^^^^
  File "/Users/sunmuchao/Downloads/Her/external-systems/partner-http-gateway/gateway/rest_dispatch.py", line 74, in dispatch_gateway_rest
    response = dispatcher(gateway, environ, method, path)
               ^^^^^^^^^^^^^^^^^^^^^^^^^^^^^^^^^^^^^^^^^^
  File "/Users/sunmuchao/Downloads/Her/external-systems/partner-http-gateway/gateway/collected_routes.py", line 135, in dispatch_collected_rest
    return rest_profile_me(gateway, environ)
           ^^^^^^^^^^^^^^^^^^^^^^^^^^^^^^^^^
  File "/Users/sunmuchao/Downloads/Her/external-systems/partner-http-gateway/gateway/collected_routes.py", line 79, in rest_profile_me
    row = get_profile(
          ^^^^^^^^^^^^
  File "/Users/sunmuchao/Downloads/Her/profile_service/api.py", line 359, in get_profile
    profile_conn = _connect_profile_db(source_dsn, use_pool=True, timeout=10.0)
                   ^^^^^^^^^^^^^^^^^^^^^^^^^^^^^^^^^^^^^^^^^^^^^^^^^^^^^^^^^^^^
  File "/Users/sunmuchao/Downloads/Her/profile_service/api.py", line 113, in _connect_profile_db
    return pool.acquire(timeout=timeout)
           ^^^^^^^^^^^^^^^^^^^^^^^^^^^^^
  File "/Users/sunmuchao/Downloads/Her/profile_service/api.py", line 63, in acquire
    raw = self._avail.pop() if self._avail else schema.mysql_database_connect(self._cfg)
                                                ^^^^^^^^^^^^^^^^^^^^^^^^^^^^^^^^^^^^^^^^
  File "/Users/sunmuchao/Downloads/Her/outer_system_mysql_schema.py", line 161, in mysql_database_connect
    return pymysql.connect(
           ^^^^^^^^^^^^^^^^
  File "/Users/sunmuchao/Downloads/Her/.venv/lib/python3.12/site-packages/pymysql/connections.py", line 365, in __init__
    self.connect()
  File "/Users/sunmuchao/Downloads/Her/.venv/lib/python3.12/site-packages/pymysql/connections.py", line 681, in connect
    self._request_authentication()
  File "/Users/sunmuchao/Downloads/Her/.venv/lib/python3.12/site-packages/pymysql/connections.py", line 958, in _request_authentication
    auth_packet = self._read_packet()
                  ^^^^^^^^^^^^^^^^^^^
  File "/Users/sunmuchao/Downloads/Her/.venv/lib/python3.12/site-packages/pymysql/connections.py", line 751, in _read_packet
    packet_header = self._read_bytes(4)
                    ^^^^^^^^^^^^^^^^^^^
  File "/Users/sunmuchao/Downloads/Her/.venv/lib/python3.12/site-packages/pymysql/connections.py", line 789, in _read_bytes
    data = self._rfile.read(num_bytes)
           ^^^^^^^^^^^^^^^^^^^^^^^^^^^
  File "/usr/local/Cellar/python@3.12/3.12.7_1/Frameworks/Python.framework/Versions/3.12/lib/python3.12/socket.py", line 720, in readinto
    return self._sock.recv_into(b)
           ^^^^^^^^^^^^^^^^^^^^^^^
  File "/Users/sunmuchao/Downloads/Her/.venv/lib/python3.12/site-packages/gunicorn/workers/base.py", line 198, in handle_abort
    sys.exit(1)
SystemExit: 1
[2026-05-30 12:42:50 +0800] [23138] [INFO] Worker exiting (pid: 23138)
[2026-05-30 12:42:51 +0800] [21709] [INFO] Control socket listening at /Users/sunmuchao/.gunicorn/gunicorn.ctl
[2026-05-30 12:42:51 +0800] [23421] [INFO] Booting worker with pid: 23421
[2026-05-30 12:44:13 +0800] [21709] [INFO] Handling signal: term
[2026-05-30 12:44:13 +0800] [22009] [INFO] Worker exiting (pid: 22009)
[2026-05-30 12:44:13 +0800] [21731] [INFO] Worker exiting (pid: 21731)
[2026-05-30 12:44:13 +0800] [22108] [INFO] Worker exiting (pid: 22108)
[2026-05-30 12:44:13 +0800] [22227] [INFO] Worker exiting (pid: 22227)
[2026-05-30 12:44:13 +0800] [21737] [INFO] Worker exiting (pid: 21737)
[2026-05-30 12:44:13 +0800] [22148] [INFO] Worker exiting (pid: 22148)
[2026-05-30 12:44:13 +0800] [22226] [INFO] Worker exiting (pid: 22226)
[2026-05-30 12:44:13 +0800] [22971] [INFO] Worker exiting (pid: 22971)
[2026-05-30 12:44:13 +0800] [22436] [INFO] Worker exiting (pid: 22436)
[2026-05-30 12:44:13 +0800] [23031] [INFO] Worker exiting (pid: 23031)
[2026-05-30 12:44:13 +0800] [23095] [INFO] Worker exiting (pid: 23095)
[2026-05-30 12:44:13 +0800] [23097] [INFO] Worker exiting (pid: 23097)
[2026-05-30 12:44:13 +0800] [23125] [INFO] Worker exiting (pid: 23125)
[2026-05-30 12:44:13 +0800] [23126] [INFO] Worker exiting (pid: 23126)
[2026-05-30 12:44:13 +0800] [23421] [INFO] Worker exiting (pid: 23421)
[2026-05-30 12:44:13 +0800] [22095] [INFO] Worker exiting (pid: 22095)
[2026-05-30 12:44:13 +0800] [21724] [INFO] Worker exiting (pid: 21724)
[2026-05-30 12:44:13 +0800] [21717] [INFO] Worker exiting (pid: 21717)
[2026-05-30 12:44:13 +0800] [22113] [INFO] Worker exiting (pid: 22113)
[2026-05-30 12:44:13 +0800] [22109] [INFO] Worker exiting (pid: 22109)
[2026-05-30 12:44:13 +0800] [22147] [INFO] Worker exiting (pid: 22147)
[2026-05-30 12:44:13 +0800] [22992] [INFO] Worker exiting (pid: 22992)
[2026-05-30 12:44:13 +0800] [22435] [INFO] Worker exiting (pid: 22435)
[2026-05-30 12:44:13 +0800] [21709] [INFO] Worker (pid:23031) was sent SIGTERM!
[2026-05-30 12:44:13 +0800] [21709] [INFO] Worker (pid:22436) was sent SIGTERM!
[2026-05-30 12:44:13 +0800] [21709] [INFO] Worker (pid:22108) was sent SIGTERM!
[2026-05-30 12:44:13 +0800] [21709] [INFO] Worker (pid:22009) was sent SIGTERM!
[2026-05-30 12:44:13 +0800] [21709] [INFO] Worker (pid:21737) was sent SIGTERM!
[2026-05-30 12:44:13 +0800] [21709] [INFO] Worker (pid:21731) was sent SIGTERM!
[2026-05-30 12:44:15 +0800] [23642] [INFO] Starting gunicorn 26.0.0
[2026-05-30 12:44:15 +0800] [23642] [ERROR] Connection in use: ('127.0.0.1', 8765)
[2026-05-30 12:44:15 +0800] [23642] [ERROR] connection to ('127.0.0.1', 8765) failed: [Errno 48] Address already in use
[2026-05-30 12:44:16 +0800] [23642] [ERROR] Connection in use: ('127.0.0.1', 8765)
[2026-05-30 12:44:16 +0800] [23642] [ERROR] connection to ('127.0.0.1', 8765) failed: [Errno 48] Address already in use
[2026-05-30 12:44:17 +0800] [23642] [ERROR] Connection in use: ('127.0.0.1', 8765)
[2026-05-30 12:44:17 +0800] [23642] [ERROR] connection to ('127.0.0.1', 8765) failed: [Errno 48] Address already in use
[2026-05-30 12:44:18 +0800] [23642] [ERROR] Connection in use: ('127.0.0.1', 8765)
[2026-05-30 12:44:18 +0800] [23642] [ERROR] connection to ('127.0.0.1', 8765) failed: [Errno 48] Address already in use
[2026-05-30 12:44:19 +0800] [23642] [ERROR] Connection in use: ('127.0.0.1', 8765)
[2026-05-30 12:44:19 +0800] [23642] [ERROR] connection to ('127.0.0.1', 8765) failed: [Errno 48] Address already in use
[2026-05-30 12:44:20 +0800] [23642] [ERROR] Can't connect to ('127.0.0.1', 8765)
[2026-05-30 12:44:28 +0800] [21709] [INFO] Shutting down: Master
[2026-05-30 12:45:05 +0800] [23708] [INFO] Starting gunicorn 26.0.0
[2026-05-30 12:45:05 +0800] [23708] [INFO] Listening at: http://127.0.0.1:8765 (23708)
[2026-05-30 12:45:05 +0800] [23708] [INFO] Using worker: sync
[2026-05-30 12:45:05 +0800] [23710] [INFO] Booting worker with pid: 23710
[2026-05-30 12:45:05 +0800] [23711] [INFO] Booting worker with pid: 23711
[2026-05-30 12:45:06 +0800] [23712] [INFO] Booting worker with pid: 23712
[2026-05-30 12:45:06 +0800] [23713] [INFO] Booting worker with pid: 23713
[2026-05-30 12:45:06 +0800] [23714] [INFO] Booting worker with pid: 23714
[2026-05-30 12:45:06 +0800] [23715] [INFO] Booting worker with pid: 23715
[2026-05-30 12:45:06 +0800] [23716] [INFO] Booting worker with pid: 23716
[2026-05-30 12:45:06 +0800] [23717] [INFO] Booting worker with pid: 23717
[2026-05-30 12:45:06 +0800] [23718] [INFO] Booting worker with pid: 23718
[2026-05-30 12:45:06 +0800] [23719] [INFO] Booting worker with pid: 23719
[2026-05-30 12:45:06 +0800] [23720] [INFO] Booting worker with pid: 23720
[2026-05-30 12:45:06 +0800] [23721] [INFO] Booting worker with pid: 23721
[2026-05-30 12:45:06 +0800] [23722] [INFO] Booting worker with pid: 23722
[2026-05-30 12:45:06 +0800] [23710] [ERROR] Exception in worker process
Traceback (most recent call last):
  File "/Users/sunmuchao/Downloads/Her/.venv/lib/python3.12/site-packages/gunicorn/arbiter.py", line 713, in spawn_worker
    worker.init_process()
  File "/Users/sunmuchao/Downloads/Her/.venv/lib/python3.12/site-packages/gunicorn/workers/base.py", line 136, in init_process
    self.load_wsgi()
  File "/Users/sunmuchao/Downloads/Her/.venv/lib/python3.12/site-packages/gunicorn/workers/base.py", line 148, in load_wsgi
    self.wsgi = self.app.wsgi()
                ^^^^^^^^^^^^^^^
  File "/Users/sunmuchao/Downloads/Her/.venv/lib/python3.12/site-packages/gunicorn/app/base.py", line 66, in wsgi
    self.callable = self.load()
                    ^^^^^^^^^^^
  File "/Users/sunmuchao/Downloads/Her/.venv/lib/python3.12/site-packages/gunicorn/app/wsgiapp.py", line 57, in load
    return self.load_wsgiapp()
           ^^^^^^^^^^^^^^^^^^^
  File "/Users/sunmuchao/Downloads/Her/.venv/lib/python3.12/site-packages/gunicorn/app/wsgiapp.py", line 47, in load_wsgiapp
    return util.import_app(self.app_uri)
           ^^^^^^^^^^^^^^^^^^^^^^^^^^^^^
  File "/Users/sunmuchao/Downloads/Her/.venv/lib/python3.12/site-packages/gunicorn/util.py", line 411, in import_app
    mod = importlib.import_module(module)
          ^^^^^^^^^^^^^^^^^^^^^^^^^^^^^^^
  File "/usr/local/Cellar/python@3.12/3.12.7_1/Frameworks/Python.framework/Versions/3.12/lib/python3.12/importlib/__init__.py", line 90, in import_module
    return _bootstrap._gcd_import(name[level:], package, level)
           ^^^^^^^^^^^^^^^^^^^^^^^^^^^^^^^^^^^^^^^^^^^^^^^^^^^^
  File "<frozen importlib._bootstrap>", line 1387, in _gcd_import
  File "<frozen importlib._bootstrap>", line 1360, in _find_and_load
  File "<frozen importlib._bootstrap>", line 1331, in _find_and_load_unlocked
  File "<frozen importlib._bootstrap>", line 935, in _load_unlocked
  File "<frozen importlib._bootstrap_external>", line 995, in exec_module
  File "<frozen importlib._bootstrap>", line 488, in _call_with_frames_removed
  File "/Users/sunmuchao/Downloads/Her/external-systems/partner-http-gateway/gateway/app.py", line 395, in <module>
    _default_gateway = PartnerGateway()
                       ^^^^^^^^^^^^^^^^
  File "/Users/sunmuchao/Downloads/Her/external-systems/partner-http-gateway/gateway/app.py", line 108, in __init__
    self._rec_pool = GatewayConnectionPool(self._recommendation_dsn, "recommendation", max_size=pool_n)
                     ^^^^^^^^^^^^^^^^^^^^^^^^^^^^^^^^^^^^^^^^^^^^^^^^^^^^^^^^^^^^^^^^^^^^^^^^^^^^^^^^^^
  File "/Users/sunmuchao/Downloads/Her/external-systems/partner-http-gateway/gateway/mysql_pool.py", line 33, in __init__
    ensure_database(self._cfg)
  File "/Users/sunmuchao/Downloads/Her/outer_system_mysql_schema.py", line 180, in ensure_database
    cursor.execute(
  File "/Users/sunmuchao/Downloads/Her/.venv/lib/python3.12/site-packages/pymysql/cursors.py", line 155, in execute
    query = self.mogrify(query, args)
            ^^^^^^^^^^^^^^^^^^^^^^^^^
  File "/Users/sunmuchao/Downloads/Her/.venv/lib/python3.12/site-packages/pymysql/cursors.py", line 133, in mogrify
    query = query % self._escape_args(args, conn)
            ~~~~~~^~~~~~~~~~~~~~~~~~~~~~~~~~~~~~~
TypeError: not all arguments converted during string formatting
not all arguments converted during string formatting
[2026-05-30 12:45:06 +0800] [23712] [ERROR] Exception in worker process
Traceback (most recent call last):
  File "/Users/sunmuchao/Downloads/Her/.venv/lib/python3.12/site-packages/gunicorn/arbiter.py", line 713, in spawn_worker
    worker.init_process()
  File "/Users/sunmuchao/Downloads/Her/.venv/lib/python3.12/site-packages/gunicorn/workers/base.py", line 136, in init_process
    self.load_wsgi()
  File "/Users/sunmuchao/Downloads/Her/.venv/lib/python3.12/site-packages/gunicorn/workers/base.py", line 148, in load_wsgi
    self.wsgi = self.app.wsgi()
                ^^^^^^^^^^^^^^^
  File "/Users/sunmuchao/Downloads/Her/.venv/lib/python3.12/site-packages/gunicorn/app/base.py", line 66, in wsgi
    self.callable = self.load()
                    ^^^^^^^^^^^
  File "/Users/sunmuchao/Downloads/Her/.venv/lib/python3.12/site-packages/gunicorn/app/wsgiapp.py", line 57, in load
    return self.load_wsgiapp()
           ^^^^^^^^^^^^^^^^^^^
  File "/Users/sunmuchao/Downloads/Her/.venv/lib/python3.12/site-packages/gunicorn/app/wsgiapp.py", line 47, in load_wsgiapp
    return util.import_app(self.app_uri)
           ^^^^^^^^^^^^^^^^^^^^^^^^^^^^^
  File "/Users/sunmuchao/Downloads/Her/.venv/lib/python3.12/site-packages/gunicorn/util.py", line 411, in import_app
    mod = importlib.import_module(module)
          ^^^^^^^^^^^^^^^^^^^^^^^^^^^^^^^
  File "/usr/local/Cellar/python@3.12/3.12.7_1/Frameworks/Python.framework/Versions/3.12/lib/python3.12/importlib/__init__.py", line 90, in import_module
    return _bootstrap._gcd_import(name[level:], package, level)
           ^^^^^^^^^^^^^^^^^^^^^^^^^^^^^^^^^^^^^^^^^^^^^^^^^^^^
  File "<frozen importlib._bootstrap>", line 1387, in _gcd_import
  File "<frozen importlib._bootstrap>", line 1360, in _find_and_load
  File "<frozen importlib._bootstrap>", line 1331, in _find_and_load_unlocked
  File "<frozen importlib._bootstrap>", line 935, in _load_unlocked
  File "<frozen importlib._bootstrap_external>", line 995, in exec_module
  File "<frozen importlib._bootstrap>", line 488, in _call_with_frames_removed
  File "/Users/sunmuchao/Downloads/Her/external-systems/partner-http-gateway/gateway/app.py", line 395, in <module>
    _default_gateway = PartnerGateway()
                       ^^^^^^^^^^^^^^^^
  File "/Users/sunmuchao/Downloads/Her/external-systems/partner-http-gateway/gateway/app.py", line 108, in __init__
    self._rec_pool = GatewayConnectionPool(self._recommendation_dsn, "recommendation", max_size=pool_n)
                     ^^^^^^^^^^^^^^^^^^^^^^^^^^^^^^^^^^^^^^^^^^^^^^^^^^^^^^^^^^^^^^^^^^^^^^^^^^^^^^^^^^
  File "/Users/sunmuchao/Downloads/Her/external-systems/partner-http-gateway/gateway/mysql_pool.py", line 33, in __init__
    ensure_database(self._cfg)
  File "/Users/sunmuchao/Downloads/Her/outer_system_mysql_schema.py", line 180, in ensure_database
    cursor.execute(
  File "/Users/sunmuchao/Downloads/Her/.venv/lib/python3.12/site-packages/pymysql/cursors.py", line 155, in execute
    query = self.mogrify(query, args)
            ^^^^^^^^^^^^^^^^^^^^^^^^^
  File "/Users/sunmuchao/Downloads/Her/.venv/lib/python3.12/site-packages/pymysql/cursors.py", line 133, in mogrify
    query = query % self._escape_args(args, conn)
            ~~~~~~^~~~~~~~~~~~~~~~~~~~~~~~~~~~~~~
TypeError: not all arguments converted during string formatting
not all arguments converted during string formatting
[2026-05-30 12:45:06 +0800] [23711] [ERROR] Exception in worker process
Traceback (most recent call last):
  File "/Users/sunmuchao/Downloads/Her/.venv/lib/python3.12/site-packages/gunicorn/arbiter.py", line 713, in spawn_worker
    worker.init_process()
  File "/Users/sunmuchao/Downloads/Her/.venv/lib/python3.12/site-packages/gunicorn/workers/base.py", line 136, in init_process
    self.load_wsgi()
  File "/Users/sunmuchao/Downloads/Her/.venv/lib/python3.12/site-packages/gunicorn/workers/base.py", line 148, in load_wsgi
    self.wsgi = self.app.wsgi()
                ^^^^^^^^^^^^^^^
  File "/Users/sunmuchao/Downloads/Her/.venv/lib/python3.12/site-packages/gunicorn/app/base.py", line 66, in wsgi
    self.callable = self.load()
                    ^^^^^^^^^^^
  File "/Users/sunmuchao/Downloads/Her/.venv/lib/python3.12/site-packages/gunicorn/app/wsgiapp.py", line 57, in load
    return self.load_wsgiapp()
           ^^^^^^^^^^^^^^^^^^^
  File "/Users/sunmuchao/Downloads/Her/.venv/lib/python3.12/site-packages/gunicorn/app/wsgiapp.py", line 47, in load_wsgiapp
    return util.import_app(self.app_uri)
           ^^^^^^^^^^^^^^^^^^^^^^^^^^^^^
  File "/Users/sunmuchao/Downloads/Her/.venv/lib/python3.12/site-packages/gunicorn/util.py", line 411, in import_app
    mod = importlib.import_module(module)
          ^^^^^^^^^^^^^^^^^^^^^^^^^^^^^^^
  File "/usr/local/Cellar/python@3.12/3.12.7_1/Frameworks/Python.framework/Versions/3.12/lib/python3.12/importlib/__init__.py", line 90, in import_module
    return _bootstrap._gcd_import(name[level:], package, level)
           ^^^^^^^^^^^^^^^^^^^^^^^^^^^^^^^^^^^^^^^^^^^^^^^^^^^^
  File "<frozen importlib._bootstrap>", line 1387, in _gcd_import
  File "<frozen importlib._bootstrap>", line 1360, in _find_and_load
  File "<frozen importlib._bootstrap>", line 1331, in _find_and_load_unlocked
  File "<frozen importlib._bootstrap>", line 935, in _load_unlocked
  File "<frozen importlib._bootstrap_external>", line 995, in exec_module
  File "<frozen importlib._bootstrap>", line 488, in _call_with_frames_removed
  File "/Users/sunmuchao/Downloads/Her/external-systems/partner-http-gateway/gateway/app.py", line 395, in <module>
    _default_gateway = PartnerGateway()
                       ^^^^^^^^^^^^^^^^
  File "/Users/sunmuchao/Downloads/Her/external-systems/partner-http-gateway/gateway/app.py", line 108, in __init__
    self._rec_pool = GatewayConnectionPool(self._recommendation_dsn, "recommendation", max_size=pool_n)
                     ^^^^^^^^^^^^^^^^^^^^^^^^^^^^^^^^^^^^^^^^^^^^^^^^^^^^^^^^^^^^^^^^^^^^^^^^^^^^^^^^^^
  File "/Users/sunmuchao/Downloads/Her/external-systems/partner-http-gateway/gateway/mysql_pool.py", line 33, in __init__
    ensure_database(self._cfg)
  File "/Users/sunmuchao/Downloads/Her/outer_system_mysql_schema.py", line 180, in ensure_database
    cursor.execute(
  File "/Users/sunmuchao/Downloads/Her/.venv/lib/python3.12/site-packages/pymysql/cursors.py", line 155, in execute
    query = self.mogrify(query, args)
            ^^^^^^^^^^^^^^^^^^^^^^^^^
  File "/Users/sunmuchao/Downloads/Her/.venv/lib/python3.12/site-packages/pymysql/cursors.py", line 133, in mogrify
    query = query % self._escape_args(args, conn)
            ~~~~~~^~~~~~~~~~~~~~~~~~~~~~~~~~~~~~~
TypeError: not all arguments converted during string formatting
not all arguments converted during string formatting
[2026-05-30 12:45:06 +0800] [23710] [INFO] Worker exiting (pid: 23710)
[2026-05-30 12:45:06 +0800] [23712] [INFO] Worker exiting (pid: 23712)
[2026-05-30 12:45:06 +0800] [23711] [INFO] Worker exiting (pid: 23711)
[2026-05-30 12:45:06 +0800] [23723] [INFO] Booting worker with pid: 23723
[2026-05-30 12:45:06 +0800] [23713] [ERROR] Exception in worker process
Traceback (most recent call last):
  File "/Users/sunmuchao/Downloads/Her/.venv/lib/python3.12/site-packages/gunicorn/arbiter.py", line 713, in spawn_worker
    worker.init_process()
  File "/Users/sunmuchao/Downloads/Her/.venv/lib/python3.12/site-packages/gunicorn/workers/base.py", line 136, in init_process
    self.load_wsgi()
  File "/Users/sunmuchao/Downloads/Her/.venv/lib/python3.12/site-packages/gunicorn/workers/base.py", line 148, in load_wsgi
    self.wsgi = self.app.wsgi()
                ^^^^^^^^^^^^^^^
  File "/Users/sunmuchao/Downloads/Her/.venv/lib/python3.12/site-packages/gunicorn/app/base.py", line 66, in wsgi
    self.callable = self.load()
                    ^^^^^^^^^^^
  File "/Users/sunmuchao/Downloads/Her/.venv/lib/python3.12/site-packages/gunicorn/app/wsgiapp.py", line 57, in load
    return self.load_wsgiapp()
           ^^^^^^^^^^^^^^^^^^^
  File "/Users/sunmuchao/Downloads/Her/.venv/lib/python3.12/site-packages/gunicorn/app/wsgiapp.py", line 47, in load_wsgiapp
    return util.import_app(self.app_uri)
           ^^^^^^^^^^^^^^^^^^^^^^^^^^^^^
  File "/Users/sunmuchao/Downloads/Her/.venv/lib/python3.12/site-packages/gunicorn/util.py", line 411, in import_app
    mod = importlib.import_module(module)
          ^^^^^^^^^^^^^^^^^^^^^^^^^^^^^^^
  File "/usr/local/Cellar/python@3.12/3.12.7_1/Frameworks/Python.framework/Versions/3.12/lib/python3.12/importlib/__init__.py", line 90, in import_module
    return _bootstrap._gcd_import(name[level:], package, level)
           ^^^^^^^^^^^^^^^^^^^^^^^^^^^^^^^^^^^^^^^^^^^^^^^^^^^^
  File "<frozen importlib._bootstrap>", line 1387, in _gcd_import
  File "<frozen importlib._bootstrap>", line 1360, in _find_and_load
  File "<frozen importlib._bootstrap>", line 1331, in _find_and_load_unlocked
  File "<frozen importlib._bootstrap>", line 935, in _load_unlocked
  File "<frozen importlib._bootstrap_external>", line 995, in exec_module
  File "<frozen importlib._bootstrap>", line 488, in _call_with_frames_removed
  File "/Users/sunmuchao/Downloads/Her/external-systems/partner-http-gateway/gateway/app.py", line 395, in <module>
    _default_gateway = PartnerGateway()
                       ^^^^^^^^^^^^^^^^
  File "/Users/sunmuchao/Downloads/Her/external-systems/partner-http-gateway/gateway/app.py", line 108, in __init__
    self._rec_pool = GatewayConnectionPool(self._recommendation_dsn, "recommendation", max_size=pool_n)
                     ^^^^^^^^^^^^^^^^^^^^^^^^^^^^^^^^^^^^^^^^^^^^^^^^^^^^^^^^^^^^^^^^^^^^^^^^^^^^^^^^^^
  File "/Users/sunmuchao/Downloads/Her/external-systems/partner-http-gateway/gateway/mysql_pool.py", line 33, in __init__
    ensure_database(self._cfg)
  File "/Users/sunmuchao/Downloads/Her/outer_system_mysql_schema.py", line 180, in ensure_database
    cursor.execute(
  File "/Users/sunmuchao/Downloads/Her/.venv/lib/python3.12/site-packages/pymysql/cursors.py", line 155, in execute
    query = self.mogrify(query, args)
            ^^^^^^^^^^^^^^^^^^^^^^^^^
  File "/Users/sunmuchao/Downloads/Her/.venv/lib/python3.12/site-packages/pymysql/cursors.py", line 133, in mogrify
    query = query % self._escape_args(args, conn)
            ~~~~~~^~~~~~~~~~~~~~~~~~~~~~~~~~~~~~~
TypeError: not all arguments converted during string formatting
not all arguments converted during string formatting
[2026-05-30 12:45:06 +0800] [23713] [INFO] Worker exiting (pid: 23713)
[2026-05-30 12:45:06 +0800] [23724] [INFO] Booting worker with pid: 23724
[2026-05-30 12:45:06 +0800] [23725] [INFO] Booting worker with pid: 23725
[2026-05-30 12:45:06 +0800] [23714] [ERROR] Exception in worker process
Traceback (most recent call last):
  File "/Users/sunmuchao/Downloads/Her/.venv/lib/python3.12/site-packages/gunicorn/arbiter.py", line 713, in spawn_worker
    worker.init_process()
  File "/Users/sunmuchao/Downloads/Her/.venv/lib/python3.12/site-packages/gunicorn/workers/base.py", line 136, in init_process
    self.load_wsgi()
  File "/Users/sunmuchao/Downloads/Her/.venv/lib/python3.12/site-packages/gunicorn/workers/base.py", line 148, in load_wsgi
    self.wsgi = self.app.wsgi()
                ^^^^^^^^^^^^^^^
  File "/Users/sunmuchao/Downloads/Her/.venv/lib/python3.12/site-packages/gunicorn/app/base.py", line 66, in wsgi
    self.callable = self.load()
                    ^^^^^^^^^^^
  File "/Users/sunmuchao/Downloads/Her/.venv/lib/python3.12/site-packages/gunicorn/app/wsgiapp.py", line 57, in load
    return self.load_wsgiapp()
           ^^^^^^^^^^^^^^^^^^^
  File "/Users/sunmuchao/Downloads/Her/.venv/lib/python3.12/site-packages/gunicorn/app/wsgiapp.py", line 47, in load_wsgiapp
    return util.import_app(self.app_uri)
           ^^^^^^^^^^^^^^^^^^^^^^^^^^^^^
  File "/Users/sunmuchao/Downloads/Her/.venv/lib/python3.12/site-packages/gunicorn/util.py", line 411, in import_app
    mod = importlib.import_module(module)
          ^^^^^^^^^^^^^^^^^^^^^^^^^^^^^^^
  File "/usr/local/Cellar/python@3.12/3.12.7_1/Frameworks/Python.framework/Versions/3.12/lib/python3.12/importlib/__init__.py", line 90, in import_module
    return _bootstrap._gcd_import(name[level:], package, level)
           ^^^^^^^^^^^^^^^^^^^^^^^^^^^^^^^^^^^^^^^^^^^^^^^^^^^^
  File "<frozen importlib._bootstrap>", line 1387, in _gcd_import
  File "<frozen importlib._bootstrap>", line 1360, in _find_and_load
  File "<frozen importlib._bootstrap>", line 1331, in _find_and_load_unlocked
  File "<frozen importlib._bootstrap>", line 935, in _load_unlocked
  File "<frozen importlib._bootstrap_external>", line 995, in exec_module
  File "<frozen importlib._bootstrap>", line 488, in _call_with_frames_removed
  File "/Users/sunmuchao/Downloads/Her/external-systems/partner-http-gateway/gateway/app.py", line 395, in <module>
    _default_gateway = PartnerGateway()
                       ^^^^^^^^^^^^^^^^
  File "/Users/sunmuchao/Downloads/Her/external-systems/partner-http-gateway/gateway/app.py", line 108, in __init__
    self._rec_pool = GatewayConnectionPool(self._recommendation_dsn, "recommendation", max_size=pool_n)
                     ^^^^^^^^^^^^^^^^^^^^^^^^^^^^^^^^^^^^^^^^^^^^^^^^^^^^^^^^^^^^^^^^^^^^^^^^^^^^^^^^^^
  File "/Users/sunmuchao/Downloads/Her/external-systems/partner-http-gateway/gateway/mysql_pool.py", line 33, in __init__
    ensure_database(self._cfg)
  File "/Users/sunmuchao/Downloads/Her/outer_system_mysql_schema.py", line 180, in ensure_database
    cursor.execute(
  File "/Users/sunmuchao/Downloads/Her/.venv/lib/python3.12/site-packages/pymysql/cursors.py", line 155, in execute
    query = self.mogrify(query, args)
            ^^^^^^^^^^^^^^^^^^^^^^^^^
  File "/Users/sunmuchao/Downloads/Her/.venv/lib/python3.12/site-packages/pymysql/cursors.py", line 133, in mogrify
    query = query % self._escape_args(args, conn)
            ~~~~~~^~~~~~~~~~~~~~~~~~~~~~~~~~~~~~~
TypeError: not all arguments converted during string formatting
not all arguments converted during string formatting
[2026-05-30 12:45:06 +0800] [23714] [INFO] Worker exiting (pid: 23714)
[2026-05-30 12:45:06 +0800] [23726] [INFO] Booting worker with pid: 23726
[2026-05-30 12:45:06 +0800] [23727] [INFO] Booting worker with pid: 23727
[2026-05-30 12:45:06 +0800] [23728] [INFO] Booting worker with pid: 23728
[2026-05-30 12:45:06 +0800] [23729] [INFO] Booting worker with pid: 23729
[2026-05-30 12:45:06 +0800] [23730] [INFO] Booting worker with pid: 23730
[2026-05-30 12:45:06 +0800] [23715] [ERROR] Exception in worker process
Traceback (most recent call last):
  File "/Users/sunmuchao/Downloads/Her/.venv/lib/python3.12/site-packages/gunicorn/arbiter.py", line 713, in spawn_worker
    worker.init_process()
  File "/Users/sunmuchao/Downloads/Her/.venv/lib/python3.12/site-packages/gunicorn/workers/base.py", line 136, in init_process
    self.load_wsgi()
  File "/Users/sunmuchao/Downloads/Her/.venv/lib/python3.12/site-packages/gunicorn/workers/base.py", line 148, in load_wsgi
    self.wsgi = self.app.wsgi()
                ^^^^^^^^^^^^^^^
  File "/Users/sunmuchao/Downloads/Her/.venv/lib/python3.12/site-packages/gunicorn/app/base.py", line 66, in wsgi
    self.callable = self.load()
                    ^^^^^^^^^^^
  File "/Users/sunmuchao/Downloads/Her/.venv/lib/python3.12/site-packages/gunicorn/app/wsgiapp.py", line 57, in load
    return self.load_wsgiapp()
           ^^^^^^^^^^^^^^^^^^^
  File "/Users/sunmuchao/Downloads/Her/.venv/lib/python3.12/site-packages/gunicorn/app/wsgiapp.py", line 47, in load_wsgiapp
    return util.import_app(self.app_uri)
           ^^^^^^^^^^^^^^^^^^^^^^^^^^^^^
  File "/Users/sunmuchao/Downloads/Her/.venv/lib/python3.12/site-packages/gunicorn/util.py", line 411, in import_app
    mod = importlib.import_module(module)
          ^^^^^^^^^^^^^^^^^^^^^^^^^^^^^^^
  File "/usr/local/Cellar/python@3.12/3.12.7_1/Frameworks/Python.framework/Versions/3.12/lib/python3.12/importlib/__init__.py", line 90, in import_module
    return _bootstrap._gcd_import(name[level:], package, level)
           ^^^^^^^^^^^^^^^^^^^^^^^^^^^^^^^^^^^^^^^^^^^^^^^^^^^^
  File "<frozen importlib._bootstrap>", line 1387, in _gcd_import
  File "<frozen importlib._bootstrap>", line 1360, in _find_and_load
  File "<frozen importlib._bootstrap>", line 1331, in _find_and_load_unlocked
  File "<frozen importlib._bootstrap>", line 935, in _load_unlocked
  File "<frozen importlib._bootstrap_external>", line 995, in exec_module
  File "<frozen importlib._bootstrap>", line 488, in _call_with_frames_removed
  File "/Users/sunmuchao/Downloads/Her/external-systems/partner-http-gateway/gateway/app.py", line 395, in <module>
    _default_gateway = PartnerGateway()
                       ^^^^^^^^^^^^^^^^
  File "/Users/sunmuchao/Downloads/Her/external-systems/partner-http-gateway/gateway/app.py", line 108, in __init__
    self._rec_pool = GatewayConnectionPool(self._recommendation_dsn, "recommendation", max_size=pool_n)
                     ^^^^^^^^^^^^^^^^^^^^^^^^^^^^^^^^^^^^^^^^^^^^^^^^^^^^^^^^^^^^^^^^^^^^^^^^^^^^^^^^^^
  File "/Users/sunmuchao/Downloads/Her/external-systems/partner-http-gateway/gateway/mysql_pool.py", line 33, in __init__
    ensure_database(self._cfg)
  File "/Users/sunmuchao/Downloads/Her/outer_system_mysql_schema.py", line 180, in ensure_database
    cursor.execute(
  File "/Users/sunmuchao/Downloads/Her/.venv/lib/python3.12/site-packages/pymysql/cursors.py", line 155, in execute
    query = self.mogrify(query, args)
            ^^^^^^^^^^^^^^^^^^^^^^^^^
  File "/Users/sunmuchao/Downloads/Her/.venv/lib/python3.12/site-packages/pymysql/cursors.py", line 133, in mogrify
    query = query % self._escape_args(args, conn)
            ~~~~~~^~~~~~~~~~~~~~~~~~~~~~~~~~~~~~~
TypeError: not all arguments converted during string formatting
not all arguments converted during string formatting
[2026-05-30 12:45:06 +0800] [23715] [INFO] Worker exiting (pid: 23715)
[2026-05-30 12:45:06 +0800] [23731] [INFO] Booting worker with pid: 23731
[2026-05-30 12:45:07 +0800] [23732] [INFO] Booting worker with pid: 23732
[2026-05-30 12:45:07 +0800] [23733] [INFO] Booting worker with pid: 23733
[2026-05-30 12:45:07 +0800] [23716] [ERROR] Exception in worker process
Traceback (most recent call last):
  File "/Users/sunmuchao/Downloads/Her/.venv/lib/python3.12/site-packages/gunicorn/arbiter.py", line 713, in spawn_worker
    worker.init_process()
  File "/Users/sunmuchao/Downloads/Her/.venv/lib/python3.12/site-packages/gunicorn/workers/base.py", line 136, in init_process
    self.load_wsgi()
  File "/Users/sunmuchao/Downloads/Her/.venv/lib/python3.12/site-packages/gunicorn/workers/base.py", line 148, in load_wsgi
    self.wsgi = self.app.wsgi()
                ^^^^^^^^^^^^^^^
  File "/Users/sunmuchao/Downloads/Her/.venv/lib/python3.12/site-packages/gunicorn/app/base.py", line 66, in wsgi
    self.callable = self.load()
                    ^^^^^^^^^^^
  File "/Users/sunmuchao/Downloads/Her/.venv/lib/python3.12/site-packages/gunicorn/app/wsgiapp.py", line 57, in load
    return self.load_wsgiapp()
           ^^^^^^^^^^^^^^^^^^^
  File "/Users/sunmuchao/Downloads/Her/.venv/lib/python3.12/site-packages/gunicorn/app/wsgiapp.py", line 47, in load_wsgiapp
    return util.import_app(self.app_uri)
           ^^^^^^^^^^^^^^^^^^^^^^^^^^^^^
  File "/Users/sunmuchao/Downloads/Her/.venv/lib/python3.12/site-packages/gunicorn/util.py", line 411, in import_app
    mod = importlib.import_module(module)
          ^^^^^^^^^^^^^^^^^^^^^^^^^^^^^^^
  File "/usr/local/Cellar/python@3.12/3.12.7_1/Frameworks/Python.framework/Versions/3.12/lib/python3.12/importlib/__init__.py", line 90, in import_module
    return _bootstrap._gcd_import(name[level:], package, level)
           ^^^^^^^^^^^^^^^^^^^^^^^^^^^^^^^^^^^^^^^^^^^^^^^^^^^^
  File "<frozen importlib._bootstrap>", line 1387, in _gcd_import
  File "<frozen importlib._bootstrap>", line 1360, in _find_and_load
  File "<frozen importlib._bootstrap>", line 1331, in _find_and_load_unlocked
  File "<frozen importlib._bootstrap>", line 935, in _load_unlocked
  File "<frozen importlib._bootstrap_external>", line 995, in exec_module
  File "<frozen importlib._bootstrap>", line 488, in _call_with_frames_removed
  File "/Users/sunmuchao/Downloads/Her/external-systems/partner-http-gateway/gateway/app.py", line 395, in <module>
    _default_gateway = PartnerGateway()
                       ^^^^^^^^^^^^^^^^
  File "/Users/sunmuchao/Downloads/Her/external-systems/partner-http-gateway/gateway/app.py", line 108, in __init__
    self._rec_pool = GatewayConnectionPool(self._recommendation_dsn, "recommendation", max_size=pool_n)
                     ^^^^^^^^^^^^^^^^^^^^^^^^^^^^^^^^^^^^^^^^^^^^^^^^^^^^^^^^^^^^^^^^^^^^^^^^^^^^^^^^^^
  File "/Users/sunmuchao/Downloads/Her/external-systems/partner-http-gateway/gateway/mysql_pool.py", line 33, in __init__
    ensure_database(self._cfg)
  File "/Users/sunmuchao/Downloads/Her/outer_system_mysql_schema.py", line 180, in ensure_database
    cursor.execute(
  File "/Users/sunmuchao/Downloads/Her/.venv/lib/python3.12/site-packages/pymysql/cursors.py", line 155, in execute
    query = self.mogrify(query, args)
            ^^^^^^^^^^^^^^^^^^^^^^^^^
  File "/Users/sunmuchao/Downloads/Her/.venv/lib/python3.12/site-packages/pymysql/cursors.py", line 133, in mogrify
    query = query % self._escape_args(args, conn)
            ~~~~~~^~~~~~~~~~~~~~~~~~~~~~~~~~~~~~~
TypeError: not all arguments converted during string formatting
not all arguments converted during string formatting
[2026-05-30 12:45:07 +0800] [23716] [INFO] Worker exiting (pid: 23716)
[2026-05-30 12:45:07 +0800] [23717] [ERROR] Exception in worker process
Traceback (most recent call last):
  File "/Users/sunmuchao/Downloads/Her/.venv/lib/python3.12/site-packages/gunicorn/arbiter.py", line 713, in spawn_worker
    worker.init_process()
  File "/Users/sunmuchao/Downloads/Her/.venv/lib/python3.12/site-packages/gunicorn/workers/base.py", line 136, in init_process
    self.load_wsgi()
  File "/Users/sunmuchao/Downloads/Her/.venv/lib/python3.12/site-packages/gunicorn/workers/base.py", line 148, in load_wsgi
    self.wsgi = self.app.wsgi()
                ^^^^^^^^^^^^^^^
  File "/Users/sunmuchao/Downloads/Her/.venv/lib/python3.12/site-packages/gunicorn/app/base.py", line 66, in wsgi
    self.callable = self.load()
                    ^^^^^^^^^^^
  File "/Users/sunmuchao/Downloads/Her/.venv/lib/python3.12/site-packages/gunicorn/app/wsgiapp.py", line 57, in load
    return self.load_wsgiapp()
           ^^^^^^^^^^^^^^^^^^^
  File "/Users/sunmuchao/Downloads/Her/.venv/lib/python3.12/site-packages/gunicorn/app/wsgiapp.py", line 47, in load_wsgiapp
    return util.import_app(self.app_uri)
           ^^^^^^^^^^^^^^^^^^^^^^^^^^^^^
  File "/Users/sunmuchao/Downloads/Her/.venv/lib/python3.12/site-packages/gunicorn/util.py", line 411, in import_app
    mod = importlib.import_module(module)
          ^^^^^^^^^^^^^^^^^^^^^^^^^^^^^^^
  File "/usr/local/Cellar/python@3.12/3.12.7_1/Frameworks/Python.framework/Versions/3.12/lib/python3.12/importlib/__init__.py", line 90, in import_module
    return _bootstrap._gcd_import(name[level:], package, level)
           ^^^^^^^^^^^^^^^^^^^^^^^^^^^^^^^^^^^^^^^^^^^^^^^^^^^^
  File "<frozen importlib._bootstrap>", line 1387, in _gcd_import
  File "<frozen importlib._bootstrap>", line 1360, in _find_and_load
  File "<frozen importlib._bootstrap>", line 1331, in _find_and_load_unlocked
  File "<frozen importlib._bootstrap>", line 935, in _load_unlocked
  File "<frozen importlib._bootstrap_external>", line 995, in exec_module
  File "<frozen importlib._bootstrap>", line 488, in _call_with_frames_removed
  File "/Users/sunmuchao/Downloads/Her/external-systems/partner-http-gateway/gateway/app.py", line 395, in <module>
    _default_gateway = PartnerGateway()
                       ^^^^^^^^^^^^^^^^
  File "/Users/sunmuchao/Downloads/Her/external-systems/partner-http-gateway/gateway/app.py", line 108, in __init__
    self._rec_pool = GatewayConnectionPool(self._recommendation_dsn, "recommendation", max_size=pool_n)
                     ^^^^^^^^^^^^^^^^^^^^^^^^^^^^^^^^^^^^^^^^^^^^^^^^^^^^^^^^^^^^^^^^^^^^^^^^^^^^^^^^^^
  File "/Users/sunmuchao/Downloads/Her/external-systems/partner-http-gateway/gateway/mysql_pool.py", line 33, in __init__
    ensure_database(self._cfg)
  File "/Users/sunmuchao/Downloads/Her/outer_system_mysql_schema.py", line 180, in ensure_database
    cursor.execute(
  File "/Users/sunmuchao/Downloads/Her/.venv/lib/python3.12/site-packages/pymysql/cursors.py", line 155, in execute
    query = self.mogrify(query, args)
            ^^^^^^^^^^^^^^^^^^^^^^^^^
  File "/Users/sunmuchao/Downloads/Her/.venv/lib/python3.12/site-packages/pymysql/cursors.py", line 133, in mogrify
    query = query % self._escape_args(args, conn)
            ~~~~~~^~~~~~~~~~~~~~~~~~~~~~~~~~~~~~~
TypeError: not all arguments converted during string formatting
not all arguments converted during string formatting
[2026-05-30 12:45:07 +0800] [23717] [INFO] Worker exiting (pid: 23717)
[2026-05-30 12:45:07 +0800] [23734] [INFO] Booting worker with pid: 23734
[2026-05-30 12:45:07 +0800] [23718] [ERROR] Exception in worker process
Traceback (most recent call last):
  File "/Users/sunmuchao/Downloads/Her/.venv/lib/python3.12/site-packages/gunicorn/arbiter.py", line 713, in spawn_worker
    worker.init_process()
  File "/Users/sunmuchao/Downloads/Her/.venv/lib/python3.12/site-packages/gunicorn/workers/base.py", line 136, in init_process
    self.load_wsgi()
  File "/Users/sunmuchao/Downloads/Her/.venv/lib/python3.12/site-packages/gunicorn/workers/base.py", line 148, in load_wsgi
    self.wsgi = self.app.wsgi()
                ^^^^^^^^^^^^^^^
  File "/Users/sunmuchao/Downloads/Her/.venv/lib/python3.12/site-packages/gunicorn/app/base.py", line 66, in wsgi
    self.callable = self.load()
                    ^^^^^^^^^^^
  File "/Users/sunmuchao/Downloads/Her/.venv/lib/python3.12/site-packages/gunicorn/app/wsgiapp.py", line 57, in load
    return self.load_wsgiapp()
           ^^^^^^^^^^^^^^^^^^^
  File "/Users/sunmuchao/Downloads/Her/.venv/lib/python3.12/site-packages/gunicorn/app/wsgiapp.py", line 47, in load_wsgiapp
    return util.import_app(self.app_uri)
           ^^^^^^^^^^^^^^^^^^^^^^^^^^^^^
  File "/Users/sunmuchao/Downloads/Her/.venv/lib/python3.12/site-packages/gunicorn/util.py", line 411, in import_app
    mod = importlib.import_module(module)
          ^^^^^^^^^^^^^^^^^^^^^^^^^^^^^^^
  File "/usr/local/Cellar/python@3.12/3.12.7_1/Frameworks/Python.framework/Versions/3.12/lib/python3.12/importlib/__init__.py", line 90, in import_module
    return _bootstrap._gcd_import(name[level:], package, level)
           ^^^^^^^^^^^^^^^^^^^^^^^^^^^^^^^^^^^^^^^^^^^^^^^^^^^^
  File "<frozen importlib._bootstrap>", line 1387, in _gcd_import
  File "<frozen importlib._bootstrap>", line 1360, in _find_and_load
  File "<frozen importlib._bootstrap>", line 1331, in _find_and_load_unlocked
  File "<frozen importlib._bootstrap>", line 935, in _load_unlocked
  File "<frozen importlib._bootstrap_external>", line 995, in exec_module
  File "<frozen importlib._bootstrap>", line 488, in _call_with_frames_removed
  File "/Users/sunmuchao/Downloads/Her/external-systems/partner-http-gateway/gateway/app.py", line 395, in <module>
    _default_gateway = PartnerGateway()
                       ^^^^^^^^^^^^^^^^
  File "/Users/sunmuchao/Downloads/Her/external-systems/partner-http-gateway/gateway/app.py", line 108, in __init__
    self._rec_pool = GatewayConnectionPool(self._recommendation_dsn, "recommendation", max_size=pool_n)
                     ^^^^^^^^^^^^^^^^^^^^^^^^^^^^^^^^^^^^^^^^^^^^^^^^^^^^^^^^^^^^^^^^^^^^^^^^^^^^^^^^^^
  File "/Users/sunmuchao/Downloads/Her/external-systems/partner-http-gateway/gateway/mysql_pool.py", line 33, in __init__
    ensure_database(self._cfg)
  File "/Users/sunmuchao/Downloads/Her/outer_system_mysql_schema.py", line 180, in ensure_database
    cursor.execute(
  File "/Users/sunmuchao/Downloads/Her/.venv/lib/python3.12/site-packages/pymysql/cursors.py", line 155, in execute
    query = self.mogrify(query, args)
            ^^^^^^^^^^^^^^^^^^^^^^^^^
  File "/Users/sunmuchao/Downloads/Her/.venv/lib/python3.12/site-packages/pymysql/cursors.py", line 133, in mogrify
    query = query % self._escape_args(args, conn)
            ~~~~~~^~~~~~~~~~~~~~~~~~~~~~~~~~~~~~~
TypeError: not all arguments converted during string formatting
not all arguments converted during string formatting
[2026-05-30 12:45:07 +0800] [23718] [INFO] Worker exiting (pid: 23718)
[2026-05-30 12:45:07 +0800] [23708] [ERROR] Worker (pid:23715) exited with code 3.
[2026-05-30 12:45:07 +0800] [23708] [INFO] Control socket listening at /Users/sunmuchao/.gunicorn/gunicorn.ctl
[2026-05-30 12:45:07 +0800] [23719] [ERROR] Exception in worker process
Traceback (most recent call last):
  File "/Users/sunmuchao/Downloads/Her/.venv/lib/python3.12/site-packages/gunicorn/arbiter.py", line 713, in spawn_worker
    worker.init_process()
  File "/Users/sunmuchao/Downloads/Her/.venv/lib/python3.12/site-packages/gunicorn/workers/base.py", line 136, in init_process
    self.load_wsgi()
  File "/Users/sunmuchao/Downloads/Her/.venv/lib/python3.12/site-packages/gunicorn/workers/base.py", line 148, in load_wsgi
    self.wsgi = self.app.wsgi()
                ^^^^^^^^^^^^^^^
  File "/Users/sunmuchao/Downloads/Her/.venv/lib/python3.12/site-packages/gunicorn/app/base.py", line 66, in wsgi
    self.callable = self.load()
                    ^^^^^^^^^^^
  File "/Users/sunmuchao/Downloads/Her/.venv/lib/python3.12/site-packages/gunicorn/app/wsgiapp.py", line 57, in load
    return self.load_wsgiapp()
           ^^^^^^^^^^^^^^^^^^^
  File "/Users/sunmuchao/Downloads/Her/.venv/lib/python3.12/site-packages/gunicorn/app/wsgiapp.py", line 47, in load_wsgiapp
    return util.import_app(self.app_uri)
           ^^^^^^^^^^^^^^^^^^^^^^^^^^^^^
  File "/Users/sunmuchao/Downloads/Her/.venv/lib/python3.12/site-packages/gunicorn/util.py", line 411, in import_app
    mod = importlib.import_module(module)
          ^^^^^^^^^^^^^^^^^^^^^^^^^^^^^^^
  File "/usr/local/Cellar/python@3.12/3.12.7_1/Frameworks/Python.framework/Versions/3.12/lib/python3.12/importlib/__init__.py", line 90, in import_module
    return _bootstrap._gcd_import(name[level:], package, level)
           ^^^^^^^^^^^^^^^^^^^^^^^^^^^^^^^^^^^^^^^^^^^^^^^^^^^^
  File "<frozen importlib._bootstrap>", line 1387, in _gcd_import
  File "<frozen importlib._bootstrap>", line 1360, in _find_and_load
  File "<frozen importlib._bootstrap>", line 1331, in _find_and_load_unlocked
  File "<frozen importlib._bootstrap>", line 935, in _load_unlocked
  File "<frozen importlib._bootstrap_external>", line 995, in exec_module
  File "<frozen importlib._bootstrap>", line 488, in _call_with_frames_removed
  File "/Users/sunmuchao/Downloads/Her/external-systems/partner-http-gateway/gateway/app.py", line 395, in <module>
    _default_gateway = PartnerGateway()
                       ^^^^^^^^^^^^^^^^
  File "/Users/sunmuchao/Downloads/Her/external-systems/partner-http-gateway/gateway/app.py", line 108, in __init__
    self._rec_pool = GatewayConnectionPool(self._recommendation_dsn, "recommendation", max_size=pool_n)
                     ^^^^^^^^^^^^^^^^^^^^^^^^^^^^^^^^^^^^^^^^^^^^^^^^^^^^^^^^^^^^^^^^^^^^^^^^^^^^^^^^^^
  File "/Users/sunmuchao/Downloads/Her/external-systems/partner-http-gateway/gateway/mysql_pool.py", line 33, in __init__
    ensure_database(self._cfg)
  File "/Users/sunmuchao/Downloads/Her/outer_system_mysql_schema.py", line 180, in ensure_database
    cursor.execute(
  File "/Users/sunmuchao/Downloads/Her/.venv/lib/python3.12/site-packages/pymysql/cursors.py", line 155, in execute
    query = self.mogrify(query, args)
            ^^^^^^^^^^^^^^^^^^^^^^^^^
  File "/Users/sunmuchao/Downloads/Her/.venv/lib/python3.12/site-packages/pymysql/cursors.py", line 133, in mogrify
    query = query % self._escape_args(args, conn)
            ~~~~~~^~~~~~~~~~~~~~~~~~~~~~~~~~~~~~~
TypeError: not all arguments converted during string formatting
not all arguments converted during string formatting
[2026-05-30 12:45:07 +0800] [23719] [INFO] Worker exiting (pid: 23719)
[2026-05-30 12:45:07 +0800] [23720] [ERROR] Exception in worker process
Traceback (most recent call last):
  File "/Users/sunmuchao/Downloads/Her/.venv/lib/python3.12/site-packages/gunicorn/arbiter.py", line 713, in spawn_worker
    worker.init_process()
  File "/Users/sunmuchao/Downloads/Her/.venv/lib/python3.12/site-packages/gunicorn/workers/base.py", line 136, in init_process
    self.load_wsgi()
  File "/Users/sunmuchao/Downloads/Her/.venv/lib/python3.12/site-packages/gunicorn/workers/base.py", line 148, in load_wsgi
    self.wsgi = self.app.wsgi()
                ^^^^^^^^^^^^^^^
  File "/Users/sunmuchao/Downloads/Her/.venv/lib/python3.12/site-packages/gunicorn/app/base.py", line 66, in wsgi
    self.callable = self.load()
                    ^^^^^^^^^^^
  File "/Users/sunmuchao/Downloads/Her/.venv/lib/python3.12/site-packages/gunicorn/app/wsgiapp.py", line 57, in load
    return self.load_wsgiapp()
           ^^^^^^^^^^^^^^^^^^^
  File "/Users/sunmuchao/Downloads/Her/.venv/lib/python3.12/site-packages/gunicorn/app/wsgiapp.py", line 47, in load_wsgiapp
    return util.import_app(self.app_uri)
           ^^^^^^^^^^^^^^^^^^^^^^^^^^^^^
  File "/Users/sunmuchao/Downloads/Her/.venv/lib/python3.12/site-packages/gunicorn/util.py", line 411, in import_app
    mod = importlib.import_module(module)
          ^^^^^^^^^^^^^^^^^^^^^^^^^^^^^^^
  File "/usr/local/Cellar/python@3.12/3.12.7_1/Frameworks/Python.framework/Versions/3.12/lib/python3.12/importlib/__init__.py", line 90, in import_module
    return _bootstrap._gcd_import(name[level:], package, level)
           ^^^^^^^^^^^^^^^^^^^^^^^^^^^^^^^^^^^^^^^^^^^^^^^^^^^^
  File "<frozen importlib._bootstrap>", line 1387, in _gcd_import
  File "<frozen importlib._bootstrap>", line 1360, in _find_and_load
  File "<frozen importlib._bootstrap>", line 1331, in _find_and_load_unlocked
  File "<frozen importlib._bootstrap>", line 935, in _load_unlocked
  File "<frozen importlib._bootstrap_external>", line 995, in exec_module
  File "<frozen importlib._bootstrap>", line 488, in _call_with_frames_removed
  File "/Users/sunmuchao/Downloads/Her/external-systems/partner-http-gateway/gateway/app.py", line 395, in <module>
    _default_gateway = PartnerGateway()
                       ^^^^^^^^^^^^^^^^
  File "/Users/sunmuchao/Downloads/Her/external-systems/partner-http-gateway/gateway/app.py", line 108, in __init__
    self._rec_pool = GatewayConnectionPool(self._recommendation_dsn, "recommendation", max_size=pool_n)
                     ^^^^^^^^^^^^^^^^^^^^^^^^^^^^^^^^^^^^^^^^^^^^^^^^^^^^^^^^^^^^^^^^^^^^^^^^^^^^^^^^^^
  File "/Users/sunmuchao/Downloads/Her/external-systems/partner-http-gateway/gateway/mysql_pool.py", line 33, in __init__
    ensure_database(self._cfg)
  File "/Users/sunmuchao/Downloads/Her/outer_system_mysql_schema.py", line 180, in ensure_database
    cursor.execute(
  File "/Users/sunmuchao/Downloads/Her/.venv/lib/python3.12/site-packages/pymysql/cursors.py", line 155, in execute
    query = self.mogrify(query, args)
            ^^^^^^^^^^^^^^^^^^^^^^^^^
  File "/Users/sunmuchao/Downloads/Her/.venv/lib/python3.12/site-packages/pymysql/cursors.py", line 133, in mogrify
    query = query % self._escape_args(args, conn)
            ~~~~~~^~~~~~~~~~~~~~~~~~~~~~~~~~~~~~~
TypeError: not all arguments converted during string formatting
not all arguments converted during string formatting
[2026-05-30 12:45:07 +0800] [23720] [INFO] Worker exiting (pid: 23720)
[2026-05-30 12:45:07 +0800] [23721] [ERROR] Exception in worker process
Traceback (most recent call last):
  File "/Users/sunmuchao/Downloads/Her/.venv/lib/python3.12/site-packages/gunicorn/arbiter.py", line 713, in spawn_worker
    worker.init_process()
  File "/Users/sunmuchao/Downloads/Her/.venv/lib/python3.12/site-packages/gunicorn/workers/base.py", line 136, in init_process
    self.load_wsgi()
  File "/Users/sunmuchao/Downloads/Her/.venv/lib/python3.12/site-packages/gunicorn/workers/base.py", line 148, in load_wsgi
    self.wsgi = self.app.wsgi()
                ^^^^^^^^^^^^^^^
  File "/Users/sunmuchao/Downloads/Her/.venv/lib/python3.12/site-packages/gunicorn/app/base.py", line 66, in wsgi
    self.callable = self.load()
                    ^^^^^^^^^^^
  File "/Users/sunmuchao/Downloads/Her/.venv/lib/python3.12/site-packages/gunicorn/app/wsgiapp.py", line 57, in load
    return self.load_wsgiapp()
           ^^^^^^^^^^^^^^^^^^^
  File "/Users/sunmuchao/Downloads/Her/.venv/lib/python3.12/site-packages/gunicorn/app/wsgiapp.py", line 47, in load_wsgiapp
    return util.import_app(self.app_uri)
           ^^^^^^^^^^^^^^^^^^^^^^^^^^^^^
  File "/Users/sunmuchao/Downloads/Her/.venv/lib/python3.12/site-packages/gunicorn/util.py", line 411, in import_app
    mod = importlib.import_module(module)
          ^^^^^^^^^^^^^^^^^^^^^^^^^^^^^^^
  File "/usr/local/Cellar/python@3.12/3.12.7_1/Frameworks/Python.framework/Versions/3.12/lib/python3.12/importlib/__init__.py", line 90, in import_module
    return _bootstrap._gcd_import(name[level:], package, level)
           ^^^^^^^^^^^^^^^^^^^^^^^^^^^^^^^^^^^^^^^^^^^^^^^^^^^^
  File "<frozen importlib._bootstrap>", line 1387, in _gcd_import
  File "<frozen importlib._bootstrap>", line 1360, in _find_and_load
  File "<frozen importlib._bootstrap>", line 1331, in _find_and_load_unlocked
  File "<frozen importlib._bootstrap>", line 935, in _load_unlocked
  File "<frozen importlib._bootstrap_external>", line 995, in exec_module
  File "<frozen importlib._bootstrap>", line 488, in _call_with_frames_removed
  File "/Users/sunmuchao/Downloads/Her/external-systems/partner-http-gateway/gateway/app.py", line 395, in <module>
    _default_gateway = PartnerGateway()
                       ^^^^^^^^^^^^^^^^
  File "/Users/sunmuchao/Downloads/Her/external-systems/partner-http-gateway/gateway/app.py", line 108, in __init__
    self._rec_pool = GatewayConnectionPool(self._recommendation_dsn, "recommendation", max_size=pool_n)
                     ^^^^^^^^^^^^^^^^^^^^^^^^^^^^^^^^^^^^^^^^^^^^^^^^^^^^^^^^^^^^^^^^^^^^^^^^^^^^^^^^^^
  File "/Users/sunmuchao/Downloads/Her/external-systems/partner-http-gateway/gateway/mysql_pool.py", line 33, in __init__
    ensure_database(self._cfg)
  File "/Users/sunmuchao/Downloads/Her/outer_system_mysql_schema.py", line 180, in ensure_database
    cursor.execute(
  File "/Users/sunmuchao/Downloads/Her/.venv/lib/python3.12/site-packages/pymysql/cursors.py", line 155, in execute
    query = self.mogrify(query, args)
            ^^^^^^^^^^^^^^^^^^^^^^^^^
  File "/Users/sunmuchao/Downloads/Her/.venv/lib/python3.12/site-packages/pymysql/cursors.py", line 133, in mogrify
    query = query % self._escape_args(args, conn)
            ~~~~~~^~~~~~~~~~~~~~~~~~~~~~~~~~~~~~~
TypeError: not all arguments converted during string formatting
not all arguments converted during string formatting
[2026-05-30 12:45:07 +0800] [23721] [INFO] Worker exiting (pid: 23721)
[2026-05-30 12:45:07 +0800] [23722] [ERROR] Exception in worker process
Traceback (most recent call last):
  File "/Users/sunmuchao/Downloads/Her/.venv/lib/python3.12/site-packages/gunicorn/arbiter.py", line 713, in spawn_worker
    worker.init_process()
  File "/Users/sunmuchao/Downloads/Her/.venv/lib/python3.12/site-packages/gunicorn/workers/base.py", line 136, in init_process
    self.load_wsgi()
  File "/Users/sunmuchao/Downloads/Her/.venv/lib/python3.12/site-packages/gunicorn/workers/base.py", line 148, in load_wsgi
    self.wsgi = self.app.wsgi()
                ^^^^^^^^^^^^^^^
  File "/Users/sunmuchao/Downloads/Her/.venv/lib/python3.12/site-packages/gunicorn/app/base.py", line 66, in wsgi
    self.callable = self.load()
                    ^^^^^^^^^^^
  File "/Users/sunmuchao/Downloads/Her/.venv/lib/python3.12/site-packages/gunicorn/app/wsgiapp.py", line 57, in load
    return self.load_wsgiapp()
           ^^^^^^^^^^^^^^^^^^^
  File "/Users/sunmuchao/Downloads/Her/.venv/lib/python3.12/site-packages/gunicorn/app/wsgiapp.py", line 47, in load_wsgiapp
    return util.import_app(self.app_uri)
           ^^^^^^^^^^^^^^^^^^^^^^^^^^^^^
  File "/Users/sunmuchao/Downloads/Her/.venv/lib/python3.12/site-packages/gunicorn/util.py", line 411, in import_app
    mod = importlib.import_module(module)
          ^^^^^^^^^^^^^^^^^^^^^^^^^^^^^^^
  File "/usr/local/Cellar/python@3.12/3.12.7_1/Frameworks/Python.framework/Versions/3.12/lib/python3.12/importlib/__init__.py", line 90, in import_module
    return _bootstrap._gcd_import(name[level:], package, level)
           ^^^^^^^^^^^^^^^^^^^^^^^^^^^^^^^^^^^^^^^^^^^^^^^^^^^^
  File "<frozen importlib._bootstrap>", line 1387, in _gcd_import
  File "<frozen importlib._bootstrap>", line 1360, in _find_and_load
  File "<frozen importlib._bootstrap>", line 1331, in _find_and_load_unlocked
  File "<frozen importlib._bootstrap>", line 935, in _load_unlocked
  File "<frozen importlib._bootstrap_external>", line 995, in exec_module
  File "<frozen importlib._bootstrap>", line 488, in _call_with_frames_removed
  File "/Users/sunmuchao/Downloads/Her/external-systems/partner-http-gateway/gateway/app.py", line 395, in <module>
    _default_gateway = PartnerGateway()
                       ^^^^^^^^^^^^^^^^
  File "/Users/sunmuchao/Downloads/Her/external-systems/partner-http-gateway/gateway/app.py", line 108, in __init__
    self._rec_pool = GatewayConnectionPool(self._recommendation_dsn, "recommendation", max_size=pool_n)
                     ^^^^^^^^^^^^^^^^^^^^^^^^^^^^^^^^^^^^^^^^^^^^^^^^^^^^^^^^^^^^^^^^^^^^^^^^^^^^^^^^^^
  File "/Users/sunmuchao/Downloads/Her/external-systems/partner-http-gateway/gateway/mysql_pool.py", line 33, in __init__
    ensure_database(self._cfg)
  File "/Users/sunmuchao/Downloads/Her/outer_system_mysql_schema.py", line 180, in ensure_database
    cursor.execute(
  File "/Users/sunmuchao/Downloads/Her/.venv/lib/python3.12/site-packages/pymysql/cursors.py", line 155, in execute
    query = self.mogrify(query, args)
            ^^^^^^^^^^^^^^^^^^^^^^^^^
  File "/Users/sunmuchao/Downloads/Her/.venv/lib/python3.12/site-packages/pymysql/cursors.py", line 133, in mogrify
    query = query % self._escape_args(args, conn)
            ~~~~~~^~~~~~~~~~~~~~~~~~~~~~~~~~~~~~~
TypeError: not all arguments converted during string formatting
not all arguments converted during string formatting
[2026-05-30 12:45:07 +0800] [23722] [INFO] Worker exiting (pid: 23722)
[2026-05-30 12:45:07 +0800] [23723] [ERROR] Exception in worker process
Traceback (most recent call last):
  File "/Users/sunmuchao/Downloads/Her/.venv/lib/python3.12/site-packages/gunicorn/arbiter.py", line 713, in spawn_worker
    worker.init_process()
  File "/Users/sunmuchao/Downloads/Her/.venv/lib/python3.12/site-packages/gunicorn/workers/base.py", line 136, in init_process
    self.load_wsgi()
  File "/Users/sunmuchao/Downloads/Her/.venv/lib/python3.12/site-packages/gunicorn/workers/base.py", line 148, in load_wsgi
    self.wsgi = self.app.wsgi()
                ^^^^^^^^^^^^^^^
  File "/Users/sunmuchao/Downloads/Her/.venv/lib/python3.12/site-packages/gunicorn/app/base.py", line 66, in wsgi
    self.callable = self.load()
                    ^^^^^^^^^^^
  File "/Users/sunmuchao/Downloads/Her/.venv/lib/python3.12/site-packages/gunicorn/app/wsgiapp.py", line 57, in load
    return self.load_wsgiapp()
           ^^^^^^^^^^^^^^^^^^^
  File "/Users/sunmuchao/Downloads/Her/.venv/lib/python3.12/site-packages/gunicorn/app/wsgiapp.py", line 47, in load_wsgiapp
    return util.import_app(self.app_uri)
           ^^^^^^^^^^^^^^^^^^^^^^^^^^^^^
  File "/Users/sunmuchao/Downloads/Her/.venv/lib/python3.12/site-packages/gunicorn/util.py", line 411, in import_app
    mod = importlib.import_module(module)
          ^^^^^^^^^^^^^^^^^^^^^^^^^^^^^^^
  File "/usr/local/Cellar/python@3.12/3.12.7_1/Frameworks/Python.framework/Versions/3.12/lib/python3.12/importlib/__init__.py", line 90, in import_module
    return _bootstrap._gcd_import(name[level:], package, level)
           ^^^^^^^^^^^^^^^^^^^^^^^^^^^^^^^^^^^^^^^^^^^^^^^^^^^^
  File "<frozen importlib._bootstrap>", line 1387, in _gcd_import
  File "<frozen importlib._bootstrap>", line 1360, in _find_and_load
  File "<frozen importlib._bootstrap>", line 1331, in _find_and_load_unlocked
  File "<frozen importlib._bootstrap>", line 935, in _load_unlocked
  File "<frozen importlib._bootstrap_external>", line 995, in exec_module
  File "<frozen importlib._bootstrap>", line 488, in _call_with_frames_removed
  File "/Users/sunmuchao/Downloads/Her/external-systems/partner-http-gateway/gateway/app.py", line 395, in <module>
    _default_gateway = PartnerGateway()
                       ^^^^^^^^^^^^^^^^
  File "/Users/sunmuchao/Downloads/Her/external-systems/partner-http-gateway/gateway/app.py", line 108, in __init__
    self._rec_pool = GatewayConnectionPool(self._recommendation_dsn, "recommendation", max_size=pool_n)
                     ^^^^^^^^^^^^^^^^^^^^^^^^^^^^^^^^^^^^^^^^^^^^^^^^^^^^^^^^^^^^^^^^^^^^^^^^^^^^^^^^^^
  File "/Users/sunmuchao/Downloads/Her/external-systems/partner-http-gateway/gateway/mysql_pool.py", line 33, in __init__
    ensure_database(self._cfg)
  File "/Users/sunmuchao/Downloads/Her/outer_system_mysql_schema.py", line 180, in ensure_database
    cursor.execute(
  File "/Users/sunmuchao/Downloads/Her/.venv/lib/python3.12/site-packages/pymysql/cursors.py", line 155, in execute
    query = self.mogrify(query, args)
            ^^^^^^^^^^^^^^^^^^^^^^^^^
  File "/Users/sunmuchao/Downloads/Her/.venv/lib/python3.12/site-packages/pymysql/cursors.py", line 133, in mogrify
    query = query % self._escape_args(args, conn)
            ~~~~~~^~~~~~~~~~~~~~~~~~~~~~~~~~~~~~~
TypeError: not all arguments converted during string formatting
not all arguments converted during string formatting
[2026-05-30 12:45:07 +0800] [23723] [INFO] Worker exiting (pid: 23723)
[2026-05-30 12:45:07 +0800] [23724] [ERROR] Exception in worker process
Traceback (most recent call last):
  File "/Users/sunmuchao/Downloads/Her/.venv/lib/python3.12/site-packages/gunicorn/arbiter.py", line 713, in spawn_worker
    worker.init_process()
  File "/Users/sunmuchao/Downloads/Her/.venv/lib/python3.12/site-packages/gunicorn/workers/base.py", line 136, in init_process
    self.load_wsgi()
  File "/Users/sunmuchao/Downloads/Her/.venv/lib/python3.12/site-packages/gunicorn/workers/base.py", line 148, in load_wsgi
    self.wsgi = self.app.wsgi()
                ^^^^^^^^^^^^^^^
  File "/Users/sunmuchao/Downloads/Her/.venv/lib/python3.12/site-packages/gunicorn/app/base.py", line 66, in wsgi
    self.callable = self.load()
                    ^^^^^^^^^^^
  File "/Users/sunmuchao/Downloads/Her/.venv/lib/python3.12/site-packages/gunicorn/app/wsgiapp.py", line 57, in load
    return self.load_wsgiapp()
           ^^^^^^^^^^^^^^^^^^^
  File "/Users/sunmuchao/Downloads/Her/.venv/lib/python3.12/site-packages/gunicorn/app/wsgiapp.py", line 47, in load_wsgiapp
    return util.import_app(self.app_uri)
           ^^^^^^^^^^^^^^^^^^^^^^^^^^^^^
  File "/Users/sunmuchao/Downloads/Her/.venv/lib/python3.12/site-packages/gunicorn/util.py", line 411, in import_app
    mod = importlib.import_module(module)
          ^^^^^^^^^^^^^^^^^^^^^^^^^^^^^^^
  File "/usr/local/Cellar/python@3.12/3.12.7_1/Frameworks/Python.framework/Versions/3.12/lib/python3.12/importlib/__init__.py", line 90, in import_module
    return _bootstrap._gcd_import(name[level:], package, level)
           ^^^^^^^^^^^^^^^^^^^^^^^^^^^^^^^^^^^^^^^^^^^^^^^^^^^^
  File "<frozen importlib._bootstrap>", line 1387, in _gcd_import
  File "<frozen importlib._bootstrap>", line 1360, in _find_and_load
  File "<frozen importlib._bootstrap>", line 1331, in _find_and_load_unlocked
  File "<frozen importlib._bootstrap>", line 935, in _load_unlocked
  File "<frozen importlib._bootstrap_external>", line 995, in exec_module
  File "<frozen importlib._bootstrap>", line 488, in _call_with_frames_removed
  File "/Users/sunmuchao/Downloads/Her/external-systems/partner-http-gateway/gateway/app.py", line 395, in <module>
    _default_gateway = PartnerGateway()
                       ^^^^^^^^^^^^^^^^
  File "/Users/sunmuchao/Downloads/Her/external-systems/partner-http-gateway/gateway/app.py", line 108, in __init__
    self._rec_pool = GatewayConnectionPool(self._recommendation_dsn, "recommendation", max_size=pool_n)
                     ^^^^^^^^^^^^^^^^^^^^^^^^^^^^^^^^^^^^^^^^^^^^^^^^^^^^^^^^^^^^^^^^^^^^^^^^^^^^^^^^^^
  File "/Users/sunmuchao/Downloads/Her/external-systems/partner-http-gateway/gateway/mysql_pool.py", line 33, in __init__
    ensure_database(self._cfg)
  File "/Users/sunmuchao/Downloads/Her/outer_system_mysql_schema.py", line 180, in ensure_database
    cursor.execute(
  File "/Users/sunmuchao/Downloads/Her/.venv/lib/python3.12/site-packages/pymysql/cursors.py", line 155, in execute
    query = self.mogrify(query, args)
            ^^^^^^^^^^^^^^^^^^^^^^^^^
  File "/Users/sunmuchao/Downloads/Her/.venv/lib/python3.12/site-packages/pymysql/cursors.py", line 133, in mogrify
    query = query % self._escape_args(args, conn)
            ~~~~~~^~~~~~~~~~~~~~~~~~~~~~~~~~~~~~~
TypeError: not all arguments converted during string formatting
not all arguments converted during string formatting
[2026-05-30 12:45:07 +0800] [23724] [INFO] Worker exiting (pid: 23724)
[2026-05-30 12:45:07 +0800] [23725] [ERROR] Exception in worker process
Traceback (most recent call last):
  File "/Users/sunmuchao/Downloads/Her/.venv/lib/python3.12/site-packages/gunicorn/arbiter.py", line 713, in spawn_worker
    worker.init_process()
  File "/Users/sunmuchao/Downloads/Her/.venv/lib/python3.12/site-packages/gunicorn/workers/base.py", line 136, in init_process
    self.load_wsgi()
  File "/Users/sunmuchao/Downloads/Her/.venv/lib/python3.12/site-packages/gunicorn/workers/base.py", line 148, in load_wsgi
    self.wsgi = self.app.wsgi()
                ^^^^^^^^^^^^^^^
  File "/Users/sunmuchao/Downloads/Her/.venv/lib/python3.12/site-packages/gunicorn/app/base.py", line 66, in wsgi
    self.callable = self.load()
                    ^^^^^^^^^^^
  File "/Users/sunmuchao/Downloads/Her/.venv/lib/python3.12/site-packages/gunicorn/app/wsgiapp.py", line 57, in load
    return self.load_wsgiapp()
           ^^^^^^^^^^^^^^^^^^^
  File "/Users/sunmuchao/Downloads/Her/.venv/lib/python3.12/site-packages/gunicorn/app/wsgiapp.py", line 47, in load_wsgiapp
    return util.import_app(self.app_uri)
           ^^^^^^^^^^^^^^^^^^^^^^^^^^^^^
  File "/Users/sunmuchao/Downloads/Her/.venv/lib/python3.12/site-packages/gunicorn/util.py", line 411, in import_app
    mod = importlib.import_module(module)
          ^^^^^^^^^^^^^^^^^^^^^^^^^^^^^^^
  File "/usr/local/Cellar/python@3.12/3.12.7_1/Frameworks/Python.framework/Versions/3.12/lib/python3.12/importlib/__init__.py", line 90, in import_module
    return _bootstrap._gcd_import(name[level:], package, level)
           ^^^^^^^^^^^^^^^^^^^^^^^^^^^^^^^^^^^^^^^^^^^^^^^^^^^^
  File "<frozen importlib._bootstrap>", line 1387, in _gcd_import
  File "<frozen importlib._bootstrap>", line 1360, in _find_and_load
  File "<frozen importlib._bootstrap>", line 1331, in _find_and_load_unlocked
  File "<frozen importlib._bootstrap>", line 935, in _load_unlocked
  File "<frozen importlib._bootstrap_external>", line 995, in exec_module
  File "<frozen importlib._bootstrap>", line 488, in _call_with_frames_removed
  File "/Users/sunmuchao/Downloads/Her/external-systems/partner-http-gateway/gateway/app.py", line 395, in <module>
    _default_gateway = PartnerGateway()
                       ^^^^^^^^^^^^^^^^
  File "/Users/sunmuchao/Downloads/Her/external-systems/partner-http-gateway/gateway/app.py", line 108, in __init__
    self._rec_pool = GatewayConnectionPool(self._recommendation_dsn, "recommendation", max_size=pool_n)
                     ^^^^^^^^^^^^^^^^^^^^^^^^^^^^^^^^^^^^^^^^^^^^^^^^^^^^^^^^^^^^^^^^^^^^^^^^^^^^^^^^^^
  File "/Users/sunmuchao/Downloads/Her/external-systems/partner-http-gateway/gateway/mysql_pool.py", line 33, in __init__
    ensure_database(self._cfg)
  File "/Users/sunmuchao/Downloads/Her/outer_system_mysql_schema.py", line 180, in ensure_database
    cursor.execute(
  File "/Users/sunmuchao/Downloads/Her/.venv/lib/python3.12/site-packages/pymysql/cursors.py", line 155, in execute
    query = self.mogrify(query, args)
            ^^^^^^^^^^^^^^^^^^^^^^^^^
  File "/Users/sunmuchao/Downloads/Her/.venv/lib/python3.12/site-packages/pymysql/cursors.py", line 133, in mogrify
    query = query % self._escape_args(args, conn)
            ~~~~~~^~~~~~~~~~~~~~~~~~~~~~~~~~~~~~~
TypeError: not all arguments converted during string formatting
not all arguments converted during string formatting
[2026-05-30 12:45:07 +0800] [23725] [INFO] Worker exiting (pid: 23725)
[2026-05-30 12:45:07 +0800] [23726] [ERROR] Exception in worker process
Traceback (most recent call last):
  File "/Users/sunmuchao/Downloads/Her/.venv/lib/python3.12/site-packages/gunicorn/arbiter.py", line 713, in spawn_worker
    worker.init_process()
  File "/Users/sunmuchao/Downloads/Her/.venv/lib/python3.12/site-packages/gunicorn/workers/base.py", line 136, in init_process
    self.load_wsgi()
  File "/Users/sunmuchao/Downloads/Her/.venv/lib/python3.12/site-packages/gunicorn/workers/base.py", line 148, in load_wsgi
    self.wsgi = self.app.wsgi()
                ^^^^^^^^^^^^^^^
  File "/Users/sunmuchao/Downloads/Her/.venv/lib/python3.12/site-packages/gunicorn/app/base.py", line 66, in wsgi
    self.callable = self.load()
                    ^^^^^^^^^^^
  File "/Users/sunmuchao/Downloads/Her/.venv/lib/python3.12/site-packages/gunicorn/app/wsgiapp.py", line 57, in load
    return self.load_wsgiapp()
           ^^^^^^^^^^^^^^^^^^^
  File "/Users/sunmuchao/Downloads/Her/.venv/lib/python3.12/site-packages/gunicorn/app/wsgiapp.py", line 47, in load_wsgiapp
    return util.import_app(self.app_uri)
           ^^^^^^^^^^^^^^^^^^^^^^^^^^^^^
  File "/Users/sunmuchao/Downloads/Her/.venv/lib/python3.12/site-packages/gunicorn/util.py", line 411, in import_app
    mod = importlib.import_module(module)
          ^^^^^^^^^^^^^^^^^^^^^^^^^^^^^^^
  File "/usr/local/Cellar/python@3.12/3.12.7_1/Frameworks/Python.framework/Versions/3.12/lib/python3.12/importlib/__init__.py", line 90, in import_module
    return _bootstrap._gcd_import(name[level:], package, level)
           ^^^^^^^^^^^^^^^^^^^^^^^^^^^^^^^^^^^^^^^^^^^^^^^^^^^^
  File "<frozen importlib._bootstrap>", line 1387, in _gcd_import
  File "<frozen importlib._bootstrap>", line 1360, in _find_and_load
  File "<frozen importlib._bootstrap>", line 1331, in _find_and_load_unlocked
  File "<frozen importlib._bootstrap>", line 935, in _load_unlocked
  File "<frozen importlib._bootstrap_external>", line 995, in exec_module
  File "<frozen importlib._bootstrap>", line 488, in _call_with_frames_removed
  File "/Users/sunmuchao/Downloads/Her/external-systems/partner-http-gateway/gateway/app.py", line 395, in <module>
    _default_gateway = PartnerGateway()
                       ^^^^^^^^^^^^^^^^
  File "/Users/sunmuchao/Downloads/Her/external-systems/partner-http-gateway/gateway/app.py", line 108, in __init__
    self._rec_pool = GatewayConnectionPool(self._recommendation_dsn, "recommendation", max_size=pool_n)
                     ^^^^^^^^^^^^^^^^^^^^^^^^^^^^^^^^^^^^^^^^^^^^^^^^^^^^^^^^^^^^^^^^^^^^^^^^^^^^^^^^^^
  File "/Users/sunmuchao/Downloads/Her/external-systems/partner-http-gateway/gateway/mysql_pool.py", line 33, in __init__
    ensure_database(self._cfg)
  File "/Users/sunmuchao/Downloads/Her/outer_system_mysql_schema.py", line 180, in ensure_database
    cursor.execute(
  File "/Users/sunmuchao/Downloads/Her/.venv/lib/python3.12/site-packages/pymysql/cursors.py", line 155, in execute
    query = self.mogrify(query, args)
            ^^^^^^^^^^^^^^^^^^^^^^^^^
  File "/Users/sunmuchao/Downloads/Her/.venv/lib/python3.12/site-packages/pymysql/cursors.py", line 133, in mogrify
    query = query % self._escape_args(args, conn)
            ~~~~~~^~~~~~~~~~~~~~~~~~~~~~~~~~~~~~~
TypeError: not all arguments converted during string formatting
not all arguments converted during string formatting
[2026-05-30 12:45:07 +0800] [23726] [INFO] Worker exiting (pid: 23726)
[2026-05-30 12:45:07 +0800] [23728] [ERROR] Exception in worker process
Traceback (most recent call last):
  File "/Users/sunmuchao/Downloads/Her/.venv/lib/python3.12/site-packages/gunicorn/arbiter.py", line 713, in spawn_worker
    worker.init_process()
  File "/Users/sunmuchao/Downloads/Her/.venv/lib/python3.12/site-packages/gunicorn/workers/base.py", line 136, in init_process
    self.load_wsgi()
  File "/Users/sunmuchao/Downloads/Her/.venv/lib/python3.12/site-packages/gunicorn/workers/base.py", line 148, in load_wsgi
    self.wsgi = self.app.wsgi()
                ^^^^^^^^^^^^^^^
  File "/Users/sunmuchao/Downloads/Her/.venv/lib/python3.12/site-packages/gunicorn/app/base.py", line 66, in wsgi
    self.callable = self.load()
                    ^^^^^^^^^^^
  File "/Users/sunmuchao/Downloads/Her/.venv/lib/python3.12/site-packages/gunicorn/app/wsgiapp.py", line 57, in load
    return self.load_wsgiapp()
           ^^^^^^^^^^^^^^^^^^^
  File "/Users/sunmuchao/Downloads/Her/.venv/lib/python3.12/site-packages/gunicorn/app/wsgiapp.py", line 47, in load_wsgiapp
    return util.import_app(self.app_uri)
           ^^^^^^^^^^^^^^^^^^^^^^^^^^^^^
  File "/Users/sunmuchao/Downloads/Her/.venv/lib/python3.12/site-packages/gunicorn/util.py", line 411, in import_app
    mod = importlib.import_module(module)
          ^^^^^^^^^^^^^^^^^^^^^^^^^^^^^^^
  File "/usr/local/Cellar/python@3.12/3.12.7_1/Frameworks/Python.framework/Versions/3.12/lib/python3.12/importlib/__init__.py", line 90, in import_module
    return _bootstrap._gcd_import(name[level:], package, level)
           ^^^^^^^^^^^^^^^^^^^^^^^^^^^^^^^^^^^^^^^^^^^^^^^^^^^^
  File "<frozen importlib._bootstrap>", line 1387, in _gcd_import
  File "<frozen importlib._bootstrap>", line 1360, in _find_and_load
  File "<frozen importlib._bootstrap>", line 1331, in _find_and_load_unlocked
  File "<frozen importlib._bootstrap>", line 935, in _load_unlocked
  File "<frozen importlib._bootstrap_external>", line 995, in exec_module
  File "<frozen importlib._bootstrap>", line 488, in _call_with_frames_removed
  File "/Users/sunmuchao/Downloads/Her/external-systems/partner-http-gateway/gateway/app.py", line 395, in <module>
    _default_gateway = PartnerGateway()
                       ^^^^^^^^^^^^^^^^
  File "/Users/sunmuchao/Downloads/Her/external-systems/partner-http-gateway/gateway/app.py", line 108, in __init__
    self._rec_pool = GatewayConnectionPool(self._recommendation_dsn, "recommendation", max_size=pool_n)
                     ^^^^^^^^^^^^^^^^^^^^^^^^^^^^^^^^^^^^^^^^^^^^^^^^^^^^^^^^^^^^^^^^^^^^^^^^^^^^^^^^^^
  File "/Users/sunmuchao/Downloads/Her/external-systems/partner-http-gateway/gateway/mysql_pool.py", line 33, in __init__
    ensure_database(self._cfg)
  File "/Users/sunmuchao/Downloads/Her/outer_system_mysql_schema.py", line 180, in ensure_database
    cursor.execute(
  File "/Users/sunmuchao/Downloads/Her/.venv/lib/python3.12/site-packages/pymysql/cursors.py", line 155, in execute
    query = self.mogrify(query, args)
            ^^^^^^^^^^^^^^^^^^^^^^^^^
  File "/Users/sunmuchao/Downloads/Her/.venv/lib/python3.12/site-packages/pymysql/cursors.py", line 133, in mogrify
    query = query % self._escape_args(args, conn)
            ~~~~~~^~~~~~~~~~~~~~~~~~~~~~~~~~~~~~~
TypeError: not all arguments converted during string formatting
not all arguments converted during string formatting
[2026-05-30 12:45:07 +0800] [23728] [INFO] Worker exiting (pid: 23728)
[2026-05-30 12:45:07 +0800] [23727] [ERROR] Exception in worker process
Traceback (most recent call last):
  File "/Users/sunmuchao/Downloads/Her/.venv/lib/python3.12/site-packages/gunicorn/arbiter.py", line 713, in spawn_worker
    worker.init_process()
  File "/Users/sunmuchao/Downloads/Her/.venv/lib/python3.12/site-packages/gunicorn/workers/base.py", line 136, in init_process
    self.load_wsgi()
  File "/Users/sunmuchao/Downloads/Her/.venv/lib/python3.12/site-packages/gunicorn/workers/base.py", line 148, in load_wsgi
    self.wsgi = self.app.wsgi()
                ^^^^^^^^^^^^^^^
  File "/Users/sunmuchao/Downloads/Her/.venv/lib/python3.12/site-packages/gunicorn/app/base.py", line 66, in wsgi
    self.callable = self.load()
                    ^^^^^^^^^^^
  File "/Users/sunmuchao/Downloads/Her/.venv/lib/python3.12/site-packages/gunicorn/app/wsgiapp.py", line 57, in load
    return self.load_wsgiapp()
           ^^^^^^^^^^^^^^^^^^^
  File "/Users/sunmuchao/Downloads/Her/.venv/lib/python3.12/site-packages/gunicorn/app/wsgiapp.py", line 47, in load_wsgiapp
    return util.import_app(self.app_uri)
           ^^^^^^^^^^^^^^^^^^^^^^^^^^^^^
  File "/Users/sunmuchao/Downloads/Her/.venv/lib/python3.12/site-packages/gunicorn/util.py", line 411, in import_app
    mod = importlib.import_module(module)
          ^^^^^^^^^^^^^^^^^^^^^^^^^^^^^^^
  File "/usr/local/Cellar/python@3.12/3.12.7_1/Frameworks/Python.framework/Versions/3.12/lib/python3.12/importlib/__init__.py", line 90, in import_module
    return _bootstrap._gcd_import(name[level:], package, level)
           ^^^^^^^^^^^^^^^^^^^^^^^^^^^^^^^^^^^^^^^^^^^^^^^^^^^^
  File "<frozen importlib._bootstrap>", line 1387, in _gcd_import
  File "<frozen importlib._bootstrap>", line 1360, in _find_and_load
  File "<frozen importlib._bootstrap>", line 1331, in _find_and_load_unlocked
  File "<frozen importlib._bootstrap>", line 935, in _load_unlocked
  File "<frozen importlib._bootstrap_external>", line 995, in exec_module
  File "<frozen importlib._bootstrap>", line 488, in _call_with_frames_removed
  File "/Users/sunmuchao/Downloads/Her/external-systems/partner-http-gateway/gateway/app.py", line 395, in <module>
    _default_gateway = PartnerGateway()
                       ^^^^^^^^^^^^^^^^
  File "/Users/sunmuchao/Downloads/Her/external-systems/partner-http-gateway/gateway/app.py", line 108, in __init__
    self._rec_pool = GatewayConnectionPool(self._recommendation_dsn, "recommendation", max_size=pool_n)
                     ^^^^^^^^^^^^^^^^^^^^^^^^^^^^^^^^^^^^^^^^^^^^^^^^^^^^^^^^^^^^^^^^^^^^^^^^^^^^^^^^^^
  File "/Users/sunmuchao/Downloads/Her/external-systems/partner-http-gateway/gateway/mysql_pool.py", line 33, in __init__
    ensure_database(self._cfg)
  File "/Users/sunmuchao/Downloads/Her/outer_system_mysql_schema.py", line 180, in ensure_database
    cursor.execute(
  File "/Users/sunmuchao/Downloads/Her/.venv/lib/python3.12/site-packages/pymysql/cursors.py", line 155, in execute
    query = self.mogrify(query, args)
            ^^^^^^^^^^^^^^^^^^^^^^^^^
  File "/Users/sunmuchao/Downloads/Her/.venv/lib/python3.12/site-packages/pymysql/cursors.py", line 133, in mogrify
    query = query % self._escape_args(args, conn)
            ~~~~~~^~~~~~~~~~~~~~~~~~~~~~~~~~~~~~~
TypeError: not all arguments converted during string formatting
not all arguments converted during string formatting
[2026-05-30 12:45:07 +0800] [23727] [INFO] Worker exiting (pid: 23727)
[2026-05-30 12:45:07 +0800] [23729] [ERROR] Exception in worker process
Traceback (most recent call last):
  File "/Users/sunmuchao/Downloads/Her/.venv/lib/python3.12/site-packages/gunicorn/arbiter.py", line 713, in spawn_worker
    worker.init_process()
  File "/Users/sunmuchao/Downloads/Her/.venv/lib/python3.12/site-packages/gunicorn/workers/base.py", line 136, in init_process
    self.load_wsgi()
  File "/Users/sunmuchao/Downloads/Her/.venv/lib/python3.12/site-packages/gunicorn/workers/base.py", line 148, in load_wsgi
    self.wsgi = self.app.wsgi()
                ^^^^^^^^^^^^^^^
  File "/Users/sunmuchao/Downloads/Her/.venv/lib/python3.12/site-packages/gunicorn/app/base.py", line 66, in wsgi
    self.callable = self.load()
                    ^^^^^^^^^^^
  File "/Users/sunmuchao/Downloads/Her/.venv/lib/python3.12/site-packages/gunicorn/app/wsgiapp.py", line 57, in load
    return self.load_wsgiapp()
           ^^^^^^^^^^^^^^^^^^^
  File "/Users/sunmuchao/Downloads/Her/.venv/lib/python3.12/site-packages/gunicorn/app/wsgiapp.py", line 47, in load_wsgiapp
    return util.import_app(self.app_uri)
           ^^^^^^^^^^^^^^^^^^^^^^^^^^^^^
  File "/Users/sunmuchao/Downloads/Her/.venv/lib/python3.12/site-packages/gunicorn/util.py", line 411, in import_app
    mod = importlib.import_module(module)
          ^^^^^^^^^^^^^^^^^^^^^^^^^^^^^^^
  File "/usr/local/Cellar/python@3.12/3.12.7_1/Frameworks/Python.framework/Versions/3.12/lib/python3.12/importlib/__init__.py", line 90, in import_module
    return _bootstrap._gcd_import(name[level:], package, level)
           ^^^^^^^^^^^^^^^^^^^^^^^^^^^^^^^^^^^^^^^^^^^^^^^^^^^^
  File "<frozen importlib._bootstrap>", line 1387, in _gcd_import
  File "<frozen importlib._bootstrap>", line 1360, in _find_and_load
  File "<frozen importlib._bootstrap>", line 1331, in _find_and_load_unlocked
  File "<frozen importlib._bootstrap>", line 935, in _load_unlocked
  File "<frozen importlib._bootstrap_external>", line 995, in exec_module
  File "<frozen importlib._bootstrap>", line 488, in _call_with_frames_removed
  File "/Users/sunmuchao/Downloads/Her/external-systems/partner-http-gateway/gateway/app.py", line 395, in <module>
    _default_gateway = PartnerGateway()
                       ^^^^^^^^^^^^^^^^
  File "/Users/sunmuchao/Downloads/Her/external-systems/partner-http-gateway/gateway/app.py", line 108, in __init__
    self._rec_pool = GatewayConnectionPool(self._recommendation_dsn, "recommendation", max_size=pool_n)
                     ^^^^^^^^^^^^^^^^^^^^^^^^^^^^^^^^^^^^^^^^^^^^^^^^^^^^^^^^^^^^^^^^^^^^^^^^^^^^^^^^^^
  File "/Users/sunmuchao/Downloads/Her/external-systems/partner-http-gateway/gateway/mysql_pool.py", line 33, in __init__
    ensure_database(self._cfg)
  File "/Users/sunmuchao/Downloads/Her/outer_system_mysql_schema.py", line 180, in ensure_database
    cursor.execute(
  File "/Users/sunmuchao/Downloads/Her/.venv/lib/python3.12/site-packages/pymysql/cursors.py", line 155, in execute
    query = self.mogrify(query, args)
            ^^^^^^^^^^^^^^^^^^^^^^^^^
  File "/Users/sunmuchao/Downloads/Her/.venv/lib/python3.12/site-packages/pymysql/cursors.py", line 133, in mogrify
    query = query % self._escape_args(args, conn)
            ~~~~~~^~~~~~~~~~~~~~~~~~~~~~~~~~~~~~~
TypeError: not all arguments converted during string formatting
not all arguments converted during string formatting
[2026-05-30 12:45:07 +0800] [23729] [INFO] Worker exiting (pid: 23729)
[2026-05-30 12:45:07 +0800] [23730] [ERROR] Exception in worker process
Traceback (most recent call last):
  File "/Users/sunmuchao/Downloads/Her/.venv/lib/python3.12/site-packages/gunicorn/arbiter.py", line 713, in spawn_worker
    worker.init_process()
  File "/Users/sunmuchao/Downloads/Her/.venv/lib/python3.12/site-packages/gunicorn/workers/base.py", line 136, in init_process
    self.load_wsgi()
  File "/Users/sunmuchao/Downloads/Her/.venv/lib/python3.12/site-packages/gunicorn/workers/base.py", line 148, in load_wsgi
    self.wsgi = self.app.wsgi()
                ^^^^^^^^^^^^^^^
  File "/Users/sunmuchao/Downloads/Her/.venv/lib/python3.12/site-packages/gunicorn/app/base.py", line 66, in wsgi
    self.callable = self.load()
                    ^^^^^^^^^^^
  File "/Users/sunmuchao/Downloads/Her/.venv/lib/python3.12/site-packages/gunicorn/app/wsgiapp.py", line 57, in load
    return self.load_wsgiapp()
           ^^^^^^^^^^^^^^^^^^^
  File "/Users/sunmuchao/Downloads/Her/.venv/lib/python3.12/site-packages/gunicorn/app/wsgiapp.py", line 47, in load_wsgiapp
    return util.import_app(self.app_uri)
           ^^^^^^^^^^^^^^^^^^^^^^^^^^^^^
  File "/Users/sunmuchao/Downloads/Her/.venv/lib/python3.12/site-packages/gunicorn/util.py", line 411, in import_app
    mod = importlib.import_module(module)
          ^^^^^^^^^^^^^^^^^^^^^^^^^^^^^^^
  File "/usr/local/Cellar/python@3.12/3.12.7_1/Frameworks/Python.framework/Versions/3.12/lib/python3.12/importlib/__init__.py", line 90, in import_module
    return _bootstrap._gcd_import(name[level:], package, level)
           ^^^^^^^^^^^^^^^^^^^^^^^^^^^^^^^^^^^^^^^^^^^^^^^^^^^^
  File "<frozen importlib._bootstrap>", line 1387, in _gcd_import
  File "<frozen importlib._bootstrap>", line 1360, in _find_and_load
  File "<frozen importlib._bootstrap>", line 1331, in _find_and_load_unlocked
  File "<frozen importlib._bootstrap>", line 935, in _load_unlocked
  File "<frozen importlib._bootstrap_external>", line 995, in exec_module
  File "<frozen importlib._bootstrap>", line 488, in _call_with_frames_removed
  File "/Users/sunmuchao/Downloads/Her/external-systems/partner-http-gateway/gateway/app.py", line 395, in <module>
    _default_gateway = PartnerGateway()
                       ^^^^^^^^^^^^^^^^
  File "/Users/sunmuchao/Downloads/Her/external-systems/partner-http-gateway/gateway/app.py", line 108, in __init__
    self._rec_pool = GatewayConnectionPool(self._recommendation_dsn, "recommendation", max_size=pool_n)
                     ^^^^^^^^^^^^^^^^^^^^^^^^^^^^^^^^^^^^^^^^^^^^^^^^^^^^^^^^^^^^^^^^^^^^^^^^^^^^^^^^^^
  File "/Users/sunmuchao/Downloads/Her/external-systems/partner-http-gateway/gateway/mysql_pool.py", line 33, in __init__
    ensure_database(self._cfg)
  File "/Users/sunmuchao/Downloads/Her/outer_system_mysql_schema.py", line 180, in ensure_database
    cursor.execute(
  File "/Users/sunmuchao/Downloads/Her/.venv/lib/python3.12/site-packages/pymysql/cursors.py", line 155, in execute
    query = self.mogrify(query, args)
            ^^^^^^^^^^^^^^^^^^^^^^^^^
  File "/Users/sunmuchao/Downloads/Her/.venv/lib/python3.12/site-packages/pymysql/cursors.py", line 133, in mogrify
    query = query % self._escape_args(args, conn)
            ~~~~~~^~~~~~~~~~~~~~~~~~~~~~~~~~~~~~~
TypeError: not all arguments converted during string formatting
not all arguments converted during string formatting
[2026-05-30 12:45:07 +0800] [23730] [INFO] Worker exiting (pid: 23730)
[2026-05-30 12:45:07 +0800] [23731] [ERROR] Exception in worker process
Traceback (most recent call last):
  File "/Users/sunmuchao/Downloads/Her/.venv/lib/python3.12/site-packages/gunicorn/arbiter.py", line 713, in spawn_worker
    worker.init_process()
  File "/Users/sunmuchao/Downloads/Her/.venv/lib/python3.12/site-packages/gunicorn/workers/base.py", line 136, in init_process
    self.load_wsgi()
  File "/Users/sunmuchao/Downloads/Her/.venv/lib/python3.12/site-packages/gunicorn/workers/base.py", line 148, in load_wsgi
    self.wsgi = self.app.wsgi()
                ^^^^^^^^^^^^^^^
  File "/Users/sunmuchao/Downloads/Her/.venv/lib/python3.12/site-packages/gunicorn/app/base.py", line 66, in wsgi
    self.callable = self.load()
                    ^^^^^^^^^^^
  File "/Users/sunmuchao/Downloads/Her/.venv/lib/python3.12/site-packages/gunicorn/app/wsgiapp.py", line 57, in load
    return self.load_wsgiapp()
           ^^^^^^^^^^^^^^^^^^^
  File "/Users/sunmuchao/Downloads/Her/.venv/lib/python3.12/site-packages/gunicorn/app/wsgiapp.py", line 47, in load_wsgiapp
    return util.import_app(self.app_uri)
           ^^^^^^^^^^^^^^^^^^^^^^^^^^^^^
  File "/Users/sunmuchao/Downloads/Her/.venv/lib/python3.12/site-packages/gunicorn/util.py", line 411, in import_app
    mod = importlib.import_module(module)
          ^^^^^^^^^^^^^^^^^^^^^^^^^^^^^^^
  File "/usr/local/Cellar/python@3.12/3.12.7_1/Frameworks/Python.framework/Versions/3.12/lib/python3.12/importlib/__init__.py", line 90, in import_module
    return _bootstrap._gcd_import(name[level:], package, level)
           ^^^^^^^^^^^^^^^^^^^^^^^^^^^^^^^^^^^^^^^^^^^^^^^^^^^^
  File "<frozen importlib._bootstrap>", line 1387, in _gcd_import
  File "<frozen importlib._bootstrap>", line 1360, in _find_and_load
  File "<frozen importlib._bootstrap>", line 1331, in _find_and_load_unlocked
  File "<frozen importlib._bootstrap>", line 935, in _load_unlocked
  File "<frozen importlib._bootstrap_external>", line 995, in exec_module
  File "<frozen importlib._bootstrap>", line 488, in _call_with_frames_removed
  File "/Users/sunmuchao/Downloads/Her/external-systems/partner-http-gateway/gateway/app.py", line 395, in <module>
    _default_gateway = PartnerGateway()
                       ^^^^^^^^^^^^^^^^
  File "/Users/sunmuchao/Downloads/Her/external-systems/partner-http-gateway/gateway/app.py", line 108, in __init__
    self._rec_pool = GatewayConnectionPool(self._recommendation_dsn, "recommendation", max_size=pool_n)
                     ^^^^^^^^^^^^^^^^^^^^^^^^^^^^^^^^^^^^^^^^^^^^^^^^^^^^^^^^^^^^^^^^^^^^^^^^^^^^^^^^^^
  File "/Users/sunmuchao/Downloads/Her/external-systems/partner-http-gateway/gateway/mysql_pool.py", line 33, in __init__
    ensure_database(self._cfg)
  File "/Users/sunmuchao/Downloads/Her/outer_system_mysql_schema.py", line 180, in ensure_database
    cursor.execute(
  File "/Users/sunmuchao/Downloads/Her/.venv/lib/python3.12/site-packages/pymysql/cursors.py", line 155, in execute
    query = self.mogrify(query, args)
            ^^^^^^^^^^^^^^^^^^^^^^^^^
  File "/Users/sunmuchao/Downloads/Her/.venv/lib/python3.12/site-packages/pymysql/cursors.py", line 133, in mogrify
    query = query % self._escape_args(args, conn)
            ~~~~~~^~~~~~~~~~~~~~~~~~~~~~~~~~~~~~~
TypeError: not all arguments converted during string formatting
not all arguments converted during string formatting
[2026-05-30 12:45:07 +0800] [23731] [INFO] Worker exiting (pid: 23731)
[2026-05-30 12:45:07 +0800] [23732] [ERROR] Exception in worker process
Traceback (most recent call last):
  File "/Users/sunmuchao/Downloads/Her/.venv/lib/python3.12/site-packages/gunicorn/arbiter.py", line 713, in spawn_worker
    worker.init_process()
  File "/Users/sunmuchao/Downloads/Her/.venv/lib/python3.12/site-packages/gunicorn/workers/base.py", line 136, in init_process
    self.load_wsgi()
  File "/Users/sunmuchao/Downloads/Her/.venv/lib/python3.12/site-packages/gunicorn/workers/base.py", line 148, in load_wsgi
    self.wsgi = self.app.wsgi()
                ^^^^^^^^^^^^^^^
  File "/Users/sunmuchao/Downloads/Her/.venv/lib/python3.12/site-packages/gunicorn/app/base.py", line 66, in wsgi
    self.callable = self.load()
                    ^^^^^^^^^^^
  File "/Users/sunmuchao/Downloads/Her/.venv/lib/python3.12/site-packages/gunicorn/app/wsgiapp.py", line 57, in load
    return self.load_wsgiapp()
           ^^^^^^^^^^^^^^^^^^^
  File "/Users/sunmuchao/Downloads/Her/.venv/lib/python3.12/site-packages/gunicorn/app/wsgiapp.py", line 47, in load_wsgiapp
    return util.import_app(self.app_uri)
           ^^^^^^^^^^^^^^^^^^^^^^^^^^^^^
  File "/Users/sunmuchao/Downloads/Her/.venv/lib/python3.12/site-packages/gunicorn/util.py", line 411, in import_app
    mod = importlib.import_module(module)
          ^^^^^^^^^^^^^^^^^^^^^^^^^^^^^^^
  File "/usr/local/Cellar/python@3.12/3.12.7_1/Frameworks/Python.framework/Versions/3.12/lib/python3.12/importlib/__init__.py", line 90, in import_module
    return _bootstrap._gcd_import(name[level:], package, level)
           ^^^^^^^^^^^^^^^^^^^^^^^^^^^^^^^^^^^^^^^^^^^^^^^^^^^^
  File "<frozen importlib._bootstrap>", line 1387, in _gcd_import
  File "<frozen importlib._bootstrap>", line 1360, in _find_and_load
  File "<frozen importlib._bootstrap>", line 1331, in _find_and_load_unlocked
  File "<frozen importlib._bootstrap>", line 935, in _load_unlocked
  File "<frozen importlib._bootstrap_external>", line 995, in exec_module
  File "<frozen importlib._bootstrap>", line 488, in _call_with_frames_removed
  File "/Users/sunmuchao/Downloads/Her/external-systems/partner-http-gateway/gateway/app.py", line 395, in <module>
    _default_gateway = PartnerGateway()
                       ^^^^^^^^^^^^^^^^
  File "/Users/sunmuchao/Downloads/Her/external-systems/partner-http-gateway/gateway/app.py", line 108, in __init__
    self._rec_pool = GatewayConnectionPool(self._recommendation_dsn, "recommendation", max_size=pool_n)
                     ^^^^^^^^^^^^^^^^^^^^^^^^^^^^^^^^^^^^^^^^^^^^^^^^^^^^^^^^^^^^^^^^^^^^^^^^^^^^^^^^^^
  File "/Users/sunmuchao/Downloads/Her/external-systems/partner-http-gateway/gateway/mysql_pool.py", line 33, in __init__
    ensure_database(self._cfg)
  File "/Users/sunmuchao/Downloads/Her/outer_system_mysql_schema.py", line 180, in ensure_database
    cursor.execute(
  File "/Users/sunmuchao/Downloads/Her/.venv/lib/python3.12/site-packages/pymysql/cursors.py", line 155, in execute
    query = self.mogrify(query, args)
            ^^^^^^^^^^^^^^^^^^^^^^^^^
  File "/Users/sunmuchao/Downloads/Her/.venv/lib/python3.12/site-packages/pymysql/cursors.py", line 133, in mogrify
    query = query % self._escape_args(args, conn)
            ~~~~~~^~~~~~~~~~~~~~~~~~~~~~~~~~~~~~~
TypeError: not all arguments converted during string formatting
not all arguments converted during string formatting
[2026-05-30 12:45:07 +0800] [23732] [INFO] Worker exiting (pid: 23732)
[2026-05-30 12:45:07 +0800] [23733] [ERROR] Exception in worker process
Traceback (most recent call last):
  File "/Users/sunmuchao/Downloads/Her/.venv/lib/python3.12/site-packages/gunicorn/arbiter.py", line 713, in spawn_worker
    worker.init_process()
  File "/Users/sunmuchao/Downloads/Her/.venv/lib/python3.12/site-packages/gunicorn/workers/base.py", line 136, in init_process
    self.load_wsgi()
  File "/Users/sunmuchao/Downloads/Her/.venv/lib/python3.12/site-packages/gunicorn/workers/base.py", line 148, in load_wsgi
    self.wsgi = self.app.wsgi()
                ^^^^^^^^^^^^^^^
  File "/Users/sunmuchao/Downloads/Her/.venv/lib/python3.12/site-packages/gunicorn/app/base.py", line 66, in wsgi
    self.callable = self.load()
                    ^^^^^^^^^^^
  File "/Users/sunmuchao/Downloads/Her/.venv/lib/python3.12/site-packages/gunicorn/app/wsgiapp.py", line 57, in load
    return self.load_wsgiapp()
           ^^^^^^^^^^^^^^^^^^^
  File "/Users/sunmuchao/Downloads/Her/.venv/lib/python3.12/site-packages/gunicorn/app/wsgiapp.py", line 47, in load_wsgiapp
    return util.import_app(self.app_uri)
           ^^^^^^^^^^^^^^^^^^^^^^^^^^^^^
  File "/Users/sunmuchao/Downloads/Her/.venv/lib/python3.12/site-packages/gunicorn/util.py", line 411, in import_app
    mod = importlib.import_module(module)
          ^^^^^^^^^^^^^^^^^^^^^^^^^^^^^^^
  File "/usr/local/Cellar/python@3.12/3.12.7_1/Frameworks/Python.framework/Versions/3.12/lib/python3.12/importlib/__init__.py", line 90, in import_module
    return _bootstrap._gcd_import(name[level:], package, level)
           ^^^^^^^^^^^^^^^^^^^^^^^^^^^^^^^^^^^^^^^^^^^^^^^^^^^^
  File "<frozen importlib._bootstrap>", line 1387, in _gcd_import
  File "<frozen importlib._bootstrap>", line 1360, in _find_and_load
  File "<frozen importlib._bootstrap>", line 1331, in _find_and_load_unlocked
  File "<frozen importlib._bootstrap>", line 935, in _load_unlocked
  File "<frozen importlib._bootstrap_external>", line 995, in exec_module
  File "<frozen importlib._bootstrap>", line 488, in _call_with_frames_removed
  File "/Users/sunmuchao/Downloads/Her/external-systems/partner-http-gateway/gateway/app.py", line 395, in <module>
    _default_gateway = PartnerGateway()
                       ^^^^^^^^^^^^^^^^
  File "/Users/sunmuchao/Downloads/Her/external-systems/partner-http-gateway/gateway/app.py", line 108, in __init__
    self._rec_pool = GatewayConnectionPool(self._recommendation_dsn, "recommendation", max_size=pool_n)
                     ^^^^^^^^^^^^^^^^^^^^^^^^^^^^^^^^^^^^^^^^^^^^^^^^^^^^^^^^^^^^^^^^^^^^^^^^^^^^^^^^^^
  File "/Users/sunmuchao/Downloads/Her/external-systems/partner-http-gateway/gateway/mysql_pool.py", line 33, in __init__
    ensure_database(self._cfg)
  File "/Users/sunmuchao/Downloads/Her/outer_system_mysql_schema.py", line 180, in ensure_database
    cursor.execute(
  File "/Users/sunmuchao/Downloads/Her/.venv/lib/python3.12/site-packages/pymysql/cursors.py", line 155, in execute
    query = self.mogrify(query, args)
            ^^^^^^^^^^^^^^^^^^^^^^^^^
  File "/Users/sunmuchao/Downloads/Her/.venv/lib/python3.12/site-packages/pymysql/cursors.py", line 133, in mogrify
    query = query % self._escape_args(args, conn)
            ~~~~~~^~~~~~~~~~~~~~~~~~~~~~~~~~~~~~~
TypeError: not all arguments converted during string formatting
not all arguments converted during string formatting
[2026-05-30 12:45:07 +0800] [23733] [INFO] Worker exiting (pid: 23733)
[2026-05-30 12:45:07 +0800] [23734] [ERROR] Exception in worker process
Traceback (most recent call last):
  File "/Users/sunmuchao/Downloads/Her/.venv/lib/python3.12/site-packages/gunicorn/arbiter.py", line 713, in spawn_worker
    worker.init_process()
  File "/Users/sunmuchao/Downloads/Her/.venv/lib/python3.12/site-packages/gunicorn/workers/base.py", line 136, in init_process
    self.load_wsgi()
  File "/Users/sunmuchao/Downloads/Her/.venv/lib/python3.12/site-packages/gunicorn/workers/base.py", line 148, in load_wsgi
    self.wsgi = self.app.wsgi()
                ^^^^^^^^^^^^^^^
  File "/Users/sunmuchao/Downloads/Her/.venv/lib/python3.12/site-packages/gunicorn/app/base.py", line 66, in wsgi
    self.callable = self.load()
                    ^^^^^^^^^^^
  File "/Users/sunmuchao/Downloads/Her/.venv/lib/python3.12/site-packages/gunicorn/app/wsgiapp.py", line 57, in load
    return self.load_wsgiapp()
           ^^^^^^^^^^^^^^^^^^^
  File "/Users/sunmuchao/Downloads/Her/.venv/lib/python3.12/site-packages/gunicorn/app/wsgiapp.py", line 47, in load_wsgiapp
    return util.import_app(self.app_uri)
           ^^^^^^^^^^^^^^^^^^^^^^^^^^^^^
  File "/Users/sunmuchao/Downloads/Her/.venv/lib/python3.12/site-packages/gunicorn/util.py", line 411, in import_app
    mod = importlib.import_module(module)
          ^^^^^^^^^^^^^^^^^^^^^^^^^^^^^^^
  File "/usr/local/Cellar/python@3.12/3.12.7_1/Frameworks/Python.framework/Versions/3.12/lib/python3.12/importlib/__init__.py", line 90, in import_module
    return _bootstrap._gcd_import(name[level:], package, level)
           ^^^^^^^^^^^^^^^^^^^^^^^^^^^^^^^^^^^^^^^^^^^^^^^^^^^^
  File "<frozen importlib._bootstrap>", line 1387, in _gcd_import
  File "<frozen importlib._bootstrap>", line 1360, in _find_and_load
  File "<frozen importlib._bootstrap>", line 1331, in _find_and_load_unlocked
  File "<frozen importlib._bootstrap>", line 935, in _load_unlocked
  File "<frozen importlib._bootstrap_external>", line 995, in exec_module
  File "<frozen importlib._bootstrap>", line 488, in _call_with_frames_removed
  File "/Users/sunmuchao/Downloads/Her/external-systems/partner-http-gateway/gateway/app.py", line 395, in <module>
    _default_gateway = PartnerGateway()
                       ^^^^^^^^^^^^^^^^
  File "/Users/sunmuchao/Downloads/Her/external-systems/partner-http-gateway/gateway/app.py", line 108, in __init__
    self._rec_pool = GatewayConnectionPool(self._recommendation_dsn, "recommendation", max_size=pool_n)
                     ^^^^^^^^^^^^^^^^^^^^^^^^^^^^^^^^^^^^^^^^^^^^^^^^^^^^^^^^^^^^^^^^^^^^^^^^^^^^^^^^^^
  File "/Users/sunmuchao/Downloads/Her/external-systems/partner-http-gateway/gateway/mysql_pool.py", line 33, in __init__
    ensure_database(self._cfg)
  File "/Users/sunmuchao/Downloads/Her/outer_system_mysql_schema.py", line 180, in ensure_database
    cursor.execute(
  File "/Users/sunmuchao/Downloads/Her/.venv/lib/python3.12/site-packages/pymysql/cursors.py", line 155, in execute
    query = self.mogrify(query, args)
            ^^^^^^^^^^^^^^^^^^^^^^^^^
  File "/Users/sunmuchao/Downloads/Her/.venv/lib/python3.12/site-packages/pymysql/cursors.py", line 133, in mogrify
    query = query % self._escape_args(args, conn)
            ~~~~~~^~~~~~~~~~~~~~~~~~~~~~~~~~~~~~~
TypeError: not all arguments converted during string formatting
not all arguments converted during string formatting
[2026-05-30 12:45:07 +0800] [23734] [INFO] Worker exiting (pid: 23734)
[2026-05-30 12:45:09 +0800] [23708] [ERROR] Worker (pid:23734) exited with code 3.
Traceback (most recent call last):
  File "/Users/sunmuchao/Downloads/Her/.venv/lib/python3.12/site-packages/gunicorn/arbiter.py", line 246, in run
    handler()
  File "/Users/sunmuchao/Downloads/Her/.venv/lib/python3.12/site-packages/gunicorn/arbiter.py", line 271, in handle_chld
    self.reap_workers()
  File "/Users/sunmuchao/Downloads/Her/.venv/lib/python3.12/site-packages/gunicorn/arbiter.py", line 641, in reap_workers
    raise HaltServer(reason, self.WORKER_BOOT_ERROR)
gunicorn.errors.HaltServer: <HaltServer 'Worker failed to boot.' 3>

During handling of the above exception, another exception occurred:

Traceback (most recent call last):
  File "<frozen runpy>", line 198, in _run_module_as_main
  File "<frozen runpy>", line 88, in _run_code
  File "/Users/sunmuchao/Downloads/Her/.venv/lib/python3.12/site-packages/gunicorn/__main__.py", line 10, in <module>
    run(prog="gunicorn")
  File "/Users/sunmuchao/Downloads/Her/.venv/lib/python3.12/site-packages/gunicorn/app/wsgiapp.py", line 66, in run
    WSGIApplication("%(prog)s [OPTIONS] [APP_MODULE]", prog=prog).run()
  File "/Users/sunmuchao/Downloads/Her/.venv/lib/python3.12/site-packages/gunicorn/app/base.py", line 235, in run
    super().run()
  File "/Users/sunmuchao/Downloads/Her/.venv/lib/python3.12/site-packages/gunicorn/app/base.py", line 71, in run
    Arbiter(self).run()
  File "/Users/sunmuchao/Downloads/Her/.venv/lib/python3.12/site-packages/gunicorn/arbiter.py", line 254, in run
    self.halt(reason=inst.reason, exit_status=inst.exit_status)
  File "/Users/sunmuchao/Downloads/Her/.venv/lib/python3.12/site-packages/gunicorn/arbiter.py", line 378, in halt
    self.stop()
  File "/Users/sunmuchao/Downloads/Her/.venv/lib/python3.12/site-packages/gunicorn/arbiter.py", line 458, in stop
    self.reap_workers()
  File "/Users/sunmuchao/Downloads/Her/.venv/lib/python3.12/site-packages/gunicorn/arbiter.py", line 641, in reap_workers
    raise HaltServer(reason, self.WORKER_BOOT_ERROR)
gunicorn.errors.HaltServer: <HaltServer 'Worker failed to boot.' 3>
[2026-05-30 12:45:46 +0800] [23841] [INFO] Starting gunicorn 26.0.0
[2026-05-30 12:45:46 +0800] [23841] [INFO] Listening at: http://127.0.0.1:8765 (23841)
[2026-05-30 12:45:46 +0800] [23841] [INFO] Using worker: sync
[2026-05-30 12:45:46 +0800] [23844] [INFO] Booting worker with pid: 23844
[2026-05-30 12:45:46 +0800] [23845] [INFO] Booting worker with pid: 23845
[2026-05-30 12:45:46 +0800] [23846] [INFO] Booting worker with pid: 23846
[2026-05-30 12:45:47 +0800] [23847] [INFO] Booting worker with pid: 23847
[2026-05-30 12:45:47 +0800] [23848] [INFO] Booting worker with pid: 23848
[2026-05-30 12:45:47 +0800] [23849] [INFO] Booting worker with pid: 23849
[2026-05-30 12:45:47 +0800] [23850] [INFO] Booting worker with pid: 23850
[2026-05-30 12:45:47 +0800] [23851] [INFO] Booting worker with pid: 23851
[2026-05-30 12:45:47 +0800] [23852] [INFO] Booting worker with pid: 23852
[2026-05-30 12:45:47 +0800] [23853] [INFO] Booting worker with pid: 23853
[2026-05-30 12:45:47 +0800] [23854] [INFO] Booting worker with pid: 23854
[2026-05-30 12:45:47 +0800] [23855] [INFO] Booting worker with pid: 23855
[2026-05-30 12:45:47 +0800] [23856] [INFO] Booting worker with pid: 23856
[2026-05-30 12:45:47 +0800] [23857] [INFO] Booting worker with pid: 23857
[2026-05-30 12:45:47 +0800] [23844] [ERROR] Exception in worker process
Traceback (most recent call last):
  File "/Users/sunmuchao/Downloads/Her/.venv/lib/python3.12/site-packages/gunicorn/arbiter.py", line 713, in spawn_worker
    worker.init_process()
  File "/Users/sunmuchao/Downloads/Her/.venv/lib/python3.12/site-packages/gunicorn/workers/base.py", line 136, in init_process
    self.load_wsgi()
  File "/Users/sunmuchao/Downloads/Her/.venv/lib/python3.12/site-packages/gunicorn/workers/base.py", line 148, in load_wsgi
    self.wsgi = self.app.wsgi()
                ^^^^^^^^^^^^^^^
  File "/Users/sunmuchao/Downloads/Her/.venv/lib/python3.12/site-packages/gunicorn/app/base.py", line 66, in wsgi
    self.callable = self.load()
                    ^^^^^^^^^^^
  File "/Users/sunmuchao/Downloads/Her/.venv/lib/python3.12/site-packages/gunicorn/app/wsgiapp.py", line 57, in load
    return self.load_wsgiapp()
           ^^^^^^^^^^^^^^^^^^^
  File "/Users/sunmuchao/Downloads/Her/.venv/lib/python3.12/site-packages/gunicorn/app/wsgiapp.py", line 47, in load_wsgiapp
    return util.import_app(self.app_uri)
           ^^^^^^^^^^^^^^^^^^^^^^^^^^^^^
  File "/Users/sunmuchao/Downloads/Her/.venv/lib/python3.12/site-packages/gunicorn/util.py", line 411, in import_app
    mod = importlib.import_module(module)
          ^^^^^^^^^^^^^^^^^^^^^^^^^^^^^^^
  File "/usr/local/Cellar/python@3.12/3.12.7_1/Frameworks/Python.framework/Versions/3.12/lib/python3.12/importlib/__init__.py", line 90, in import_module
    return _bootstrap._gcd_import(name[level:], package, level)
           ^^^^^^^^^^^^^^^^^^^^^^^^^^^^^^^^^^^^^^^^^^^^^^^^^^^^
  File "<frozen importlib._bootstrap>", line 1387, in _gcd_import
  File "<frozen importlib._bootstrap>", line 1360, in _find_and_load
  File "<frozen importlib._bootstrap>", line 1331, in _find_and_load_unlocked
  File "<frozen importlib._bootstrap>", line 935, in _load_unlocked
  File "<frozen importlib._bootstrap_external>", line 995, in exec_module
  File "<frozen importlib._bootstrap>", line 488, in _call_with_frames_removed
  File "/Users/sunmuchao/Downloads/Her/external-systems/partner-http-gateway/gateway/app.py", line 395, in <module>
    _default_gateway = PartnerGateway()
                       ^^^^^^^^^^^^^^^^
  File "/Users/sunmuchao/Downloads/Her/external-systems/partner-http-gateway/gateway/app.py", line 108, in __init__
    self._rec_pool = GatewayConnectionPool(self._recommendation_dsn, "recommendation", max_size=pool_n)
                     ^^^^^^^^^^^^^^^^^^^^^^^^^^^^^^^^^^^^^^^^^^^^^^^^^^^^^^^^^^^^^^^^^^^^^^^^^^^^^^^^^^
  File "/Users/sunmuchao/Downloads/Her/external-systems/partner-http-gateway/gateway/mysql_pool.py", line 33, in __init__
    ensure_database(self._cfg)
  File "/Users/sunmuchao/Downloads/Her/outer_system_mysql_schema.py", line 180, in ensure_database
    cursor.execute(
  File "/Users/sunmuchao/Downloads/Her/.venv/lib/python3.12/site-packages/pymysql/cursors.py", line 155, in execute
    query = self.mogrify(query, args)
            ^^^^^^^^^^^^^^^^^^^^^^^^^
  File "/Users/sunmuchao/Downloads/Her/.venv/lib/python3.12/site-packages/pymysql/cursors.py", line 133, in mogrify
    query = query % self._escape_args(args, conn)
            ~~~~~~^~~~~~~~~~~~~~~~~~~~~~~~~~~~~~~
TypeError: not all arguments converted during string formatting
not all arguments converted during string formatting
[2026-05-30 12:45:47 +0800] [23844] [INFO] Worker exiting (pid: 23844)
[2026-05-30 12:45:47 +0800] [23858] [INFO] Booting worker with pid: 23858
[2026-05-30 12:45:47 +0800] [23845] [ERROR] Exception in worker process
Traceback (most recent call last):
  File "/Users/sunmuchao/Downloads/Her/.venv/lib/python3.12/site-packages/gunicorn/arbiter.py", line 713, in spawn_worker
    worker.init_process()
  File "/Users/sunmuchao/Downloads/Her/.venv/lib/python3.12/site-packages/gunicorn/workers/base.py", line 136, in init_process
    self.load_wsgi()
  File "/Users/sunmuchao/Downloads/Her/.venv/lib/python3.12/site-packages/gunicorn/workers/base.py", line 148, in load_wsgi
    self.wsgi = self.app.wsgi()
                ^^^^^^^^^^^^^^^
  File "/Users/sunmuchao/Downloads/Her/.venv/lib/python3.12/site-packages/gunicorn/app/base.py", line 66, in wsgi
    self.callable = self.load()
                    ^^^^^^^^^^^
  File "/Users/sunmuchao/Downloads/Her/.venv/lib/python3.12/site-packages/gunicorn/app/wsgiapp.py", line 57, in load
    return self.load_wsgiapp()
           ^^^^^^^^^^^^^^^^^^^
  File "/Users/sunmuchao/Downloads/Her/.venv/lib/python3.12/site-packages/gunicorn/app/wsgiapp.py", line 47, in load_wsgiapp
    return util.import_app(self.app_uri)
           ^^^^^^^^^^^^^^^^^^^^^^^^^^^^^
  File "/Users/sunmuchao/Downloads/Her/.venv/lib/python3.12/site-packages/gunicorn/util.py", line 411, in import_app
    mod = importlib.import_module(module)
          ^^^^^^^^^^^^^^^^^^^^^^^^^^^^^^^
  File "/usr/local/Cellar/python@3.12/3.12.7_1/Frameworks/Python.framework/Versions/3.12/lib/python3.12/importlib/__init__.py", line 90, in import_module
    return _bootstrap._gcd_import(name[level:], package, level)
           ^^^^^^^^^^^^^^^^^^^^^^^^^^^^^^^^^^^^^^^^^^^^^^^^^^^^
  File "<frozen importlib._bootstrap>", line 1387, in _gcd_import
  File "<frozen importlib._bootstrap>", line 1360, in _find_and_load
  File "<frozen importlib._bootstrap>", line 1331, in _find_and_load_unlocked
  File "<frozen importlib._bootstrap>", line 935, in _load_unlocked
  File "<frozen importlib._bootstrap_external>", line 995, in exec_module
  File "<frozen importlib._bootstrap>", line 488, in _call_with_frames_removed
  File "/Users/sunmuchao/Downloads/Her/external-systems/partner-http-gateway/gateway/app.py", line 395, in <module>
    _default_gateway = PartnerGateway()
                       ^^^^^^^^^^^^^^^^
  File "/Users/sunmuchao/Downloads/Her/external-systems/partner-http-gateway/gateway/app.py", line 108, in __init__
    self._rec_pool = GatewayConnectionPool(self._recommendation_dsn, "recommendation", max_size=pool_n)
                     ^^^^^^^^^^^^^^^^^^^^^^^^^^^^^^^^^^^^^^^^^^^^^^^^^^^^^^^^^^^^^^^^^^^^^^^^^^^^^^^^^^
  File "/Users/sunmuchao/Downloads/Her/external-systems/partner-http-gateway/gateway/mysql_pool.py", line 33, in __init__
    ensure_database(self._cfg)
  File "/Users/sunmuchao/Downloads/Her/outer_system_mysql_schema.py", line 180, in ensure_database
    cursor.execute(
  File "/Users/sunmuchao/Downloads/Her/.venv/lib/python3.12/site-packages/pymysql/cursors.py", line 155, in execute
    query = self.mogrify(query, args)
            ^^^^^^^^^^^^^^^^^^^^^^^^^
  File "/Users/sunmuchao/Downloads/Her/.venv/lib/python3.12/site-packages/pymysql/cursors.py", line 133, in mogrify
    query = query % self._escape_args(args, conn)
            ~~~~~~^~~~~~~~~~~~~~~~~~~~~~~~~~~~~~~
TypeError: not all arguments converted during string formatting
not all arguments converted during string formatting
[2026-05-30 12:45:47 +0800] [23845] [INFO] Worker exiting (pid: 23845)
[2026-05-30 12:45:47 +0800] [23859] [INFO] Booting worker with pid: 23859
[2026-05-30 12:45:47 +0800] [23860] [INFO] Booting worker with pid: 23860
[2026-05-30 12:45:47 +0800] [23861] [INFO] Booting worker with pid: 23861
[2026-05-30 12:45:47 +0800] [23846] [ERROR] Exception in worker process
Traceback (most recent call last):
  File "/Users/sunmuchao/Downloads/Her/.venv/lib/python3.12/site-packages/gunicorn/arbiter.py", line 713, in spawn_worker
    worker.init_process()
  File "/Users/sunmuchao/Downloads/Her/.venv/lib/python3.12/site-packages/gunicorn/workers/base.py", line 136, in init_process
    self.load_wsgi()
  File "/Users/sunmuchao/Downloads/Her/.venv/lib/python3.12/site-packages/gunicorn/workers/base.py", line 148, in load_wsgi
    self.wsgi = self.app.wsgi()
                ^^^^^^^^^^^^^^^
  File "/Users/sunmuchao/Downloads/Her/.venv/lib/python3.12/site-packages/gunicorn/app/base.py", line 66, in wsgi
    self.callable = self.load()
                    ^^^^^^^^^^^
  File "/Users/sunmuchao/Downloads/Her/.venv/lib/python3.12/site-packages/gunicorn/app/wsgiapp.py", line 57, in load
    return self.load_wsgiapp()
           ^^^^^^^^^^^^^^^^^^^
  File "/Users/sunmuchao/Downloads/Her/.venv/lib/python3.12/site-packages/gunicorn/app/wsgiapp.py", line 47, in load_wsgiapp
    return util.import_app(self.app_uri)
           ^^^^^^^^^^^^^^^^^^^^^^^^^^^^^
  File "/Users/sunmuchao/Downloads/Her/.venv/lib/python3.12/site-packages/gunicorn/util.py", line 411, in import_app
    mod = importlib.import_module(module)
          ^^^^^^^^^^^^^^^^^^^^^^^^^^^^^^^
  File "/usr/local/Cellar/python@3.12/3.12.7_1/Frameworks/Python.framework/Versions/3.12/lib/python3.12/importlib/__init__.py", line 90, in import_module
    return _bootstrap._gcd_import(name[level:], package, level)
           ^^^^^^^^^^^^^^^^^^^^^^^^^^^^^^^^^^^^^^^^^^^^^^^^^^^^
  File "<frozen importlib._bootstrap>", line 1387, in _gcd_import
  File "<frozen importlib._bootstrap>", line 1360, in _find_and_load
  File "<frozen importlib._bootstrap>", line 1331, in _find_and_load_unlocked
  File "<frozen importlib._bootstrap>", line 935, in _load_unlocked
  File "<frozen importlib._bootstrap_external>", line 995, in exec_module
  File "<frozen importlib._bootstrap>", line 488, in _call_with_frames_removed
  File "/Users/sunmuchao/Downloads/Her/external-systems/partner-http-gateway/gateway/app.py", line 395, in <module>
    _default_gateway = PartnerGateway()
                       ^^^^^^^^^^^^^^^^
  File "/Users/sunmuchao/Downloads/Her/external-systems/partner-http-gateway/gateway/app.py", line 108, in __init__
    self._rec_pool = GatewayConnectionPool(self._recommendation_dsn, "recommendation", max_size=pool_n)
                     ^^^^^^^^^^^^^^^^^^^^^^^^^^^^^^^^^^^^^^^^^^^^^^^^^^^^^^^^^^^^^^^^^^^^^^^^^^^^^^^^^^
  File "/Users/sunmuchao/Downloads/Her/external-systems/partner-http-gateway/gateway/mysql_pool.py", line 33, in __init__
    ensure_database(self._cfg)
  File "/Users/sunmuchao/Downloads/Her/outer_system_mysql_schema.py", line 180, in ensure_database
    cursor.execute(
  File "/Users/sunmuchao/Downloads/Her/.venv/lib/python3.12/site-packages/pymysql/cursors.py", line 155, in execute
    query = self.mogrify(query, args)
            ^^^^^^^^^^^^^^^^^^^^^^^^^
  File "/Users/sunmuchao/Downloads/Her/.venv/lib/python3.12/site-packages/pymysql/cursors.py", line 133, in mogrify
    query = query % self._escape_args(args, conn)
            ~~~~~~^~~~~~~~~~~~~~~~~~~~~~~~~~~~~~~
TypeError: not all arguments converted during string formatting
not all arguments converted during string formatting
[2026-05-30 12:45:47 +0800] [23846] [INFO] Worker exiting (pid: 23846)
[2026-05-30 12:45:47 +0800] [23862] [INFO] Booting worker with pid: 23862
[2026-05-30 12:45:47 +0800] [23863] [INFO] Booting worker with pid: 23863
[2026-05-30 12:45:47 +0800] [23864] [INFO] Booting worker with pid: 23864
[2026-05-30 12:45:47 +0800] [23865] [INFO] Booting worker with pid: 23865
[2026-05-30 12:45:47 +0800] [23866] [INFO] Booting worker with pid: 23866
[2026-05-30 12:45:47 +0800] [23847] [ERROR] Exception in worker process
Traceback (most recent call last):
  File "/Users/sunmuchao/Downloads/Her/.venv/lib/python3.12/site-packages/gunicorn/arbiter.py", line 713, in spawn_worker
    worker.init_process()
  File "/Users/sunmuchao/Downloads/Her/.venv/lib/python3.12/site-packages/gunicorn/workers/base.py", line 136, in init_process
    self.load_wsgi()
  File "/Users/sunmuchao/Downloads/Her/.venv/lib/python3.12/site-packages/gunicorn/workers/base.py", line 148, in load_wsgi
    self.wsgi = self.app.wsgi()
                ^^^^^^^^^^^^^^^
  File "/Users/sunmuchao/Downloads/Her/.venv/lib/python3.12/site-packages/gunicorn/app/base.py", line 66, in wsgi
    self.callable = self.load()
                    ^^^^^^^^^^^
  File "/Users/sunmuchao/Downloads/Her/.venv/lib/python3.12/site-packages/gunicorn/app/wsgiapp.py", line 57, in load
    return self.load_wsgiapp()
           ^^^^^^^^^^^^^^^^^^^
  File "/Users/sunmuchao/Downloads/Her/.venv/lib/python3.12/site-packages/gunicorn/app/wsgiapp.py", line 47, in load_wsgiapp
    return util.import_app(self.app_uri)
           ^^^^^^^^^^^^^^^^^^^^^^^^^^^^^
  File "/Users/sunmuchao/Downloads/Her/.venv/lib/python3.12/site-packages/gunicorn/util.py", line 411, in import_app
    mod = importlib.import_module(module)
          ^^^^^^^^^^^^^^^^^^^^^^^^^^^^^^^
  File "/usr/local/Cellar/python@3.12/3.12.7_1/Frameworks/Python.framework/Versions/3.12/lib/python3.12/importlib/__init__.py", line 90, in import_module
    return _bootstrap._gcd_import(name[level:], package, level)
           ^^^^^^^^^^^^^^^^^^^^^^^^^^^^^^^^^^^^^^^^^^^^^^^^^^^^
  File "<frozen importlib._bootstrap>", line 1387, in _gcd_import
  File "<frozen importlib._bootstrap>", line 1360, in _find_and_load
  File "<frozen importlib._bootstrap>", line 1331, in _find_and_load_unlocked
  File "<frozen importlib._bootstrap>", line 935, in _load_unlocked
  File "<frozen importlib._bootstrap_external>", line 995, in exec_module
  File "<frozen importlib._bootstrap>", line 488, in _call_with_frames_removed
  File "/Users/sunmuchao/Downloads/Her/external-systems/partner-http-gateway/gateway/app.py", line 395, in <module>
    _default_gateway = PartnerGateway()
                       ^^^^^^^^^^^^^^^^
  File "/Users/sunmuchao/Downloads/Her/external-systems/partner-http-gateway/gateway/app.py", line 108, in __init__
    self._rec_pool = GatewayConnectionPool(self._recommendation_dsn, "recommendation", max_size=pool_n)
                     ^^^^^^^^^^^^^^^^^^^^^^^^^^^^^^^^^^^^^^^^^^^^^^^^^^^^^^^^^^^^^^^^^^^^^^^^^^^^^^^^^^
  File "/Users/sunmuchao/Downloads/Her/external-systems/partner-http-gateway/gateway/mysql_pool.py", line 33, in __init__
    ensure_database(self._cfg)
  File "/Users/sunmuchao/Downloads/Her/outer_system_mysql_schema.py", line 180, in ensure_database
    cursor.execute(
  File "/Users/sunmuchao/Downloads/Her/.venv/lib/python3.12/site-packages/pymysql/cursors.py", line 155, in execute
    query = self.mogrify(query, args)
            ^^^^^^^^^^^^^^^^^^^^^^^^^
  File "/Users/sunmuchao/Downloads/Her/.venv/lib/python3.12/site-packages/pymysql/cursors.py", line 133, in mogrify
    query = query % self._escape_args(args, conn)
            ~~~~~~^~~~~~~~~~~~~~~~~~~~~~~~~~~~~~~
TypeError: not all arguments converted during string formatting
not all arguments converted during string formatting
[2026-05-30 12:45:48 +0800] [23847] [INFO] Worker exiting (pid: 23847)
[2026-05-30 12:45:48 +0800] [23867] [INFO] Booting worker with pid: 23867
[2026-05-30 12:45:48 +0800] [23868] [INFO] Booting worker with pid: 23868
[2026-05-30 12:45:48 +0800] [23841] [ERROR] Worker (pid:23845) exited with code 3.
[2026-05-30 12:45:48 +0800] [23841] [INFO] Control socket listening at /Users/sunmuchao/.gunicorn/gunicorn.ctl
[2026-05-30 12:45:48 +0800] [23841] [ERROR] Worker (pid:23844) exited with code 3.
Traceback (most recent call last):
  File "/Users/sunmuchao/Downloads/Her/.venv/lib/python3.12/site-packages/gunicorn/arbiter.py", line 246, in run
    handler()
  File "/Users/sunmuchao/Downloads/Her/.venv/lib/python3.12/site-packages/gunicorn/arbiter.py", line 271, in handle_chld
    self.reap_workers()
  File "/Users/sunmuchao/Downloads/Her/.venv/lib/python3.12/site-packages/gunicorn/arbiter.py", line 641, in reap_workers
    raise HaltServer(reason, self.WORKER_BOOT_ERROR)
gunicorn.errors.HaltServer: <HaltServer 'Worker failed to boot.' 3>

During handling of the above exception, another exception occurred:

Traceback (most recent call last):
  File "<frozen runpy>", line 198, in _run_module_as_main
  File "<frozen runpy>", line 88, in _run_code
  File "/Users/sunmuchao/Downloads/Her/.venv/lib/python3.12/site-packages/gunicorn/__main__.py", line 10, in <module>
    run(prog="gunicorn")
  File "/Users/sunmuchao/Downloads/Her/.venv/lib/python3.12/site-packages/gunicorn/app/wsgiapp.py", line 66, in run
    WSGIApplication("%(prog)s [OPTIONS] [APP_MODULE]", prog=prog).run()
  File "/Users/sunmuchao/Downloads/Her/.venv/lib/python3.12/site-packages/gunicorn/app/base.py", line 235, in run
    super().run()
  File "/Users/sunmuchao/Downloads/Her/.venv/lib/python3.12/site-packages/gunicorn/app/base.py", line 71, in run
    Arbiter(self).run()
  File "/Users/sunmuchao/Downloads/Her/.venv/lib/python3.12/site-packages/gunicorn/arbiter.py", line 254, in run
    self.halt(reason=inst.reason, exit_status=inst.exit_status)
  File "/Users/sunmuchao/Downloads/Her/.venv/lib/python3.12/site-packages/gunicorn/arbiter.py", line 378, in halt
    self.stop()
  File "/Users/sunmuchao/Downloads/Her/.venv/lib/python3.12/site-packages/gunicorn/arbiter.py", line 458, in stop
    self.reap_workers()
  File "/Users/sunmuchao/Downloads/Her/.venv/lib/python3.12/site-packages/gunicorn/arbiter.py", line 641, in reap_workers
    raise HaltServer(reason, self.WORKER_BOOT_ERROR)
gunicorn.errors.HaltServer: <HaltServer 'Worker failed to boot.' 3>
[2026-05-30 12:45:48 +0800] [23848] [ERROR] Exception in worker process
Traceback (most recent call last):
  File "/Users/sunmuchao/Downloads/Her/.venv/lib/python3.12/site-packages/gunicorn/arbiter.py", line 713, in spawn_worker
    worker.init_process()
  File "/Users/sunmuchao/Downloads/Her/.venv/lib/python3.12/site-packages/gunicorn/workers/base.py", line 136, in init_process
    self.load_wsgi()
  File "/Users/sunmuchao/Downloads/Her/.venv/lib/python3.12/site-packages/gunicorn/workers/base.py", line 148, in load_wsgi
    self.wsgi = self.app.wsgi()
                ^^^^^^^^^^^^^^^
  File "/Users/sunmuchao/Downloads/Her/.venv/lib/python3.12/site-packages/gunicorn/app/base.py", line 66, in wsgi
    self.callable = self.load()
                    ^^^^^^^^^^^
  File "/Users/sunmuchao/Downloads/Her/.venv/lib/python3.12/site-packages/gunicorn/app/wsgiapp.py", line 57, in load
    return self.load_wsgiapp()
           ^^^^^^^^^^^^^^^^^^^
  File "/Users/sunmuchao/Downloads/Her/.venv/lib/python3.12/site-packages/gunicorn/app/wsgiapp.py", line 47, in load_wsgiapp
    return util.import_app(self.app_uri)
           ^^^^^^^^^^^^^^^^^^^^^^^^^^^^^
  File "/Users/sunmuchao/Downloads/Her/.venv/lib/python3.12/site-packages/gunicorn/util.py", line 411, in import_app
    mod = importlib.import_module(module)
          ^^^^^^^^^^^^^^^^^^^^^^^^^^^^^^^
  File "/usr/local/Cellar/python@3.12/3.12.7_1/Frameworks/Python.framework/Versions/3.12/lib/python3.12/importlib/__init__.py", line 90, in import_module
    return _bootstrap._gcd_import(name[level:], package, level)
           ^^^^^^^^^^^^^^^^^^^^^^^^^^^^^^^^^^^^^^^^^^^^^^^^^^^^
  File "<frozen importlib._bootstrap>", line 1387, in _gcd_import
  File "<frozen importlib._bootstrap>", line 1360, in _find_and_load
  File "<frozen importlib._bootstrap>", line 1331, in _find_and_load_unlocked
  File "<frozen importlib._bootstrap>", line 935, in _load_unlocked
  File "<frozen importlib._bootstrap_external>", line 995, in exec_module
  File "<frozen importlib._bootstrap>", line 488, in _call_with_frames_removed
  File "/Users/sunmuchao/Downloads/Her/external-systems/partner-http-gateway/gateway/app.py", line 395, in <module>
    _default_gateway = PartnerGateway()
                       ^^^^^^^^^^^^^^^^
  File "/Users/sunmuchao/Downloads/Her/external-systems/partner-http-gateway/gateway/app.py", line 108, in __init__
    self._rec_pool = GatewayConnectionPool(self._recommendation_dsn, "recommendation", max_size=pool_n)
                     ^^^^^^^^^^^^^^^^^^^^^^^^^^^^^^^^^^^^^^^^^^^^^^^^^^^^^^^^^^^^^^^^^^^^^^^^^^^^^^^^^^
  File "/Users/sunmuchao/Downloads/Her/external-systems/partner-http-gateway/gateway/mysql_pool.py", line 33, in __init__
    ensure_database(self._cfg)
  File "/Users/sunmuchao/Downloads/Her/outer_system_mysql_schema.py", line 180, in ensure_database
    cursor.execute(
  File "/Users/sunmuchao/Downloads/Her/.venv/lib/python3.12/site-packages/pymysql/cursors.py", line 155, in execute
    query = self.mogrify(query, args)
            ^^^^^^^^^^^^^^^^^^^^^^^^^
  File "/Users/sunmuchao/Downloads/Her/.venv/lib/python3.12/site-packages/pymysql/cursors.py", line 133, in mogrify
    query = query % self._escape_args(args, conn)
            ~~~~~~^~~~~~~~~~~~~~~~~~~~~~~~~~~~~~~
TypeError: not all arguments converted during string formatting
not all arguments converted during string formatting
[2026-05-30 12:45:48 +0800] [23848] [INFO] Worker exiting (pid: 23848)
[2026-05-30 12:45:48 +0800] [23849] [ERROR] Exception in worker process
Traceback (most recent call last):
  File "/Users/sunmuchao/Downloads/Her/.venv/lib/python3.12/site-packages/gunicorn/arbiter.py", line 713, in spawn_worker
    worker.init_process()
  File "/Users/sunmuchao/Downloads/Her/.venv/lib/python3.12/site-packages/gunicorn/workers/base.py", line 136, in init_process
    self.load_wsgi()
  File "/Users/sunmuchao/Downloads/Her/.venv/lib/python3.12/site-packages/gunicorn/workers/base.py", line 148, in load_wsgi
    self.wsgi = self.app.wsgi()
                ^^^^^^^^^^^^^^^
  File "/Users/sunmuchao/Downloads/Her/.venv/lib/python3.12/site-packages/gunicorn/app/base.py", line 66, in wsgi
    self.callable = self.load()
                    ^^^^^^^^^^^
  File "/Users/sunmuchao/Downloads/Her/.venv/lib/python3.12/site-packages/gunicorn/app/wsgiapp.py", line 57, in load
    return self.load_wsgiapp()
           ^^^^^^^^^^^^^^^^^^^
  File "/Users/sunmuchao/Downloads/Her/.venv/lib/python3.12/site-packages/gunicorn/app/wsgiapp.py", line 47, in load_wsgiapp
    return util.import_app(self.app_uri)
           ^^^^^^^^^^^^^^^^^^^^^^^^^^^^^
  File "/Users/sunmuchao/Downloads/Her/.venv/lib/python3.12/site-packages/gunicorn/util.py", line 411, in import_app
    mod = importlib.import_module(module)
          ^^^^^^^^^^^^^^^^^^^^^^^^^^^^^^^
  File "/usr/local/Cellar/python@3.12/3.12.7_1/Frameworks/Python.framework/Versions/3.12/lib/python3.12/importlib/__init__.py", line 90, in import_module
    return _bootstrap._gcd_import(name[level:], package, level)
           ^^^^^^^^^^^^^^^^^^^^^^^^^^^^^^^^^^^^^^^^^^^^^^^^^^^^
  File "<frozen importlib._bootstrap>", line 1387, in _gcd_import
  File "<frozen importlib._bootstrap>", line 1360, in _find_and_load
  File "<frozen importlib._bootstrap>", line 1331, in _find_and_load_unlocked
  File "<frozen importlib._bootstrap>", line 935, in _load_unlocked
  File "<frozen importlib._bootstrap_external>", line 995, in exec_module
  File "<frozen importlib._bootstrap>", line 488, in _call_with_frames_removed
  File "/Users/sunmuchao/Downloads/Her/external-systems/partner-http-gateway/gateway/app.py", line 395, in <module>
    _default_gateway = PartnerGateway()
                       ^^^^^^^^^^^^^^^^
  File "/Users/sunmuchao/Downloads/Her/external-systems/partner-http-gateway/gateway/app.py", line 108, in __init__
    self._rec_pool = GatewayConnectionPool(self._recommendation_dsn, "recommendation", max_size=pool_n)
                     ^^^^^^^^^^^^^^^^^^^^^^^^^^^^^^^^^^^^^^^^^^^^^^^^^^^^^^^^^^^^^^^^^^^^^^^^^^^^^^^^^^
  File "/Users/sunmuchao/Downloads/Her/external-systems/partner-http-gateway/gateway/mysql_pool.py", line 33, in __init__
    ensure_database(self._cfg)
  File "/Users/sunmuchao/Downloads/Her/outer_system_mysql_schema.py", line 180, in ensure_database
    cursor.execute(
  File "/Users/sunmuchao/Downloads/Her/.venv/lib/python3.12/site-packages/pymysql/cursors.py", line 155, in execute
    query = self.mogrify(query, args)
            ^^^^^^^^^^^^^^^^^^^^^^^^^
  File "/Users/sunmuchao/Downloads/Her/.venv/lib/python3.12/site-packages/pymysql/cursors.py", line 133, in mogrify
    query = query % self._escape_args(args, conn)
            ~~~~~~^~~~~~~~~~~~~~~~~~~~~~~~~~~~~~~
TypeError: not all arguments converted during string formatting
not all arguments converted during string formatting
[2026-05-30 12:45:48 +0800] [23849] [INFO] Worker exiting (pid: 23849)
[2026-05-30 12:45:48 +0800] [23850] [ERROR] Exception in worker process
Traceback (most recent call last):
  File "/Users/sunmuchao/Downloads/Her/.venv/lib/python3.12/site-packages/gunicorn/arbiter.py", line 713, in spawn_worker
    worker.init_process()
  File "/Users/sunmuchao/Downloads/Her/.venv/lib/python3.12/site-packages/gunicorn/workers/base.py", line 136, in init_process
    self.load_wsgi()
  File "/Users/sunmuchao/Downloads/Her/.venv/lib/python3.12/site-packages/gunicorn/workers/base.py", line 148, in load_wsgi
    self.wsgi = self.app.wsgi()
                ^^^^^^^^^^^^^^^
  File "/Users/sunmuchao/Downloads/Her/.venv/lib/python3.12/site-packages/gunicorn/app/base.py", line 66, in wsgi
    self.callable = self.load()
                    ^^^^^^^^^^^
  File "/Users/sunmuchao/Downloads/Her/.venv/lib/python3.12/site-packages/gunicorn/app/wsgiapp.py", line 57, in load
    return self.load_wsgiapp()
           ^^^^^^^^^^^^^^^^^^^
  File "/Users/sunmuchao/Downloads/Her/.venv/lib/python3.12/site-packages/gunicorn/app/wsgiapp.py", line 47, in load_wsgiapp
    return util.import_app(self.app_uri)
           ^^^^^^^^^^^^^^^^^^^^^^^^^^^^^
  File "/Users/sunmuchao/Downloads/Her/.venv/lib/python3.12/site-packages/gunicorn/util.py", line 411, in import_app
    mod = importlib.import_module(module)
          ^^^^^^^^^^^^^^^^^^^^^^^^^^^^^^^
  File "/usr/local/Cellar/python@3.12/3.12.7_1/Frameworks/Python.framework/Versions/3.12/lib/python3.12/importlib/__init__.py", line 90, in import_module
    return _bootstrap._gcd_import(name[level:], package, level)
           ^^^^^^^^^^^^^^^^^^^^^^^^^^^^^^^^^^^^^^^^^^^^^^^^^^^^
  File "<frozen importlib._bootstrap>", line 1387, in _gcd_import
  File "<frozen importlib._bootstrap>", line 1360, in _find_and_load
  File "<frozen importlib._bootstrap>", line 1331, in _find_and_load_unlocked
  File "<frozen importlib._bootstrap>", line 935, in _load_unlocked
  File "<frozen importlib._bootstrap_external>", line 995, in exec_module
  File "<frozen importlib._bootstrap>", line 488, in _call_with_frames_removed
  File "/Users/sunmuchao/Downloads/Her/external-systems/partner-http-gateway/gateway/app.py", line 395, in <module>
    _default_gateway = PartnerGateway()
                       ^^^^^^^^^^^^^^^^
  File "/Users/sunmuchao/Downloads/Her/external-systems/partner-http-gateway/gateway/app.py", line 108, in __init__
    self._rec_pool = GatewayConnectionPool(self._recommendation_dsn, "recommendation", max_size=pool_n)
                     ^^^^^^^^^^^^^^^^^^^^^^^^^^^^^^^^^^^^^^^^^^^^^^^^^^^^^^^^^^^^^^^^^^^^^^^^^^^^^^^^^^
  File "/Users/sunmuchao/Downloads/Her/external-systems/partner-http-gateway/gateway/mysql_pool.py", line 33, in __init__
    ensure_database(self._cfg)
  File "/Users/sunmuchao/Downloads/Her/outer_system_mysql_schema.py", line 180, in ensure_database
    cursor.execute(
  File "/Users/sunmuchao/Downloads/Her/.venv/lib/python3.12/site-packages/pymysql/cursors.py", line 155, in execute
    query = self.mogrify(query, args)
            ^^^^^^^^^^^^^^^^^^^^^^^^^
  File "/Users/sunmuchao/Downloads/Her/.venv/lib/python3.12/site-packages/pymysql/cursors.py", line 133, in mogrify
    query = query % self._escape_args(args, conn)
            ~~~~~~^~~~~~~~~~~~~~~~~~~~~~~~~~~~~~~
TypeError: not all arguments converted during string formatting
not all arguments converted during string formatting
[2026-05-30 12:45:48 +0800] [23850] [INFO] Worker exiting (pid: 23850)
[2026-05-30 12:45:48 +0800] [23851] [ERROR] Exception in worker process
Traceback (most recent call last):
  File "/Users/sunmuchao/Downloads/Her/.venv/lib/python3.12/site-packages/gunicorn/arbiter.py", line 713, in spawn_worker
    worker.init_process()
  File "/Users/sunmuchao/Downloads/Her/.venv/lib/python3.12/site-packages/gunicorn/workers/base.py", line 136, in init_process
    self.load_wsgi()
  File "/Users/sunmuchao/Downloads/Her/.venv/lib/python3.12/site-packages/gunicorn/workers/base.py", line 148, in load_wsgi
    self.wsgi = self.app.wsgi()
                ^^^^^^^^^^^^^^^
  File "/Users/sunmuchao/Downloads/Her/.venv/lib/python3.12/site-packages/gunicorn/app/base.py", line 66, in wsgi
    self.callable = self.load()
                    ^^^^^^^^^^^
  File "/Users/sunmuchao/Downloads/Her/.venv/lib/python3.12/site-packages/gunicorn/app/wsgiapp.py", line 57, in load
    return self.load_wsgiapp()
           ^^^^^^^^^^^^^^^^^^^
  File "/Users/sunmuchao/Downloads/Her/.venv/lib/python3.12/site-packages/gunicorn/app/wsgiapp.py", line 47, in load_wsgiapp
    return util.import_app(self.app_uri)
           ^^^^^^^^^^^^^^^^^^^^^^^^^^^^^
  File "/Users/sunmuchao/Downloads/Her/.venv/lib/python3.12/site-packages/gunicorn/util.py", line 411, in import_app
    mod = importlib.import_module(module)
          ^^^^^^^^^^^^^^^^^^^^^^^^^^^^^^^
  File "/usr/local/Cellar/python@3.12/3.12.7_1/Frameworks/Python.framework/Versions/3.12/lib/python3.12/importlib/__init__.py", line 90, in import_module
    return _bootstrap._gcd_import(name[level:], package, level)
           ^^^^^^^^^^^^^^^^^^^^^^^^^^^^^^^^^^^^^^^^^^^^^^^^^^^^
  File "<frozen importlib._bootstrap>", line 1387, in _gcd_import
  File "<frozen importlib._bootstrap>", line 1360, in _find_and_load
  File "<frozen importlib._bootstrap>", line 1331, in _find_and_load_unlocked
  File "<frozen importlib._bootstrap>", line 935, in _load_unlocked
  File "<frozen importlib._bootstrap_external>", line 995, in exec_module
  File "<frozen importlib._bootstrap>", line 488, in _call_with_frames_removed
  File "/Users/sunmuchao/Downloads/Her/external-systems/partner-http-gateway/gateway/app.py", line 395, in <module>
    _default_gateway = PartnerGateway()
                       ^^^^^^^^^^^^^^^^
  File "/Users/sunmuchao/Downloads/Her/external-systems/partner-http-gateway/gateway/app.py", line 108, in __init__
    self._rec_pool = GatewayConnectionPool(self._recommendation_dsn, "recommendation", max_size=pool_n)
                     ^^^^^^^^^^^^^^^^^^^^^^^^^^^^^^^^^^^^^^^^^^^^^^^^^^^^^^^^^^^^^^^^^^^^^^^^^^^^^^^^^^
  File "/Users/sunmuchao/Downloads/Her/external-systems/partner-http-gateway/gateway/mysql_pool.py", line 33, in __init__
    ensure_database(self._cfg)
  File "/Users/sunmuchao/Downloads/Her/outer_system_mysql_schema.py", line 180, in ensure_database
    cursor.execute(
  File "/Users/sunmuchao/Downloads/Her/.venv/lib/python3.12/site-packages/pymysql/cursors.py", line 155, in execute
    query = self.mogrify(query, args)
            ^^^^^^^^^^^^^^^^^^^^^^^^^
  File "/Users/sunmuchao/Downloads/Her/.venv/lib/python3.12/site-packages/pymysql/cursors.py", line 133, in mogrify
    query = query % self._escape_args(args, conn)
            ~~~~~~^~~~~~~~~~~~~~~~~~~~~~~~~~~~~~~
TypeError: not all arguments converted during string formatting
not all arguments converted during string formatting
[2026-05-30 12:45:48 +0800] [23851] [INFO] Worker exiting (pid: 23851)
[2026-05-30 12:45:48 +0800] [23852] [ERROR] Exception in worker process
Traceback (most recent call last):
  File "/Users/sunmuchao/Downloads/Her/.venv/lib/python3.12/site-packages/gunicorn/arbiter.py", line 713, in spawn_worker
    worker.init_process()
  File "/Users/sunmuchao/Downloads/Her/.venv/lib/python3.12/site-packages/gunicorn/workers/base.py", line 136, in init_process
    self.load_wsgi()
  File "/Users/sunmuchao/Downloads/Her/.venv/lib/python3.12/site-packages/gunicorn/workers/base.py", line 148, in load_wsgi
    self.wsgi = self.app.wsgi()
                ^^^^^^^^^^^^^^^
  File "/Users/sunmuchao/Downloads/Her/.venv/lib/python3.12/site-packages/gunicorn/app/base.py", line 66, in wsgi
    self.callable = self.load()
                    ^^^^^^^^^^^
  File "/Users/sunmuchao/Downloads/Her/.venv/lib/python3.12/site-packages/gunicorn/app/wsgiapp.py", line 57, in load
    return self.load_wsgiapp()
           ^^^^^^^^^^^^^^^^^^^
  File "/Users/sunmuchao/Downloads/Her/.venv/lib/python3.12/site-packages/gunicorn/app/wsgiapp.py", line 47, in load_wsgiapp
    return util.import_app(self.app_uri)
           ^^^^^^^^^^^^^^^^^^^^^^^^^^^^^
  File "/Users/sunmuchao/Downloads/Her/.venv/lib/python3.12/site-packages/gunicorn/util.py", line 411, in import_app
    mod = importlib.import_module(module)
          ^^^^^^^^^^^^^^^^^^^^^^^^^^^^^^^
  File "/usr/local/Cellar/python@3.12/3.12.7_1/Frameworks/Python.framework/Versions/3.12/lib/python3.12/importlib/__init__.py", line 90, in import_module
    return _bootstrap._gcd_import(name[level:], package, level)
           ^^^^^^^^^^^^^^^^^^^^^^^^^^^^^^^^^^^^^^^^^^^^^^^^^^^^
  File "<frozen importlib._bootstrap>", line 1387, in _gcd_import
  File "<frozen importlib._bootstrap>", line 1360, in _find_and_load
  File "<frozen importlib._bootstrap>", line 1331, in _find_and_load_unlocked
  File "<frozen importlib._bootstrap>", line 935, in _load_unlocked
  File "<frozen importlib._bootstrap_external>", line 995, in exec_module
  File "<frozen importlib._bootstrap>", line 488, in _call_with_frames_removed
  File "/Users/sunmuchao/Downloads/Her/external-systems/partner-http-gateway/gateway/app.py", line 395, in <module>
    _default_gateway = PartnerGateway()
                       ^^^^^^^^^^^^^^^^
  File "/Users/sunmuchao/Downloads/Her/external-systems/partner-http-gateway/gateway/app.py", line 108, in __init__
    self._rec_pool = GatewayConnectionPool(self._recommendation_dsn, "recommendation", max_size=pool_n)
                     ^^^^^^^^^^^^^^^^^^^^^^^^^^^^^^^^^^^^^^^^^^^^^^^^^^^^^^^^^^^^^^^^^^^^^^^^^^^^^^^^^^
  File "/Users/sunmuchao/Downloads/Her/external-systems/partner-http-gateway/gateway/mysql_pool.py", line 33, in __init__
    ensure_database(self._cfg)
  File "/Users/sunmuchao/Downloads/Her/outer_system_mysql_schema.py", line 180, in ensure_database
    cursor.execute(
  File "/Users/sunmuchao/Downloads/Her/.venv/lib/python3.12/site-packages/pymysql/cursors.py", line 155, in execute
    query = self.mogrify(query, args)
            ^^^^^^^^^^^^^^^^^^^^^^^^^
  File "/Users/sunmuchao/Downloads/Her/.venv/lib/python3.12/site-packages/pymysql/cursors.py", line 133, in mogrify
    query = query % self._escape_args(args, conn)
            ~~~~~~^~~~~~~~~~~~~~~~~~~~~~~~~~~~~~~
TypeError: not all arguments converted during string formatting
not all arguments converted during string formatting
[2026-05-30 12:45:48 +0800] [23852] [INFO] Worker exiting (pid: 23852)
[2026-05-30 12:45:48 +0800] [23853] [ERROR] Exception in worker process
Traceback (most recent call last):
  File "/Users/sunmuchao/Downloads/Her/.venv/lib/python3.12/site-packages/gunicorn/arbiter.py", line 713, in spawn_worker
    worker.init_process()
  File "/Users/sunmuchao/Downloads/Her/.venv/lib/python3.12/site-packages/gunicorn/workers/base.py", line 136, in init_process
    self.load_wsgi()
  File "/Users/sunmuchao/Downloads/Her/.venv/lib/python3.12/site-packages/gunicorn/workers/base.py", line 148, in load_wsgi
    self.wsgi = self.app.wsgi()
                ^^^^^^^^^^^^^^^
  File "/Users/sunmuchao/Downloads/Her/.venv/lib/python3.12/site-packages/gunicorn/app/base.py", line 66, in wsgi
    self.callable = self.load()
                    ^^^^^^^^^^^
  File "/Users/sunmuchao/Downloads/Her/.venv/lib/python3.12/site-packages/gunicorn/app/wsgiapp.py", line 57, in load
    return self.load_wsgiapp()
           ^^^^^^^^^^^^^^^^^^^
  File "/Users/sunmuchao/Downloads/Her/.venv/lib/python3.12/site-packages/gunicorn/app/wsgiapp.py", line 47, in load_wsgiapp
    return util.import_app(self.app_uri)
           ^^^^^^^^^^^^^^^^^^^^^^^^^^^^^
  File "/Users/sunmuchao/Downloads/Her/.venv/lib/python3.12/site-packages/gunicorn/util.py", line 411, in import_app
    mod = importlib.import_module(module)
          ^^^^^^^^^^^^^^^^^^^^^^^^^^^^^^^
  File "/usr/local/Cellar/python@3.12/3.12.7_1/Frameworks/Python.framework/Versions/3.12/lib/python3.12/importlib/__init__.py", line 90, in import_module
    return _bootstrap._gcd_import(name[level:], package, level)
           ^^^^^^^^^^^^^^^^^^^^^^^^^^^^^^^^^^^^^^^^^^^^^^^^^^^^
  File "<frozen importlib._bootstrap>", line 1387, in _gcd_import
  File "<frozen importlib._bootstrap>", line 1360, in _find_and_load
  File "<frozen importlib._bootstrap>", line 1331, in _find_and_load_unlocked
  File "<frozen importlib._bootstrap>", line 935, in _load_unlocked
  File "<frozen importlib._bootstrap_external>", line 995, in exec_module
  File "<frozen importlib._bootstrap>", line 488, in _call_with_frames_removed
  File "/Users/sunmuchao/Downloads/Her/external-systems/partner-http-gateway/gateway/app.py", line 395, in <module>
    _default_gateway = PartnerGateway()
                       ^^^^^^^^^^^^^^^^
  File "/Users/sunmuchao/Downloads/Her/external-systems/partner-http-gateway/gateway/app.py", line 108, in __init__
    self._rec_pool = GatewayConnectionPool(self._recommendation_dsn, "recommendation", max_size=pool_n)
                     ^^^^^^^^^^^^^^^^^^^^^^^^^^^^^^^^^^^^^^^^^^^^^^^^^^^^^^^^^^^^^^^^^^^^^^^^^^^^^^^^^^
  File "/Users/sunmuchao/Downloads/Her/external-systems/partner-http-gateway/gateway/mysql_pool.py", line 33, in __init__
    ensure_database(self._cfg)
  File "/Users/sunmuchao/Downloads/Her/outer_system_mysql_schema.py", line 180, in ensure_database
    cursor.execute(
  File "/Users/sunmuchao/Downloads/Her/.venv/lib/python3.12/site-packages/pymysql/cursors.py", line 155, in execute
    query = self.mogrify(query, args)
            ^^^^^^^^^^^^^^^^^^^^^^^^^
  File "/Users/sunmuchao/Downloads/Her/.venv/lib/python3.12/site-packages/pymysql/cursors.py", line 133, in mogrify
    query = query % self._escape_args(args, conn)
            ~~~~~~^~~~~~~~~~~~~~~~~~~~~~~~~~~~~~~
TypeError: not all arguments converted during string formatting
not all arguments converted during string formatting
[2026-05-30 12:45:48 +0800] [23853] [INFO] Worker exiting (pid: 23853)
[2026-05-30 12:45:48 +0800] [23854] [ERROR] Exception in worker process
Traceback (most recent call last):
  File "/Users/sunmuchao/Downloads/Her/.venv/lib/python3.12/site-packages/gunicorn/arbiter.py", line 713, in spawn_worker
    worker.init_process()
  File "/Users/sunmuchao/Downloads/Her/.venv/lib/python3.12/site-packages/gunicorn/workers/base.py", line 136, in init_process
    self.load_wsgi()
  File "/Users/sunmuchao/Downloads/Her/.venv/lib/python3.12/site-packages/gunicorn/workers/base.py", line 148, in load_wsgi
    self.wsgi = self.app.wsgi()
                ^^^^^^^^^^^^^^^
  File "/Users/sunmuchao/Downloads/Her/.venv/lib/python3.12/site-packages/gunicorn/app/base.py", line 66, in wsgi
    self.callable = self.load()
                    ^^^^^^^^^^^
  File "/Users/sunmuchao/Downloads/Her/.venv/lib/python3.12/site-packages/gunicorn/app/wsgiapp.py", line 57, in load
    return self.load_wsgiapp()
           ^^^^^^^^^^^^^^^^^^^
  File "/Users/sunmuchao/Downloads/Her/.venv/lib/python3.12/site-packages/gunicorn/app/wsgiapp.py", line 47, in load_wsgiapp
    return util.import_app(self.app_uri)
           ^^^^^^^^^^^^^^^^^^^^^^^^^^^^^
  File "/Users/sunmuchao/Downloads/Her/.venv/lib/python3.12/site-packages/gunicorn/util.py", line 411, in import_app
    mod = importlib.import_module(module)
          ^^^^^^^^^^^^^^^^^^^^^^^^^^^^^^^
  File "/usr/local/Cellar/python@3.12/3.12.7_1/Frameworks/Python.framework/Versions/3.12/lib/python3.12/importlib/__init__.py", line 90, in import_module
    return _bootstrap._gcd_import(name[level:], package, level)
           ^^^^^^^^^^^^^^^^^^^^^^^^^^^^^^^^^^^^^^^^^^^^^^^^^^^^
  File "<frozen importlib._bootstrap>", line 1387, in _gcd_import
  File "<frozen importlib._bootstrap>", line 1360, in _find_and_load
  File "<frozen importlib._bootstrap>", line 1331, in _find_and_load_unlocked
  File "<frozen importlib._bootstrap>", line 935, in _load_unlocked
  File "<frozen importlib._bootstrap_external>", line 995, in exec_module
  File "<frozen importlib._bootstrap>", line 488, in _call_with_frames_removed
  File "/Users/sunmuchao/Downloads/Her/external-systems/partner-http-gateway/gateway/app.py", line 395, in <module>
    _default_gateway = PartnerGateway()
                       ^^^^^^^^^^^^^^^^
  File "/Users/sunmuchao/Downloads/Her/external-systems/partner-http-gateway/gateway/app.py", line 108, in __init__
    self._rec_pool = GatewayConnectionPool(self._recommendation_dsn, "recommendation", max_size=pool_n)
                     ^^^^^^^^^^^^^^^^^^^^^^^^^^^^^^^^^^^^^^^^^^^^^^^^^^^^^^^^^^^^^^^^^^^^^^^^^^^^^^^^^^
  File "/Users/sunmuchao/Downloads/Her/external-systems/partner-http-gateway/gateway/mysql_pool.py", line 33, in __init__
    ensure_database(self._cfg)
  File "/Users/sunmuchao/Downloads/Her/outer_system_mysql_schema.py", line 180, in ensure_database
    cursor.execute(
  File "/Users/sunmuchao/Downloads/Her/.venv/lib/python3.12/site-packages/pymysql/cursors.py", line 155, in execute
    query = self.mogrify(query, args)
            ^^^^^^^^^^^^^^^^^^^^^^^^^
  File "/Users/sunmuchao/Downloads/Her/.venv/lib/python3.12/site-packages/pymysql/cursors.py", line 133, in mogrify
    query = query % self._escape_args(args, conn)
            ~~~~~~^~~~~~~~~~~~~~~~~~~~~~~~~~~~~~~
TypeError: not all arguments converted during string formatting
not all arguments converted during string formatting
[2026-05-30 12:45:48 +0800] [23854] [INFO] Worker exiting (pid: 23854)
[2026-05-30 12:45:48 +0800] [23855] [ERROR] Exception in worker process
Traceback (most recent call last):
  File "/Users/sunmuchao/Downloads/Her/.venv/lib/python3.12/site-packages/gunicorn/arbiter.py", line 713, in spawn_worker
    worker.init_process()
  File "/Users/sunmuchao/Downloads/Her/.venv/lib/python3.12/site-packages/gunicorn/workers/base.py", line 136, in init_process
    self.load_wsgi()
  File "/Users/sunmuchao/Downloads/Her/.venv/lib/python3.12/site-packages/gunicorn/workers/base.py", line 148, in load_wsgi
    self.wsgi = self.app.wsgi()
                ^^^^^^^^^^^^^^^
  File "/Users/sunmuchao/Downloads/Her/.venv/lib/python3.12/site-packages/gunicorn/app/base.py", line 66, in wsgi
    self.callable = self.load()
                    ^^^^^^^^^^^
  File "/Users/sunmuchao/Downloads/Her/.venv/lib/python3.12/site-packages/gunicorn/app/wsgiapp.py", line 57, in load
    return self.load_wsgiapp()
           ^^^^^^^^^^^^^^^^^^^
  File "/Users/sunmuchao/Downloads/Her/.venv/lib/python3.12/site-packages/gunicorn/app/wsgiapp.py", line 47, in load_wsgiapp
    return util.import_app(self.app_uri)
           ^^^^^^^^^^^^^^^^^^^^^^^^^^^^^
  File "/Users/sunmuchao/Downloads/Her/.venv/lib/python3.12/site-packages/gunicorn/util.py", line 411, in import_app
    mod = importlib.import_module(module)
          ^^^^^^^^^^^^^^^^^^^^^^^^^^^^^^^
  File "/usr/local/Cellar/python@3.12/3.12.7_1/Frameworks/Python.framework/Versions/3.12/lib/python3.12/importlib/__init__.py", line 90, in import_module
    return _bootstrap._gcd_import(name[level:], package, level)
           ^^^^^^^^^^^^^^^^^^^^^^^^^^^^^^^^^^^^^^^^^^^^^^^^^^^^
  File "<frozen importlib._bootstrap>", line 1387, in _gcd_import
  File "<frozen importlib._bootstrap>", line 1360, in _find_and_load
  File "<frozen importlib._bootstrap>", line 1331, in _find_and_load_unlocked
  File "<frozen importlib._bootstrap>", line 935, in _load_unlocked
  File "<frozen importlib._bootstrap_external>", line 995, in exec_module
  File "<frozen importlib._bootstrap>", line 488, in _call_with_frames_removed
  File "/Users/sunmuchao/Downloads/Her/external-systems/partner-http-gateway/gateway/app.py", line 395, in <module>
    _default_gateway = PartnerGateway()
                       ^^^^^^^^^^^^^^^^
  File "/Users/sunmuchao/Downloads/Her/external-systems/partner-http-gateway/gateway/app.py", line 108, in __init__
    self._rec_pool = GatewayConnectionPool(self._recommendation_dsn, "recommendation", max_size=pool_n)
                     ^^^^^^^^^^^^^^^^^^^^^^^^^^^^^^^^^^^^^^^^^^^^^^^^^^^^^^^^^^^^^^^^^^^^^^^^^^^^^^^^^^
  File "/Users/sunmuchao/Downloads/Her/external-systems/partner-http-gateway/gateway/mysql_pool.py", line 33, in __init__
    ensure_database(self._cfg)
  File "/Users/sunmuchao/Downloads/Her/outer_system_mysql_schema.py", line 180, in ensure_database
    cursor.execute(
  File "/Users/sunmuchao/Downloads/Her/.venv/lib/python3.12/site-packages/pymysql/cursors.py", line 155, in execute
    query = self.mogrify(query, args)
            ^^^^^^^^^^^^^^^^^^^^^^^^^
  File "/Users/sunmuchao/Downloads/Her/.venv/lib/python3.12/site-packages/pymysql/cursors.py", line 133, in mogrify
    query = query % self._escape_args(args, conn)
            ~~~~~~^~~~~~~~~~~~~~~~~~~~~~~~~~~~~~~
TypeError: not all arguments converted during string formatting
not all arguments converted during string formatting
[2026-05-30 12:45:48 +0800] [23855] [INFO] Worker exiting (pid: 23855)
[2026-05-30 12:45:48 +0800] [23856] [ERROR] Exception in worker process
Traceback (most recent call last):
  File "/Users/sunmuchao/Downloads/Her/.venv/lib/python3.12/site-packages/gunicorn/arbiter.py", line 713, in spawn_worker
    worker.init_process()
  File "/Users/sunmuchao/Downloads/Her/.venv/lib/python3.12/site-packages/gunicorn/workers/base.py", line 136, in init_process
    self.load_wsgi()
  File "/Users/sunmuchao/Downloads/Her/.venv/lib/python3.12/site-packages/gunicorn/workers/base.py", line 148, in load_wsgi
    self.wsgi = self.app.wsgi()
                ^^^^^^^^^^^^^^^
  File "/Users/sunmuchao/Downloads/Her/.venv/lib/python3.12/site-packages/gunicorn/app/base.py", line 66, in wsgi
    self.callable = self.load()
                    ^^^^^^^^^^^
  File "/Users/sunmuchao/Downloads/Her/.venv/lib/python3.12/site-packages/gunicorn/app/wsgiapp.py", line 57, in load
    return self.load_wsgiapp()
           ^^^^^^^^^^^^^^^^^^^
  File "/Users/sunmuchao/Downloads/Her/.venv/lib/python3.12/site-packages/gunicorn/app/wsgiapp.py", line 47, in load_wsgiapp
    return util.import_app(self.app_uri)
           ^^^^^^^^^^^^^^^^^^^^^^^^^^^^^
  File "/Users/sunmuchao/Downloads/Her/.venv/lib/python3.12/site-packages/gunicorn/util.py", line 411, in import_app
    mod = importlib.import_module(module)
          ^^^^^^^^^^^^^^^^^^^^^^^^^^^^^^^
  File "/usr/local/Cellar/python@3.12/3.12.7_1/Frameworks/Python.framework/Versions/3.12/lib/python3.12/importlib/__init__.py", line 90, in import_module
    return _bootstrap._gcd_import(name[level:], package, level)
           ^^^^^^^^^^^^^^^^^^^^^^^^^^^^^^^^^^^^^^^^^^^^^^^^^^^^
  File "<frozen importlib._bootstrap>", line 1387, in _gcd_import
  File "<frozen importlib._bootstrap>", line 1360, in _find_and_load
  File "<frozen importlib._bootstrap>", line 1331, in _find_and_load_unlocked
  File "<frozen importlib._bootstrap>", line 935, in _load_unlocked
  File "<frozen importlib._bootstrap_external>", line 995, in exec_module
  File "<frozen importlib._bootstrap>", line 488, in _call_with_frames_removed
  File "/Users/sunmuchao/Downloads/Her/external-systems/partner-http-gateway/gateway/app.py", line 395, in <module>
    _default_gateway = PartnerGateway()
                       ^^^^^^^^^^^^^^^^
  File "/Users/sunmuchao/Downloads/Her/external-systems/partner-http-gateway/gateway/app.py", line 108, in __init__
    self._rec_pool = GatewayConnectionPool(self._recommendation_dsn, "recommendation", max_size=pool_n)
                     ^^^^^^^^^^^^^^^^^^^^^^^^^^^^^^^^^^^^^^^^^^^^^^^^^^^^^^^^^^^^^^^^^^^^^^^^^^^^^^^^^^
  File "/Users/sunmuchao/Downloads/Her/external-systems/partner-http-gateway/gateway/mysql_pool.py", line 33, in __init__
    ensure_database(self._cfg)
  File "/Users/sunmuchao/Downloads/Her/outer_system_mysql_schema.py", line 180, in ensure_database
    cursor.execute(
  File "/Users/sunmuchao/Downloads/Her/.venv/lib/python3.12/site-packages/pymysql/cursors.py", line 155, in execute
    query = self.mogrify(query, args)
            ^^^^^^^^^^^^^^^^^^^^^^^^^
  File "/Users/sunmuchao/Downloads/Her/.venv/lib/python3.12/site-packages/pymysql/cursors.py", line 133, in mogrify
    query = query % self._escape_args(args, conn)
            ~~~~~~^~~~~~~~~~~~~~~~~~~~~~~~~~~~~~~
TypeError: not all arguments converted during string formatting
not all arguments converted during string formatting
[2026-05-30 12:45:48 +0800] [23856] [INFO] Worker exiting (pid: 23856)
[2026-05-30 12:45:48 +0800] [23857] [ERROR] Exception in worker process
Traceback (most recent call last):
  File "/Users/sunmuchao/Downloads/Her/.venv/lib/python3.12/site-packages/gunicorn/arbiter.py", line 713, in spawn_worker
    worker.init_process()
  File "/Users/sunmuchao/Downloads/Her/.venv/lib/python3.12/site-packages/gunicorn/workers/base.py", line 136, in init_process
    self.load_wsgi()
  File "/Users/sunmuchao/Downloads/Her/.venv/lib/python3.12/site-packages/gunicorn/workers/base.py", line 148, in load_wsgi
    self.wsgi = self.app.wsgi()
                ^^^^^^^^^^^^^^^
  File "/Users/sunmuchao/Downloads/Her/.venv/lib/python3.12/site-packages/gunicorn/app/base.py", line 66, in wsgi
    self.callable = self.load()
                    ^^^^^^^^^^^
  File "/Users/sunmuchao/Downloads/Her/.venv/lib/python3.12/site-packages/gunicorn/app/wsgiapp.py", line 57, in load
    return self.load_wsgiapp()
           ^^^^^^^^^^^^^^^^^^^
  File "/Users/sunmuchao/Downloads/Her/.venv/lib/python3.12/site-packages/gunicorn/app/wsgiapp.py", line 47, in load_wsgiapp
    return util.import_app(self.app_uri)
           ^^^^^^^^^^^^^^^^^^^^^^^^^^^^^
  File "/Users/sunmuchao/Downloads/Her/.venv/lib/python3.12/site-packages/gunicorn/util.py", line 411, in import_app
    mod = importlib.import_module(module)
          ^^^^^^^^^^^^^^^^^^^^^^^^^^^^^^^
  File "/usr/local/Cellar/python@3.12/3.12.7_1/Frameworks/Python.framework/Versions/3.12/lib/python3.12/importlib/__init__.py", line 90, in import_module
    return _bootstrap._gcd_import(name[level:], package, level)
           ^^^^^^^^^^^^^^^^^^^^^^^^^^^^^^^^^^^^^^^^^^^^^^^^^^^^
  File "<frozen importlib._bootstrap>", line 1387, in _gcd_import
  File "<frozen importlib._bootstrap>", line 1360, in _find_and_load
  File "<frozen importlib._bootstrap>", line 1331, in _find_and_load_unlocked
  File "<frozen importlib._bootstrap>", line 935, in _load_unlocked
  File "<frozen importlib._bootstrap_external>", line 995, in exec_module
  File "<frozen importlib._bootstrap>", line 488, in _call_with_frames_removed
  File "/Users/sunmuchao/Downloads/Her/external-systems/partner-http-gateway/gateway/app.py", line 395, in <module>
    _default_gateway = PartnerGateway()
                       ^^^^^^^^^^^^^^^^
  File "/Users/sunmuchao/Downloads/Her/external-systems/partner-http-gateway/gateway/app.py", line 108, in __init__
    self._rec_pool = GatewayConnectionPool(self._recommendation_dsn, "recommendation", max_size=pool_n)
                     ^^^^^^^^^^^^^^^^^^^^^^^^^^^^^^^^^^^^^^^^^^^^^^^^^^^^^^^^^^^^^^^^^^^^^^^^^^^^^^^^^^
  File "/Users/sunmuchao/Downloads/Her/external-systems/partner-http-gateway/gateway/mysql_pool.py", line 33, in __init__
    ensure_database(self._cfg)
  File "/Users/sunmuchao/Downloads/Her/outer_system_mysql_schema.py", line 180, in ensure_database
    cursor.execute(
  File "/Users/sunmuchao/Downloads/Her/.venv/lib/python3.12/site-packages/pymysql/cursors.py", line 155, in execute
    query = self.mogrify(query, args)
            ^^^^^^^^^^^^^^^^^^^^^^^^^
  File "/Users/sunmuchao/Downloads/Her/.venv/lib/python3.12/site-packages/pymysql/cursors.py", line 133, in mogrify
    query = query % self._escape_args(args, conn)
            ~~~~~~^~~~~~~~~~~~~~~~~~~~~~~~~~~~~~~
TypeError: not all arguments converted during string formatting
not all arguments converted during string formatting
[2026-05-30 12:45:48 +0800] [23857] [INFO] Worker exiting (pid: 23857)
[2026-05-30 12:45:49 +0800] [23858] [ERROR] Exception in worker process
Traceback (most recent call last):
  File "/Users/sunmuchao/Downloads/Her/.venv/lib/python3.12/site-packages/gunicorn/arbiter.py", line 713, in spawn_worker
    worker.init_process()
  File "/Users/sunmuchao/Downloads/Her/.venv/lib/python3.12/site-packages/gunicorn/workers/base.py", line 136, in init_process
    self.load_wsgi()
  File "/Users/sunmuchao/Downloads/Her/.venv/lib/python3.12/site-packages/gunicorn/workers/base.py", line 148, in load_wsgi
    self.wsgi = self.app.wsgi()
                ^^^^^^^^^^^^^^^
  File "/Users/sunmuchao/Downloads/Her/.venv/lib/python3.12/site-packages/gunicorn/app/base.py", line 66, in wsgi
    self.callable = self.load()
                    ^^^^^^^^^^^
  File "/Users/sunmuchao/Downloads/Her/.venv/lib/python3.12/site-packages/gunicorn/app/wsgiapp.py", line 57, in load
    return self.load_wsgiapp()
           ^^^^^^^^^^^^^^^^^^^
  File "/Users/sunmuchao/Downloads/Her/.venv/lib/python3.12/site-packages/gunicorn/app/wsgiapp.py", line 47, in load_wsgiapp
    return util.import_app(self.app_uri)
           ^^^^^^^^^^^^^^^^^^^^^^^^^^^^^
  File "/Users/sunmuchao/Downloads/Her/.venv/lib/python3.12/site-packages/gunicorn/util.py", line 411, in import_app
    mod = importlib.import_module(module)
          ^^^^^^^^^^^^^^^^^^^^^^^^^^^^^^^
  File "/usr/local/Cellar/python@3.12/3.12.7_1/Frameworks/Python.framework/Versions/3.12/lib/python3.12/importlib/__init__.py", line 90, in import_module
    return _bootstrap._gcd_import(name[level:], package, level)
           ^^^^^^^^^^^^^^^^^^^^^^^^^^^^^^^^^^^^^^^^^^^^^^^^^^^^
  File "<frozen importlib._bootstrap>", line 1387, in _gcd_import
  File "<frozen importlib._bootstrap>", line 1360, in _find_and_load
  File "<frozen importlib._bootstrap>", line 1331, in _find_and_load_unlocked
  File "<frozen importlib._bootstrap>", line 935, in _load_unlocked
  File "<frozen importlib._bootstrap_external>", line 995, in exec_module
  File "<frozen importlib._bootstrap>", line 488, in _call_with_frames_removed
  File "/Users/sunmuchao/Downloads/Her/external-systems/partner-http-gateway/gateway/app.py", line 395, in <module>
    _default_gateway = PartnerGateway()
                       ^^^^^^^^^^^^^^^^
  File "/Users/sunmuchao/Downloads/Her/external-systems/partner-http-gateway/gateway/app.py", line 108, in __init__
    self._rec_pool = GatewayConnectionPool(self._recommendation_dsn, "recommendation", max_size=pool_n)
                     ^^^^^^^^^^^^^^^^^^^^^^^^^^^^^^^^^^^^^^^^^^^^^^^^^^^^^^^^^^^^^^^^^^^^^^^^^^^^^^^^^^
  File "/Users/sunmuchao/Downloads/Her/external-systems/partner-http-gateway/gateway/mysql_pool.py", line 33, in __init__
    ensure_database(self._cfg)
  File "/Users/sunmuchao/Downloads/Her/outer_system_mysql_schema.py", line 180, in ensure_database
    cursor.execute(
  File "/Users/sunmuchao/Downloads/Her/.venv/lib/python3.12/site-packages/pymysql/cursors.py", line 155, in execute
    query = self.mogrify(query, args)
            ^^^^^^^^^^^^^^^^^^^^^^^^^
  File "/Users/sunmuchao/Downloads/Her/.venv/lib/python3.12/site-packages/pymysql/cursors.py", line 133, in mogrify
    query = query % self._escape_args(args, conn)
            ~~~~~~^~~~~~~~~~~~~~~~~~~~~~~~~~~~~~~
TypeError: not all arguments converted during string formatting
not all arguments converted during string formatting
[2026-05-30 12:45:49 +0800] [23858] [INFO] Worker exiting (pid: 23858)
[2026-05-30 12:45:49 +0800] [23859] [ERROR] Exception in worker process
Traceback (most recent call last):
  File "/Users/sunmuchao/Downloads/Her/.venv/lib/python3.12/site-packages/gunicorn/arbiter.py", line 713, in spawn_worker
    worker.init_process()
  File "/Users/sunmuchao/Downloads/Her/.venv/lib/python3.12/site-packages/gunicorn/workers/base.py", line 136, in init_process
    self.load_wsgi()
  File "/Users/sunmuchao/Downloads/Her/.venv/lib/python3.12/site-packages/gunicorn/workers/base.py", line 148, in load_wsgi
    self.wsgi = self.app.wsgi()
                ^^^^^^^^^^^^^^^
  File "/Users/sunmuchao/Downloads/Her/.venv/lib/python3.12/site-packages/gunicorn/app/base.py", line 66, in wsgi
    self.callable = self.load()
                    ^^^^^^^^^^^
  File "/Users/sunmuchao/Downloads/Her/.venv/lib/python3.12/site-packages/gunicorn/app/wsgiapp.py", line 57, in load
    return self.load_wsgiapp()
           ^^^^^^^^^^^^^^^^^^^
  File "/Users/sunmuchao/Downloads/Her/.venv/lib/python3.12/site-packages/gunicorn/app/wsgiapp.py", line 47, in load_wsgiapp
    return util.import_app(self.app_uri)
           ^^^^^^^^^^^^^^^^^^^^^^^^^^^^^
  File "/Users/sunmuchao/Downloads/Her/.venv/lib/python3.12/site-packages/gunicorn/util.py", line 411, in import_app
    mod = importlib.import_module(module)
          ^^^^^^^^^^^^^^^^^^^^^^^^^^^^^^^
  File "/usr/local/Cellar/python@3.12/3.12.7_1/Frameworks/Python.framework/Versions/3.12/lib/python3.12/importlib/__init__.py", line 90, in import_module
    return _bootstrap._gcd_import(name[level:], package, level)
           ^^^^^^^^^^^^^^^^^^^^^^^^^^^^^^^^^^^^^^^^^^^^^^^^^^^^
  File "<frozen importlib._bootstrap>", line 1387, in _gcd_import
  File "<frozen importlib._bootstrap>", line 1360, in _find_and_load
  File "<frozen importlib._bootstrap>", line 1331, in _find_and_load_unlocked
  File "<frozen importlib._bootstrap>", line 935, in _load_unlocked
  File "<frozen importlib._bootstrap_external>", line 995, in exec_module
  File "<frozen importlib._bootstrap>", line 488, in _call_with_frames_removed
  File "/Users/sunmuchao/Downloads/Her/external-systems/partner-http-gateway/gateway/app.py", line 395, in <module>
    _default_gateway = PartnerGateway()
                       ^^^^^^^^^^^^^^^^
  File "/Users/sunmuchao/Downloads/Her/external-systems/partner-http-gateway/gateway/app.py", line 108, in __init__
    self._rec_pool = GatewayConnectionPool(self._recommendation_dsn, "recommendation", max_size=pool_n)
                     ^^^^^^^^^^^^^^^^^^^^^^^^^^^^^^^^^^^^^^^^^^^^^^^^^^^^^^^^^^^^^^^^^^^^^^^^^^^^^^^^^^
  File "/Users/sunmuchao/Downloads/Her/external-systems/partner-http-gateway/gateway/mysql_pool.py", line 33, in __init__
    ensure_database(self._cfg)
  File "/Users/sunmuchao/Downloads/Her/outer_system_mysql_schema.py", line 180, in ensure_database
    cursor.execute(
  File "/Users/sunmuchao/Downloads/Her/.venv/lib/python3.12/site-packages/pymysql/cursors.py", line 155, in execute
    query = self.mogrify(query, args)
            ^^^^^^^^^^^^^^^^^^^^^^^^^
  File "/Users/sunmuchao/Downloads/Her/.venv/lib/python3.12/site-packages/pymysql/cursors.py", line 133, in mogrify
    query = query % self._escape_args(args, conn)
            ~~~~~~^~~~~~~~~~~~~~~~~~~~~~~~~~~~~~~
TypeError: not all arguments converted during string formatting
not all arguments converted during string formatting
[2026-05-30 12:45:49 +0800] [23859] [INFO] Worker exiting (pid: 23859)
[2026-05-30 12:45:49 +0800] [23860] [ERROR] Exception in worker process
Traceback (most recent call last):
  File "/Users/sunmuchao/Downloads/Her/.venv/lib/python3.12/site-packages/gunicorn/arbiter.py", line 713, in spawn_worker
    worker.init_process()
  File "/Users/sunmuchao/Downloads/Her/.venv/lib/python3.12/site-packages/gunicorn/workers/base.py", line 136, in init_process
    self.load_wsgi()
  File "/Users/sunmuchao/Downloads/Her/.venv/lib/python3.12/site-packages/gunicorn/workers/base.py", line 148, in load_wsgi
    self.wsgi = self.app.wsgi()
                ^^^^^^^^^^^^^^^
  File "/Users/sunmuchao/Downloads/Her/.venv/lib/python3.12/site-packages/gunicorn/app/base.py", line 66, in wsgi
    self.callable = self.load()
                    ^^^^^^^^^^^
  File "/Users/sunmuchao/Downloads/Her/.venv/lib/python3.12/site-packages/gunicorn/app/wsgiapp.py", line 57, in load
    return self.load_wsgiapp()
           ^^^^^^^^^^^^^^^^^^^
  File "/Users/sunmuchao/Downloads/Her/.venv/lib/python3.12/site-packages/gunicorn/app/wsgiapp.py", line 47, in load_wsgiapp
    return util.import_app(self.app_uri)
           ^^^^^^^^^^^^^^^^^^^^^^^^^^^^^
  File "/Users/sunmuchao/Downloads/Her/.venv/lib/python3.12/site-packages/gunicorn/util.py", line 411, in import_app
    mod = importlib.import_module(module)
          ^^^^^^^^^^^^^^^^^^^^^^^^^^^^^^^
  File "/usr/local/Cellar/python@3.12/3.12.7_1/Frameworks/Python.framework/Versions/3.12/lib/python3.12/importlib/__init__.py", line 90, in import_module
    return _bootstrap._gcd_import(name[level:], package, level)
           ^^^^^^^^^^^^^^^^^^^^^^^^^^^^^^^^^^^^^^^^^^^^^^^^^^^^
  File "<frozen importlib._bootstrap>", line 1387, in _gcd_import
  File "<frozen importlib._bootstrap>", line 1360, in _find_and_load
  File "<frozen importlib._bootstrap>", line 1331, in _find_and_load_unlocked
  File "<frozen importlib._bootstrap>", line 935, in _load_unlocked
  File "<frozen importlib._bootstrap_external>", line 995, in exec_module
  File "<frozen importlib._bootstrap>", line 488, in _call_with_frames_removed
  File "/Users/sunmuchao/Downloads/Her/external-systems/partner-http-gateway/gateway/app.py", line 395, in <module>
    _default_gateway = PartnerGateway()
                       ^^^^^^^^^^^^^^^^
  File "/Users/sunmuchao/Downloads/Her/external-systems/partner-http-gateway/gateway/app.py", line 108, in __init__
    self._rec_pool = GatewayConnectionPool(self._recommendation_dsn, "recommendation", max_size=pool_n)
                     ^^^^^^^^^^^^^^^^^^^^^^^^^^^^^^^^^^^^^^^^^^^^^^^^^^^^^^^^^^^^^^^^^^^^^^^^^^^^^^^^^^
  File "/Users/sunmuchao/Downloads/Her/external-systems/partner-http-gateway/gateway/mysql_pool.py", line 33, in __init__
    ensure_database(self._cfg)
  File "/Users/sunmuchao/Downloads/Her/outer_system_mysql_schema.py", line 180, in ensure_database
    cursor.execute(
  File "/Users/sunmuchao/Downloads/Her/.venv/lib/python3.12/site-packages/pymysql/cursors.py", line 155, in execute
    query = self.mogrify(query, args)
            ^^^^^^^^^^^^^^^^^^^^^^^^^
  File "/Users/sunmuchao/Downloads/Her/.venv/lib/python3.12/site-packages/pymysql/cursors.py", line 133, in mogrify
    query = query % self._escape_args(args, conn)
            ~~~~~~^~~~~~~~~~~~~~~~~~~~~~~~~~~~~~~
TypeError: not all arguments converted during string formatting
not all arguments converted during string formatting
[2026-05-30 12:45:49 +0800] [23860] [INFO] Worker exiting (pid: 23860)
[2026-05-30 12:45:49 +0800] [23861] [ERROR] Exception in worker process
Traceback (most recent call last):
  File "/Users/sunmuchao/Downloads/Her/.venv/lib/python3.12/site-packages/gunicorn/arbiter.py", line 713, in spawn_worker
    worker.init_process()
  File "/Users/sunmuchao/Downloads/Her/.venv/lib/python3.12/site-packages/gunicorn/workers/base.py", line 136, in init_process
    self.load_wsgi()
  File "/Users/sunmuchao/Downloads/Her/.venv/lib/python3.12/site-packages/gunicorn/workers/base.py", line 148, in load_wsgi
    self.wsgi = self.app.wsgi()
                ^^^^^^^^^^^^^^^
  File "/Users/sunmuchao/Downloads/Her/.venv/lib/python3.12/site-packages/gunicorn/app/base.py", line 66, in wsgi
    self.callable = self.load()
                    ^^^^^^^^^^^
  File "/Users/sunmuchao/Downloads/Her/.venv/lib/python3.12/site-packages/gunicorn/app/wsgiapp.py", line 57, in load
    return self.load_wsgiapp()
           ^^^^^^^^^^^^^^^^^^^
  File "/Users/sunmuchao/Downloads/Her/.venv/lib/python3.12/site-packages/gunicorn/app/wsgiapp.py", line 47, in load_wsgiapp
    return util.import_app(self.app_uri)
           ^^^^^^^^^^^^^^^^^^^^^^^^^^^^^
  File "/Users/sunmuchao/Downloads/Her/.venv/lib/python3.12/site-packages/gunicorn/util.py", line 411, in import_app
    mod = importlib.import_module(module)
          ^^^^^^^^^^^^^^^^^^^^^^^^^^^^^^^
  File "/usr/local/Cellar/python@3.12/3.12.7_1/Frameworks/Python.framework/Versions/3.12/lib/python3.12/importlib/__init__.py", line 90, in import_module
    return _bootstrap._gcd_import(name[level:], package, level)
           ^^^^^^^^^^^^^^^^^^^^^^^^^^^^^^^^^^^^^^^^^^^^^^^^^^^^
  File "<frozen importlib._bootstrap>", line 1387, in _gcd_import
  File "<frozen importlib._bootstrap>", line 1360, in _find_and_load
  File "<frozen importlib._bootstrap>", line 1331, in _find_and_load_unlocked
  File "<frozen importlib._bootstrap>", line 935, in _load_unlocked
  File "<frozen importlib._bootstrap_external>", line 995, in exec_module
  File "<frozen importlib._bootstrap>", line 488, in _call_with_frames_removed
  File "/Users/sunmuchao/Downloads/Her/external-systems/partner-http-gateway/gateway/app.py", line 395, in <module>
    _default_gateway = PartnerGateway()
                       ^^^^^^^^^^^^^^^^
  File "/Users/sunmuchao/Downloads/Her/external-systems/partner-http-gateway/gateway/app.py", line 108, in __init__
    self._rec_pool = GatewayConnectionPool(self._recommendation_dsn, "recommendation", max_size=pool_n)
                     ^^^^^^^^^^^^^^^^^^^^^^^^^^^^^^^^^^^^^^^^^^^^^^^^^^^^^^^^^^^^^^^^^^^^^^^^^^^^^^^^^^
  File "/Users/sunmuchao/Downloads/Her/external-systems/partner-http-gateway/gateway/mysql_pool.py", line 33, in __init__
    ensure_database(self._cfg)
  File "/Users/sunmuchao/Downloads/Her/outer_system_mysql_schema.py", line 180, in ensure_database
    cursor.execute(
  File "/Users/sunmuchao/Downloads/Her/.venv/lib/python3.12/site-packages/pymysql/cursors.py", line 155, in execute
    query = self.mogrify(query, args)
            ^^^^^^^^^^^^^^^^^^^^^^^^^
  File "/Users/sunmuchao/Downloads/Her/.venv/lib/python3.12/site-packages/pymysql/cursors.py", line 133, in mogrify
    query = query % self._escape_args(args, conn)
            ~~~~~~^~~~~~~~~~~~~~~~~~~~~~~~~~~~~~~
TypeError: not all arguments converted during string formatting
not all arguments converted during string formatting
[2026-05-30 12:45:49 +0800] [23861] [INFO] Worker exiting (pid: 23861)
[2026-05-30 12:45:49 +0800] [23862] [ERROR] Exception in worker process
Traceback (most recent call last):
  File "/Users/sunmuchao/Downloads/Her/.venv/lib/python3.12/site-packages/gunicorn/arbiter.py", line 713, in spawn_worker
    worker.init_process()
  File "/Users/sunmuchao/Downloads/Her/.venv/lib/python3.12/site-packages/gunicorn/workers/base.py", line 136, in init_process
    self.load_wsgi()
  File "/Users/sunmuchao/Downloads/Her/.venv/lib/python3.12/site-packages/gunicorn/workers/base.py", line 148, in load_wsgi
    self.wsgi = self.app.wsgi()
                ^^^^^^^^^^^^^^^
  File "/Users/sunmuchao/Downloads/Her/.venv/lib/python3.12/site-packages/gunicorn/app/base.py", line 66, in wsgi
    self.callable = self.load()
                    ^^^^^^^^^^^
  File "/Users/sunmuchao/Downloads/Her/.venv/lib/python3.12/site-packages/gunicorn/app/wsgiapp.py", line 57, in load
    return self.load_wsgiapp()
           ^^^^^^^^^^^^^^^^^^^
  File "/Users/sunmuchao/Downloads/Her/.venv/lib/python3.12/site-packages/gunicorn/app/wsgiapp.py", line 47, in load_wsgiapp
    return util.import_app(self.app_uri)
           ^^^^^^^^^^^^^^^^^^^^^^^^^^^^^
  File "/Users/sunmuchao/Downloads/Her/.venv/lib/python3.12/site-packages/gunicorn/util.py", line 411, in import_app
    mod = importlib.import_module(module)
          ^^^^^^^^^^^^^^^^^^^^^^^^^^^^^^^
  File "/usr/local/Cellar/python@3.12/3.12.7_1/Frameworks/Python.framework/Versions/3.12/lib/python3.12/importlib/__init__.py", line 90, in import_module
    return _bootstrap._gcd_import(name[level:], package, level)
           ^^^^^^^^^^^^^^^^^^^^^^^^^^^^^^^^^^^^^^^^^^^^^^^^^^^^
  File "<frozen importlib._bootstrap>", line 1387, in _gcd_import
  File "<frozen importlib._bootstrap>", line 1360, in _find_and_load
  File "<frozen importlib._bootstrap>", line 1331, in _find_and_load_unlocked
  File "<frozen importlib._bootstrap>", line 935, in _load_unlocked
  File "<frozen importlib._bootstrap_external>", line 995, in exec_module
  File "<frozen importlib._bootstrap>", line 488, in _call_with_frames_removed
  File "/Users/sunmuchao/Downloads/Her/external-systems/partner-http-gateway/gateway/app.py", line 395, in <module>
    _default_gateway = PartnerGateway()
                       ^^^^^^^^^^^^^^^^
  File "/Users/sunmuchao/Downloads/Her/external-systems/partner-http-gateway/gateway/app.py", line 108, in __init__
    self._rec_pool = GatewayConnectionPool(self._recommendation_dsn, "recommendation", max_size=pool_n)
                     ^^^^^^^^^^^^^^^^^^^^^^^^^^^^^^^^^^^^^^^^^^^^^^^^^^^^^^^^^^^^^^^^^^^^^^^^^^^^^^^^^^
  File "/Users/sunmuchao/Downloads/Her/external-systems/partner-http-gateway/gateway/mysql_pool.py", line 33, in __init__
    ensure_database(self._cfg)
  File "/Users/sunmuchao/Downloads/Her/outer_system_mysql_schema.py", line 180, in ensure_database
    cursor.execute(
  File "/Users/sunmuchao/Downloads/Her/.venv/lib/python3.12/site-packages/pymysql/cursors.py", line 155, in execute
    query = self.mogrify(query, args)
            ^^^^^^^^^^^^^^^^^^^^^^^^^
  File "/Users/sunmuchao/Downloads/Her/.venv/lib/python3.12/site-packages/pymysql/cursors.py", line 133, in mogrify
    query = query % self._escape_args(args, conn)
            ~~~~~~^~~~~~~~~~~~~~~~~~~~~~~~~~~~~~~
TypeError: not all arguments converted during string formatting
not all arguments converted during string formatting
[2026-05-30 12:45:49 +0800] [23862] [INFO] Worker exiting (pid: 23862)
[2026-05-30 12:45:49 +0800] [23863] [ERROR] Exception in worker process
Traceback (most recent call last):
  File "/Users/sunmuchao/Downloads/Her/.venv/lib/python3.12/site-packages/gunicorn/arbiter.py", line 713, in spawn_worker
    worker.init_process()
  File "/Users/sunmuchao/Downloads/Her/.venv/lib/python3.12/site-packages/gunicorn/workers/base.py", line 136, in init_process
    self.load_wsgi()
  File "/Users/sunmuchao/Downloads/Her/.venv/lib/python3.12/site-packages/gunicorn/workers/base.py", line 148, in load_wsgi
    self.wsgi = self.app.wsgi()
                ^^^^^^^^^^^^^^^
  File "/Users/sunmuchao/Downloads/Her/.venv/lib/python3.12/site-packages/gunicorn/app/base.py", line 66, in wsgi
    self.callable = self.load()
                    ^^^^^^^^^^^
  File "/Users/sunmuchao/Downloads/Her/.venv/lib/python3.12/site-packages/gunicorn/app/wsgiapp.py", line 57, in load
    return self.load_wsgiapp()
           ^^^^^^^^^^^^^^^^^^^
  File "/Users/sunmuchao/Downloads/Her/.venv/lib/python3.12/site-packages/gunicorn/app/wsgiapp.py", line 47, in load_wsgiapp
    return util.import_app(self.app_uri)
           ^^^^^^^^^^^^^^^^^^^^^^^^^^^^^
  File "/Users/sunmuchao/Downloads/Her/.venv/lib/python3.12/site-packages/gunicorn/util.py", line 411, in import_app
    mod = importlib.import_module(module)
          ^^^^^^^^^^^^^^^^^^^^^^^^^^^^^^^
  File "/usr/local/Cellar/python@3.12/3.12.7_1/Frameworks/Python.framework/Versions/3.12/lib/python3.12/importlib/__init__.py", line 90, in import_module
    return _bootstrap._gcd_import(name[level:], package, level)
           ^^^^^^^^^^^^^^^^^^^^^^^^^^^^^^^^^^^^^^^^^^^^^^^^^^^^
  File "<frozen importlib._bootstrap>", line 1387, in _gcd_import
  File "<frozen importlib._bootstrap>", line 1360, in _find_and_load
  File "<frozen importlib._bootstrap>", line 1331, in _find_and_load_unlocked
  File "<frozen importlib._bootstrap>", line 935, in _load_unlocked
  File "<frozen importlib._bootstrap_external>", line 995, in exec_module
  File "<frozen importlib._bootstrap>", line 488, in _call_with_frames_removed
  File "/Users/sunmuchao/Downloads/Her/external-systems/partner-http-gateway/gateway/app.py", line 395, in <module>
    _default_gateway = PartnerGateway()
                       ^^^^^^^^^^^^^^^^
  File "/Users/sunmuchao/Downloads/Her/external-systems/partner-http-gateway/gateway/app.py", line 108, in __init__
    self._rec_pool = GatewayConnectionPool(self._recommendation_dsn, "recommendation", max_size=pool_n)
                     ^^^^^^^^^^^^^^^^^^^^^^^^^^^^^^^^^^^^^^^^^^^^^^^^^^^^^^^^^^^^^^^^^^^^^^^^^^^^^^^^^^
  File "/Users/sunmuchao/Downloads/Her/external-systems/partner-http-gateway/gateway/mysql_pool.py", line 33, in __init__
    ensure_database(self._cfg)
  File "/Users/sunmuchao/Downloads/Her/outer_system_mysql_schema.py", line 180, in ensure_database
    cursor.execute(
  File "/Users/sunmuchao/Downloads/Her/.venv/lib/python3.12/site-packages/pymysql/cursors.py", line 155, in execute
    query = self.mogrify(query, args)
            ^^^^^^^^^^^^^^^^^^^^^^^^^
  File "/Users/sunmuchao/Downloads/Her/.venv/lib/python3.12/site-packages/pymysql/cursors.py", line 133, in mogrify
    query = query % self._escape_args(args, conn)
            ~~~~~~^~~~~~~~~~~~~~~~~~~~~~~~~~~~~~~
TypeError: not all arguments converted during string formatting
not all arguments converted during string formatting
[2026-05-30 12:45:49 +0800] [23863] [INFO] Worker exiting (pid: 23863)
[2026-05-30 12:45:49 +0800] [23864] [ERROR] Exception in worker process
Traceback (most recent call last):
  File "/Users/sunmuchao/Downloads/Her/.venv/lib/python3.12/site-packages/gunicorn/arbiter.py", line 713, in spawn_worker
    worker.init_process()
  File "/Users/sunmuchao/Downloads/Her/.venv/lib/python3.12/site-packages/gunicorn/workers/base.py", line 136, in init_process
    self.load_wsgi()
  File "/Users/sunmuchao/Downloads/Her/.venv/lib/python3.12/site-packages/gunicorn/workers/base.py", line 148, in load_wsgi
    self.wsgi = self.app.wsgi()
                ^^^^^^^^^^^^^^^
  File "/Users/sunmuchao/Downloads/Her/.venv/lib/python3.12/site-packages/gunicorn/app/base.py", line 66, in wsgi
    self.callable = self.load()
                    ^^^^^^^^^^^
  File "/Users/sunmuchao/Downloads/Her/.venv/lib/python3.12/site-packages/gunicorn/app/wsgiapp.py", line 57, in load
    return self.load_wsgiapp()
           ^^^^^^^^^^^^^^^^^^^
  File "/Users/sunmuchao/Downloads/Her/.venv/lib/python3.12/site-packages/gunicorn/app/wsgiapp.py", line 47, in load_wsgiapp
    return util.import_app(self.app_uri)
           ^^^^^^^^^^^^^^^^^^^^^^^^^^^^^
  File "/Users/sunmuchao/Downloads/Her/.venv/lib/python3.12/site-packages/gunicorn/util.py", line 411, in import_app
    mod = importlib.import_module(module)
          ^^^^^^^^^^^^^^^^^^^^^^^^^^^^^^^
  File "/usr/local/Cellar/python@3.12/3.12.7_1/Frameworks/Python.framework/Versions/3.12/lib/python3.12/importlib/__init__.py", line 90, in import_module
    return _bootstrap._gcd_import(name[level:], package, level)
           ^^^^^^^^^^^^^^^^^^^^^^^^^^^^^^^^^^^^^^^^^^^^^^^^^^^^
  File "<frozen importlib._bootstrap>", line 1387, in _gcd_import
  File "<frozen importlib._bootstrap>", line 1360, in _find_and_load
  File "<frozen importlib._bootstrap>", line 1331, in _find_and_load_unlocked
  File "<frozen importlib._bootstrap>", line 935, in _load_unlocked
  File "<frozen importlib._bootstrap_external>", line 995, in exec_module
  File "<frozen importlib._bootstrap>", line 488, in _call_with_frames_removed
  File "/Users/sunmuchao/Downloads/Her/external-systems/partner-http-gateway/gateway/app.py", line 395, in <module>
    _default_gateway = PartnerGateway()
                       ^^^^^^^^^^^^^^^^
  File "/Users/sunmuchao/Downloads/Her/external-systems/partner-http-gateway/gateway/app.py", line 108, in __init__
    self._rec_pool = GatewayConnectionPool(self._recommendation_dsn, "recommendation", max_size=pool_n)
                     ^^^^^^^^^^^^^^^^^^^^^^^^^^^^^^^^^^^^^^^^^^^^^^^^^^^^^^^^^^^^^^^^^^^^^^^^^^^^^^^^^^
  File "/Users/sunmuchao/Downloads/Her/external-systems/partner-http-gateway/gateway/mysql_pool.py", line 33, in __init__
    ensure_database(self._cfg)
  File "/Users/sunmuchao/Downloads/Her/outer_system_mysql_schema.py", line 180, in ensure_database
    cursor.execute(
  File "/Users/sunmuchao/Downloads/Her/.venv/lib/python3.12/site-packages/pymysql/cursors.py", line 155, in execute
    query = self.mogrify(query, args)
            ^^^^^^^^^^^^^^^^^^^^^^^^^
  File "/Users/sunmuchao/Downloads/Her/.venv/lib/python3.12/site-packages/pymysql/cursors.py", line 133, in mogrify
    query = query % self._escape_args(args, conn)
            ~~~~~~^~~~~~~~~~~~~~~~~~~~~~~~~~~~~~~
TypeError: not all arguments converted during string formatting
not all arguments converted during string formatting
[2026-05-30 12:45:49 +0800] [23864] [INFO] Worker exiting (pid: 23864)
[2026-05-30 12:45:49 +0800] [23865] [ERROR] Exception in worker process
Traceback (most recent call last):
  File "/Users/sunmuchao/Downloads/Her/.venv/lib/python3.12/site-packages/gunicorn/arbiter.py", line 713, in spawn_worker
    worker.init_process()
  File "/Users/sunmuchao/Downloads/Her/.venv/lib/python3.12/site-packages/gunicorn/workers/base.py", line 136, in init_process
    self.load_wsgi()
  File "/Users/sunmuchao/Downloads/Her/.venv/lib/python3.12/site-packages/gunicorn/workers/base.py", line 148, in load_wsgi
    self.wsgi = self.app.wsgi()
                ^^^^^^^^^^^^^^^
  File "/Users/sunmuchao/Downloads/Her/.venv/lib/python3.12/site-packages/gunicorn/app/base.py", line 66, in wsgi
    self.callable = self.load()
                    ^^^^^^^^^^^
  File "/Users/sunmuchao/Downloads/Her/.venv/lib/python3.12/site-packages/gunicorn/app/wsgiapp.py", line 57, in load
    return self.load_wsgiapp()
           ^^^^^^^^^^^^^^^^^^^
  File "/Users/sunmuchao/Downloads/Her/.venv/lib/python3.12/site-packages/gunicorn/app/wsgiapp.py", line 47, in load_wsgiapp
    return util.import_app(self.app_uri)
           ^^^^^^^^^^^^^^^^^^^^^^^^^^^^^
  File "/Users/sunmuchao/Downloads/Her/.venv/lib/python3.12/site-packages/gunicorn/util.py", line 411, in import_app
    mod = importlib.import_module(module)
          ^^^^^^^^^^^^^^^^^^^^^^^^^^^^^^^
  File "/usr/local/Cellar/python@3.12/3.12.7_1/Frameworks/Python.framework/Versions/3.12/lib/python3.12/importlib/__init__.py", line 90, in import_module
    return _bootstrap._gcd_import(name[level:], package, level)
           ^^^^^^^^^^^^^^^^^^^^^^^^^^^^^^^^^^^^^^^^^^^^^^^^^^^^
  File "<frozen importlib._bootstrap>", line 1387, in _gcd_import
  File "<frozen importlib._bootstrap>", line 1360, in _find_and_load
  File "<frozen importlib._bootstrap>", line 1331, in _find_and_load_unlocked
  File "<frozen importlib._bootstrap>", line 935, in _load_unlocked
  File "<frozen importlib._bootstrap_external>", line 995, in exec_module
  File "<frozen importlib._bootstrap>", line 488, in _call_with_frames_removed
  File "/Users/sunmuchao/Downloads/Her/external-systems/partner-http-gateway/gateway/app.py", line 395, in <module>
    _default_gateway = PartnerGateway()
                       ^^^^^^^^^^^^^^^^
  File "/Users/sunmuchao/Downloads/Her/external-systems/partner-http-gateway/gateway/app.py", line 108, in __init__
    self._rec_pool = GatewayConnectionPool(self._recommendation_dsn, "recommendation", max_size=pool_n)
                     ^^^^^^^^^^^^^^^^^^^^^^^^^^^^^^^^^^^^^^^^^^^^^^^^^^^^^^^^^^^^^^^^^^^^^^^^^^^^^^^^^^
  File "/Users/sunmuchao/Downloads/Her/external-systems/partner-http-gateway/gateway/mysql_pool.py", line 33, in __init__
    ensure_database(self._cfg)
  File "/Users/sunmuchao/Downloads/Her/outer_system_mysql_schema.py", line 180, in ensure_database
    cursor.execute(
  File "/Users/sunmuchao/Downloads/Her/.venv/lib/python3.12/site-packages/pymysql/cursors.py", line 155, in execute
    query = self.mogrify(query, args)
            ^^^^^^^^^^^^^^^^^^^^^^^^^
  File "/Users/sunmuchao/Downloads/Her/.venv/lib/python3.12/site-packages/pymysql/cursors.py", line 133, in mogrify
    query = query % self._escape_args(args, conn)
            ~~~~~~^~~~~~~~~~~~~~~~~~~~~~~~~~~~~~~
TypeError: not all arguments converted during string formatting
not all arguments converted during string formatting
[2026-05-30 12:45:49 +0800] [23865] [INFO] Worker exiting (pid: 23865)
[2026-05-30 12:45:49 +0800] [23866] [ERROR] Exception in worker process
Traceback (most recent call last):
  File "/Users/sunmuchao/Downloads/Her/.venv/lib/python3.12/site-packages/gunicorn/arbiter.py", line 713, in spawn_worker
    worker.init_process()
  File "/Users/sunmuchao/Downloads/Her/.venv/lib/python3.12/site-packages/gunicorn/workers/base.py", line 136, in init_process
    self.load_wsgi()
  File "/Users/sunmuchao/Downloads/Her/.venv/lib/python3.12/site-packages/gunicorn/workers/base.py", line 148, in load_wsgi
    self.wsgi = self.app.wsgi()
                ^^^^^^^^^^^^^^^
  File "/Users/sunmuchao/Downloads/Her/.venv/lib/python3.12/site-packages/gunicorn/app/base.py", line 66, in wsgi
    self.callable = self.load()
                    ^^^^^^^^^^^
  File "/Users/sunmuchao/Downloads/Her/.venv/lib/python3.12/site-packages/gunicorn/app/wsgiapp.py", line 57, in load
    return self.load_wsgiapp()
           ^^^^^^^^^^^^^^^^^^^
  File "/Users/sunmuchao/Downloads/Her/.venv/lib/python3.12/site-packages/gunicorn/app/wsgiapp.py", line 47, in load_wsgiapp
    return util.import_app(self.app_uri)
           ^^^^^^^^^^^^^^^^^^^^^^^^^^^^^
  File "/Users/sunmuchao/Downloads/Her/.venv/lib/python3.12/site-packages/gunicorn/util.py", line 411, in import_app
    mod = importlib.import_module(module)
          ^^^^^^^^^^^^^^^^^^^^^^^^^^^^^^^
  File "/usr/local/Cellar/python@3.12/3.12.7_1/Frameworks/Python.framework/Versions/3.12/lib/python3.12/importlib/__init__.py", line 90, in import_module
    return _bootstrap._gcd_import(name[level:], package, level)
           ^^^^^^^^^^^^^^^^^^^^^^^^^^^^^^^^^^^^^^^^^^^^^^^^^^^^
  File "<frozen importlib._bootstrap>", line 1387, in _gcd_import
  File "<frozen importlib._bootstrap>", line 1360, in _find_and_load
  File "<frozen importlib._bootstrap>", line 1331, in _find_and_load_unlocked
  File "<frozen importlib._bootstrap>", line 935, in _load_unlocked
  File "<frozen importlib._bootstrap_external>", line 995, in exec_module
  File "<frozen importlib._bootstrap>", line 488, in _call_with_frames_removed
  File "/Users/sunmuchao/Downloads/Her/external-systems/partner-http-gateway/gateway/app.py", line 395, in <module>
    _default_gateway = PartnerGateway()
                       ^^^^^^^^^^^^^^^^
  File "/Users/sunmuchao/Downloads/Her/external-systems/partner-http-gateway/gateway/app.py", line 108, in __init__
    self._rec_pool = GatewayConnectionPool(self._recommendation_dsn, "recommendation", max_size=pool_n)
                     ^^^^^^^^^^^^^^^^^^^^^^^^^^^^^^^^^^^^^^^^^^^^^^^^^^^^^^^^^^^^^^^^^^^^^^^^^^^^^^^^^^
  File "/Users/sunmuchao/Downloads/Her/external-systems/partner-http-gateway/gateway/mysql_pool.py", line 33, in __init__
    ensure_database(self._cfg)
  File "/Users/sunmuchao/Downloads/Her/outer_system_mysql_schema.py", line 180, in ensure_database
    cursor.execute(
  File "/Users/sunmuchao/Downloads/Her/.venv/lib/python3.12/site-packages/pymysql/cursors.py", line 155, in execute
    query = self.mogrify(query, args)
            ^^^^^^^^^^^^^^^^^^^^^^^^^
  File "/Users/sunmuchao/Downloads/Her/.venv/lib/python3.12/site-packages/pymysql/cursors.py", line 133, in mogrify
    query = query % self._escape_args(args, conn)
            ~~~~~~^~~~~~~~~~~~~~~~~~~~~~~~~~~~~~~
TypeError: not all arguments converted during string formatting
not all arguments converted during string formatting
[2026-05-30 12:45:49 +0800] [23866] [INFO] Worker exiting (pid: 23866)
[2026-05-30 12:45:49 +0800] [23867] [ERROR] Exception in worker process
Traceback (most recent call last):
  File "/Users/sunmuchao/Downloads/Her/.venv/lib/python3.12/site-packages/gunicorn/arbiter.py", line 713, in spawn_worker
    worker.init_process()
  File "/Users/sunmuchao/Downloads/Her/.venv/lib/python3.12/site-packages/gunicorn/workers/base.py", line 136, in init_process
    self.load_wsgi()
  File "/Users/sunmuchao/Downloads/Her/.venv/lib/python3.12/site-packages/gunicorn/workers/base.py", line 148, in load_wsgi
    self.wsgi = self.app.wsgi()
                ^^^^^^^^^^^^^^^
  File "/Users/sunmuchao/Downloads/Her/.venv/lib/python3.12/site-packages/gunicorn/app/base.py", line 66, in wsgi
    self.callable = self.load()
                    ^^^^^^^^^^^
  File "/Users/sunmuchao/Downloads/Her/.venv/lib/python3.12/site-packages/gunicorn/app/wsgiapp.py", line 57, in load
    return self.load_wsgiapp()
           ^^^^^^^^^^^^^^^^^^^
  File "/Users/sunmuchao/Downloads/Her/.venv/lib/python3.12/site-packages/gunicorn/app/wsgiapp.py", line 47, in load_wsgiapp
    return util.import_app(self.app_uri)
           ^^^^^^^^^^^^^^^^^^^^^^^^^^^^^
  File "/Users/sunmuchao/Downloads/Her/.venv/lib/python3.12/site-packages/gunicorn/util.py", line 411, in import_app
    mod = importlib.import_module(module)
          ^^^^^^^^^^^^^^^^^^^^^^^^^^^^^^^
  File "/usr/local/Cellar/python@3.12/3.12.7_1/Frameworks/Python.framework/Versions/3.12/lib/python3.12/importlib/__init__.py", line 90, in import_module
    return _bootstrap._gcd_import(name[level:], package, level)
           ^^^^^^^^^^^^^^^^^^^^^^^^^^^^^^^^^^^^^^^^^^^^^^^^^^^^
  File "<frozen importlib._bootstrap>", line 1387, in _gcd_import
  File "<frozen importlib._bootstrap>", line 1360, in _find_and_load
  File "<frozen importlib._bootstrap>", line 1331, in _find_and_load_unlocked
  File "<frozen importlib._bootstrap>", line 935, in _load_unlocked
  File "<frozen importlib._bootstrap_external>", line 995, in exec_module
  File "<frozen importlib._bootstrap>", line 488, in _call_with_frames_removed
  File "/Users/sunmuchao/Downloads/Her/external-systems/partner-http-gateway/gateway/app.py", line 395, in <module>
    _default_gateway = PartnerGateway()
                       ^^^^^^^^^^^^^^^^
  File "/Users/sunmuchao/Downloads/Her/external-systems/partner-http-gateway/gateway/app.py", line 108, in __init__
    self._rec_pool = GatewayConnectionPool(self._recommendation_dsn, "recommendation", max_size=pool_n)
                     ^^^^^^^^^^^^^^^^^^^^^^^^^^^^^^^^^^^^^^^^^^^^^^^^^^^^^^^^^^^^^^^^^^^^^^^^^^^^^^^^^^
  File "/Users/sunmuchao/Downloads/Her/external-systems/partner-http-gateway/gateway/mysql_pool.py", line 33, in __init__
    ensure_database(self._cfg)
  File "/Users/sunmuchao/Downloads/Her/outer_system_mysql_schema.py", line 180, in ensure_database
    cursor.execute(
  File "/Users/sunmuchao/Downloads/Her/.venv/lib/python3.12/site-packages/pymysql/cursors.py", line 155, in execute
    query = self.mogrify(query, args)
            ^^^^^^^^^^^^^^^^^^^^^^^^^
  File "/Users/sunmuchao/Downloads/Her/.venv/lib/python3.12/site-packages/pymysql/cursors.py", line 133, in mogrify
    query = query % self._escape_args(args, conn)
            ~~~~~~^~~~~~~~~~~~~~~~~~~~~~~~~~~~~~~
TypeError: not all arguments converted during string formatting
not all arguments converted during string formatting
[2026-05-30 12:45:49 +0800] [23867] [INFO] Worker exiting (pid: 23867)
[2026-05-30 12:45:49 +0800] [23868] [ERROR] Exception in worker process
Traceback (most recent call last):
  File "/Users/sunmuchao/Downloads/Her/.venv/lib/python3.12/site-packages/gunicorn/arbiter.py", line 713, in spawn_worker
    worker.init_process()
  File "/Users/sunmuchao/Downloads/Her/.venv/lib/python3.12/site-packages/gunicorn/workers/base.py", line 136, in init_process
    self.load_wsgi()
  File "/Users/sunmuchao/Downloads/Her/.venv/lib/python3.12/site-packages/gunicorn/workers/base.py", line 148, in load_wsgi
    self.wsgi = self.app.wsgi()
                ^^^^^^^^^^^^^^^
  File "/Users/sunmuchao/Downloads/Her/.venv/lib/python3.12/site-packages/gunicorn/app/base.py", line 66, in wsgi
    self.callable = self.load()
                    ^^^^^^^^^^^
  File "/Users/sunmuchao/Downloads/Her/.venv/lib/python3.12/site-packages/gunicorn/app/wsgiapp.py", line 57, in load
    return self.load_wsgiapp()
           ^^^^^^^^^^^^^^^^^^^
  File "/Users/sunmuchao/Downloads/Her/.venv/lib/python3.12/site-packages/gunicorn/app/wsgiapp.py", line 47, in load_wsgiapp
    return util.import_app(self.app_uri)
           ^^^^^^^^^^^^^^^^^^^^^^^^^^^^^
  File "/Users/sunmuchao/Downloads/Her/.venv/lib/python3.12/site-packages/gunicorn/util.py", line 411, in import_app
    mod = importlib.import_module(module)
          ^^^^^^^^^^^^^^^^^^^^^^^^^^^^^^^
  File "/usr/local/Cellar/python@3.12/3.12.7_1/Frameworks/Python.framework/Versions/3.12/lib/python3.12/importlib/__init__.py", line 90, in import_module
    return _bootstrap._gcd_import(name[level:], package, level)
           ^^^^^^^^^^^^^^^^^^^^^^^^^^^^^^^^^^^^^^^^^^^^^^^^^^^^
  File "<frozen importlib._bootstrap>", line 1387, in _gcd_import
  File "<frozen importlib._bootstrap>", line 1360, in _find_and_load
  File "<frozen importlib._bootstrap>", line 1331, in _find_and_load_unlocked
  File "<frozen importlib._bootstrap>", line 935, in _load_unlocked
  File "<frozen importlib._bootstrap_external>", line 995, in exec_module
  File "<frozen importlib._bootstrap>", line 488, in _call_with_frames_removed
  File "/Users/sunmuchao/Downloads/Her/external-systems/partner-http-gateway/gateway/app.py", line 395, in <module>
    _default_gateway = PartnerGateway()
                       ^^^^^^^^^^^^^^^^
  File "/Users/sunmuchao/Downloads/Her/external-systems/partner-http-gateway/gateway/app.py", line 108, in __init__
    self._rec_pool = GatewayConnectionPool(self._recommendation_dsn, "recommendation", max_size=pool_n)
                     ^^^^^^^^^^^^^^^^^^^^^^^^^^^^^^^^^^^^^^^^^^^^^^^^^^^^^^^^^^^^^^^^^^^^^^^^^^^^^^^^^^
  File "/Users/sunmuchao/Downloads/Her/external-systems/partner-http-gateway/gateway/mysql_pool.py", line 33, in __init__
    ensure_database(self._cfg)
  File "/Users/sunmuchao/Downloads/Her/outer_system_mysql_schema.py", line 180, in ensure_database
    cursor.execute(
  File "/Users/sunmuchao/Downloads/Her/.venv/lib/python3.12/site-packages/pymysql/cursors.py", line 155, in execute
    query = self.mogrify(query, args)
            ^^^^^^^^^^^^^^^^^^^^^^^^^
  File "/Users/sunmuchao/Downloads/Her/.venv/lib/python3.12/site-packages/pymysql/cursors.py", line 133, in mogrify
    query = query % self._escape_args(args, conn)
            ~~~~~~^~~~~~~~~~~~~~~~~~~~~~~~~~~~~~~
TypeError: not all arguments converted during string formatting
not all arguments converted during string formatting
[2026-05-30 12:45:49 +0800] [23868] [INFO] Worker exiting (pid: 23868)
[2026-05-30 12:51:30 +0800] [24482] [INFO] Starting gunicorn 26.0.0
[2026-05-30 12:51:30 +0800] [24482] [INFO] Listening at: http://127.0.0.1:8765 (24482)
[2026-05-30 12:51:30 +0800] [24482] [INFO] Using worker: sync
[2026-05-30 12:51:30 +0800] [24484] [INFO] Booting worker with pid: 24484
[2026-05-30 12:51:30 +0800] [24485] [INFO] Booting worker with pid: 24485
[2026-05-30 12:51:31 +0800] [24486] [INFO] Booting worker with pid: 24486
[2026-05-30 12:51:31 +0800] [24487] [INFO] Booting worker with pid: 24487
[2026-05-30 12:51:31 +0800] [24488] [INFO] Booting worker with pid: 24488
[2026-05-30 12:51:31 +0800] [24489] [INFO] Booting worker with pid: 24489
[2026-05-30 12:51:31 +0800] [24490] [INFO] Booting worker with pid: 24490
[2026-05-30 12:51:31 +0800] [24484] [ERROR] Exception in worker process
Traceback (most recent call last):
  File "/Users/sunmuchao/Downloads/Her/.venv/lib/python3.12/site-packages/gunicorn/arbiter.py", line 713, in spawn_worker
    worker.init_process()
  File "/Users/sunmuchao/Downloads/Her/.venv/lib/python3.12/site-packages/gunicorn/workers/base.py", line 136, in init_process
    self.load_wsgi()
  File "/Users/sunmuchao/Downloads/Her/.venv/lib/python3.12/site-packages/gunicorn/workers/base.py", line 148, in load_wsgi
    self.wsgi = self.app.wsgi()
                ^^^^^^^^^^^^^^^
  File "/Users/sunmuchao/Downloads/Her/.venv/lib/python3.12/site-packages/gunicorn/app/base.py", line 66, in wsgi
    self.callable = self.load()
                    ^^^^^^^^^^^
  File "/Users/sunmuchao/Downloads/Her/.venv/lib/python3.12/site-packages/gunicorn/app/wsgiapp.py", line 57, in load
    return self.load_wsgiapp()
           ^^^^^^^^^^^^^^^^^^^
  File "/Users/sunmuchao/Downloads/Her/.venv/lib/python3.12/site-packages/gunicorn/app/wsgiapp.py", line 47, in load_wsgiapp
    return util.import_app(self.app_uri)
           ^^^^^^^^^^^^^^^^^^^^^^^^^^^^^
  File "/Users/sunmuchao/Downloads/Her/.venv/lib/python3.12/site-packages/gunicorn/util.py", line 411, in import_app
    mod = importlib.import_module(module)
          ^^^^^^^^^^^^^^^^^^^^^^^^^^^^^^^
  File "/usr/local/Cellar/python@3.12/3.12.7_1/Frameworks/Python.framework/Versions/3.12/lib/python3.12/importlib/__init__.py", line 90, in import_module
    return _bootstrap._gcd_import(name[level:], package, level)
           ^^^^^^^^^^^^^^^^^^^^^^^^^^^^^^^^^^^^^^^^^^^^^^^^^^^^
  File "<frozen importlib._bootstrap>", line 1387, in _gcd_import
  File "<frozen importlib._bootstrap>", line 1360, in _find_and_load
  File "<frozen importlib._bootstrap>", line 1331, in _find_and_load_unlocked
  File "<frozen importlib._bootstrap>", line 935, in _load_unlocked
  File "<frozen importlib._bootstrap_external>", line 995, in exec_module
  File "<frozen importlib._bootstrap>", line 488, in _call_with_frames_removed
  File "/Users/sunmuchao/Downloads/Her/external-systems/partner-http-gateway/gateway/app.py", line 395, in <module>
    _default_gateway = PartnerGateway()
                       ^^^^^^^^^^^^^^^^
  File "/Users/sunmuchao/Downloads/Her/external-systems/partner-http-gateway/gateway/app.py", line 108, in __init__
    self._rec_pool = GatewayConnectionPool(self._recommendation_dsn, "recommendation", max_size=pool_n)
                     ^^^^^^^^^^^^^^^^^^^^^^^^^^^^^^^^^^^^^^^^^^^^^^^^^^^^^^^^^^^^^^^^^^^^^^^^^^^^^^^^^^
  File "/Users/sunmuchao/Downloads/Her/external-systems/partner-http-gateway/gateway/mysql_pool.py", line 33, in __init__
    ensure_database(self._cfg)
  File "/Users/sunmuchao/Downloads/Her/outer_system_mysql_schema.py", line 180, in ensure_database
    cursor.execute(
  File "/Users/sunmuchao/Downloads/Her/.venv/lib/python3.12/site-packages/pymysql/cursors.py", line 155, in execute
    query = self.mogrify(query, args)
            ^^^^^^^^^^^^^^^^^^^^^^^^^
  File "/Users/sunmuchao/Downloads/Her/.venv/lib/python3.12/site-packages/pymysql/cursors.py", line 133, in mogrify
    query = query % self._escape_args(args, conn)
            ~~~~~~^~~~~~~~~~~~~~~~~~~~~~~~~~~~~~~
TypeError: not all arguments converted during string formatting
not all arguments converted during string formatting
[2026-05-30 12:51:31 +0800] [24484] [INFO] Worker exiting (pid: 24484)
[2026-05-30 12:51:31 +0800] [24485] [ERROR] Exception in worker process
Traceback (most recent call last):
  File "/Users/sunmuchao/Downloads/Her/.venv/lib/python3.12/site-packages/gunicorn/arbiter.py", line 713, in spawn_worker
    worker.init_process()
  File "/Users/sunmuchao/Downloads/Her/.venv/lib/python3.12/site-packages/gunicorn/workers/base.py", line 136, in init_process
    self.load_wsgi()
  File "/Users/sunmuchao/Downloads/Her/.venv/lib/python3.12/site-packages/gunicorn/workers/base.py", line 148, in load_wsgi
    self.wsgi = self.app.wsgi()
                ^^^^^^^^^^^^^^^
  File "/Users/sunmuchao/Downloads/Her/.venv/lib/python3.12/site-packages/gunicorn/app/base.py", line 66, in wsgi
    self.callable = self.load()
                    ^^^^^^^^^^^
  File "/Users/sunmuchao/Downloads/Her/.venv/lib/python3.12/site-packages/gunicorn/app/wsgiapp.py", line 57, in load
    return self.load_wsgiapp()
           ^^^^^^^^^^^^^^^^^^^
  File "/Users/sunmuchao/Downloads/Her/.venv/lib/python3.12/site-packages/gunicorn/app/wsgiapp.py", line 47, in load_wsgiapp
    return util.import_app(self.app_uri)
           ^^^^^^^^^^^^^^^^^^^^^^^^^^^^^
  File "/Users/sunmuchao/Downloads/Her/.venv/lib/python3.12/site-packages/gunicorn/util.py", line 411, in import_app
    mod = importlib.import_module(module)
          ^^^^^^^^^^^^^^^^^^^^^^^^^^^^^^^
  File "/usr/local/Cellar/python@3.12/3.12.7_1/Frameworks/Python.framework/Versions/3.12/lib/python3.12/importlib/__init__.py", line 90, in import_module
    return _bootstrap._gcd_import(name[level:], package, level)
           ^^^^^^^^^^^^^^^^^^^^^^^^^^^^^^^^^^^^^^^^^^^^^^^^^^^^
  File "<frozen importlib._bootstrap>", line 1387, in _gcd_import
  File "<frozen importlib._bootstrap>", line 1360, in _find_and_load
  File "<frozen importlib._bootstrap>", line 1331, in _find_and_load_unlocked
  File "<frozen importlib._bootstrap>", line 935, in _load_unlocked
  File "<frozen importlib._bootstrap_external>", line 995, in exec_module
  File "<frozen importlib._bootstrap>", line 488, in _call_with_frames_removed
  File "/Users/sunmuchao/Downloads/Her/external-systems/partner-http-gateway/gateway/app.py", line 395, in <module>
    _default_gateway = PartnerGateway()
                       ^^^^^^^^^^^^^^^^
  File "/Users/sunmuchao/Downloads/Her/external-systems/partner-http-gateway/gateway/app.py", line 108, in __init__
    self._rec_pool = GatewayConnectionPool(self._recommendation_dsn, "recommendation", max_size=pool_n)
                     ^^^^^^^^^^^^^^^^^^^^^^^^^^^^^^^^^^^^^^^^^^^^^^^^^^^^^^^^^^^^^^^^^^^^^^^^^^^^^^^^^^
  File "/Users/sunmuchao/Downloads/Her/external-systems/partner-http-gateway/gateway/mysql_pool.py", line 33, in __init__
    ensure_database(self._cfg)
  File "/Users/sunmuchao/Downloads/Her/outer_system_mysql_schema.py", line 180, in ensure_database
    cursor.execute(
  File "/Users/sunmuchao/Downloads/Her/.venv/lib/python3.12/site-packages/pymysql/cursors.py", line 155, in execute
    query = self.mogrify(query, args)
            ^^^^^^^^^^^^^^^^^^^^^^^^^
  File "/Users/sunmuchao/Downloads/Her/.venv/lib/python3.12/site-packages/pymysql/cursors.py", line 133, in mogrify
    query = query % self._escape_args(args, conn)
            ~~~~~~^~~~~~~~~~~~~~~~~~~~~~~~~~~~~~~
TypeError: not all arguments converted during string formatting
not all arguments converted during string formatting
[2026-05-30 12:51:31 +0800] [24485] [INFO] Worker exiting (pid: 24485)
[2026-05-30 12:51:31 +0800] [24491] [INFO] Booting worker with pid: 24491
[2026-05-30 12:51:31 +0800] [24492] [INFO] Booting worker with pid: 24492
[2026-05-30 12:51:31 +0800] [24486] [ERROR] Exception in worker process
Traceback (most recent call last):
  File "/Users/sunmuchao/Downloads/Her/.venv/lib/python3.12/site-packages/gunicorn/arbiter.py", line 713, in spawn_worker
    worker.init_process()
  File "/Users/sunmuchao/Downloads/Her/.venv/lib/python3.12/site-packages/gunicorn/workers/base.py", line 136, in init_process
    self.load_wsgi()
  File "/Users/sunmuchao/Downloads/Her/.venv/lib/python3.12/site-packages/gunicorn/workers/base.py", line 148, in load_wsgi
    self.wsgi = self.app.wsgi()
                ^^^^^^^^^^^^^^^
  File "/Users/sunmuchao/Downloads/Her/.venv/lib/python3.12/site-packages/gunicorn/app/base.py", line 66, in wsgi
    self.callable = self.load()
                    ^^^^^^^^^^^
  File "/Users/sunmuchao/Downloads/Her/.venv/lib/python3.12/site-packages/gunicorn/app/wsgiapp.py", line 57, in load
    return self.load_wsgiapp()
           ^^^^^^^^^^^^^^^^^^^
  File "/Users/sunmuchao/Downloads/Her/.venv/lib/python3.12/site-packages/gunicorn/app/wsgiapp.py", line 47, in load_wsgiapp
    return util.import_app(self.app_uri)
           ^^^^^^^^^^^^^^^^^^^^^^^^^^^^^
  File "/Users/sunmuchao/Downloads/Her/.venv/lib/python3.12/site-packages/gunicorn/util.py", line 411, in import_app
    mod = importlib.import_module(module)
          ^^^^^^^^^^^^^^^^^^^^^^^^^^^^^^^
  File "/usr/local/Cellar/python@3.12/3.12.7_1/Frameworks/Python.framework/Versions/3.12/lib/python3.12/importlib/__init__.py", line 90, in import_module
    return _bootstrap._gcd_import(name[level:], package, level)
           ^^^^^^^^^^^^^^^^^^^^^^^^^^^^^^^^^^^^^^^^^^^^^^^^^^^^
  File "<frozen importlib._bootstrap>", line 1387, in _gcd_import
  File "<frozen importlib._bootstrap>", line 1360, in _find_and_load
  File "<frozen importlib._bootstrap>", line 1331, in _find_and_load_unlocked
  File "<frozen importlib._bootstrap>", line 935, in _load_unlocked
  File "<frozen importlib._bootstrap_external>", line 995, in exec_module
  File "<frozen importlib._bootstrap>", line 488, in _call_with_frames_removed
  File "/Users/sunmuchao/Downloads/Her/external-systems/partner-http-gateway/gateway/app.py", line 395, in <module>
    _default_gateway = PartnerGateway()
                       ^^^^^^^^^^^^^^^^
  File "/Users/sunmuchao/Downloads/Her/external-systems/partner-http-gateway/gateway/app.py", line 108, in __init__
    self._rec_pool = GatewayConnectionPool(self._recommendation_dsn, "recommendation", max_size=pool_n)
                     ^^^^^^^^^^^^^^^^^^^^^^^^^^^^^^^^^^^^^^^^^^^^^^^^^^^^^^^^^^^^^^^^^^^^^^^^^^^^^^^^^^
  File "/Users/sunmuchao/Downloads/Her/external-systems/partner-http-gateway/gateway/mysql_pool.py", line 33, in __init__
    ensure_database(self._cfg)
  File "/Users/sunmuchao/Downloads/Her/outer_system_mysql_schema.py", line 180, in ensure_database
    cursor.execute(
  File "/Users/sunmuchao/Downloads/Her/.venv/lib/python3.12/site-packages/pymysql/cursors.py", line 155, in execute
    query = self.mogrify(query, args)
            ^^^^^^^^^^^^^^^^^^^^^^^^^
  File "/Users/sunmuchao/Downloads/Her/.venv/lib/python3.12/site-packages/pymysql/cursors.py", line 133, in mogrify
    query = query % self._escape_args(args, conn)
            ~~~~~~^~~~~~~~~~~~~~~~~~~~~~~~~~~~~~~
TypeError: not all arguments converted during string formatting
not all arguments converted during string formatting
[2026-05-30 12:51:31 +0800] [24486] [INFO] Worker exiting (pid: 24486)
[2026-05-30 12:51:31 +0800] [24493] [INFO] Booting worker with pid: 24493
[2026-05-30 12:51:31 +0800] [24494] [INFO] Booting worker with pid: 24494
[2026-05-30 12:51:31 +0800] [24495] [INFO] Booting worker with pid: 24495
[2026-05-30 12:51:31 +0800] [24496] [INFO] Booting worker with pid: 24496
[2026-05-30 12:51:31 +0800] [24497] [INFO] Booting worker with pid: 24497
[2026-05-30 12:51:31 +0800] [24487] [ERROR] Exception in worker process
Traceback (most recent call last):
  File "/Users/sunmuchao/Downloads/Her/.venv/lib/python3.12/site-packages/gunicorn/arbiter.py", line 713, in spawn_worker
    worker.init_process()
  File "/Users/sunmuchao/Downloads/Her/.venv/lib/python3.12/site-packages/gunicorn/workers/base.py", line 136, in init_process
    self.load_wsgi()
  File "/Users/sunmuchao/Downloads/Her/.venv/lib/python3.12/site-packages/gunicorn/workers/base.py", line 148, in load_wsgi
    self.wsgi = self.app.wsgi()
                ^^^^^^^^^^^^^^^
  File "/Users/sunmuchao/Downloads/Her/.venv/lib/python3.12/site-packages/gunicorn/app/base.py", line 66, in wsgi
    self.callable = self.load()
                    ^^^^^^^^^^^
  File "/Users/sunmuchao/Downloads/Her/.venv/lib/python3.12/site-packages/gunicorn/app/wsgiapp.py", line 57, in load
    return self.load_wsgiapp()
           ^^^^^^^^^^^^^^^^^^^
  File "/Users/sunmuchao/Downloads/Her/.venv/lib/python3.12/site-packages/gunicorn/app/wsgiapp.py", line 47, in load_wsgiapp
    return util.import_app(self.app_uri)
           ^^^^^^^^^^^^^^^^^^^^^^^^^^^^^
  File "/Users/sunmuchao/Downloads/Her/.venv/lib/python3.12/site-packages/gunicorn/util.py", line 411, in import_app
    mod = importlib.import_module(module)
          ^^^^^^^^^^^^^^^^^^^^^^^^^^^^^^^
  File "/usr/local/Cellar/python@3.12/3.12.7_1/Frameworks/Python.framework/Versions/3.12/lib/python3.12/importlib/__init__.py", line 90, in import_module
    return _bootstrap._gcd_import(name[level:], package, level)
           ^^^^^^^^^^^^^^^^^^^^^^^^^^^^^^^^^^^^^^^^^^^^^^^^^^^^
  File "<frozen importlib._bootstrap>", line 1387, in _gcd_import
  File "<frozen importlib._bootstrap>", line 1360, in _find_and_load
  File "<frozen importlib._bootstrap>", line 1331, in _find_and_load_unlocked
  File "<frozen importlib._bootstrap>", line 935, in _load_unlocked
  File "<frozen importlib._bootstrap_external>", line 995, in exec_module
  File "<frozen importlib._bootstrap>", line 488, in _call_with_frames_removed
  File "/Users/sunmuchao/Downloads/Her/external-systems/partner-http-gateway/gateway/app.py", line 395, in <module>
    _default_gateway = PartnerGateway()
                       ^^^^^^^^^^^^^^^^
  File "/Users/sunmuchao/Downloads/Her/external-systems/partner-http-gateway/gateway/app.py", line 108, in __init__
    self._rec_pool = GatewayConnectionPool(self._recommendation_dsn, "recommendation", max_size=pool_n)
                     ^^^^^^^^^^^^^^^^^^^^^^^^^^^^^^^^^^^^^^^^^^^^^^^^^^^^^^^^^^^^^^^^^^^^^^^^^^^^^^^^^^
  File "/Users/sunmuchao/Downloads/Her/external-systems/partner-http-gateway/gateway/mysql_pool.py", line 33, in __init__
    ensure_database(self._cfg)
  File "/Users/sunmuchao/Downloads/Her/outer_system_mysql_schema.py", line 180, in ensure_database
    cursor.execute(
  File "/Users/sunmuchao/Downloads/Her/.venv/lib/python3.12/site-packages/pymysql/cursors.py", line 155, in execute
    query = self.mogrify(query, args)
            ^^^^^^^^^^^^^^^^^^^^^^^^^
  File "/Users/sunmuchao/Downloads/Her/.venv/lib/python3.12/site-packages/pymysql/cursors.py", line 133, in mogrify
    query = query % self._escape_args(args, conn)
            ~~~~~~^~~~~~~~~~~~~~~~~~~~~~~~~~~~~~~
TypeError: not all arguments converted during string formatting
not all arguments converted during string formatting
[2026-05-30 12:51:31 +0800] [24487] [INFO] Worker exiting (pid: 24487)
[2026-05-30 12:51:31 +0800] [24488] [ERROR] Exception in worker process
Traceback (most recent call last):
  File "/Users/sunmuchao/Downloads/Her/.venv/lib/python3.12/site-packages/gunicorn/arbiter.py", line 713, in spawn_worker
    worker.init_process()
  File "/Users/sunmuchao/Downloads/Her/.venv/lib/python3.12/site-packages/gunicorn/workers/base.py", line 136, in init_process
    self.load_wsgi()
  File "/Users/sunmuchao/Downloads/Her/.venv/lib/python3.12/site-packages/gunicorn/workers/base.py", line 148, in load_wsgi
    self.wsgi = self.app.wsgi()
                ^^^^^^^^^^^^^^^
  File "/Users/sunmuchao/Downloads/Her/.venv/lib/python3.12/site-packages/gunicorn/app/base.py", line 66, in wsgi
    self.callable = self.load()
                    ^^^^^^^^^^^
  File "/Users/sunmuchao/Downloads/Her/.venv/lib/python3.12/site-packages/gunicorn/app/wsgiapp.py", line 57, in load
    return self.load_wsgiapp()
           ^^^^^^^^^^^^^^^^^^^
  File "/Users/sunmuchao/Downloads/Her/.venv/lib/python3.12/site-packages/gunicorn/app/wsgiapp.py", line 47, in load_wsgiapp
    return util.import_app(self.app_uri)
           ^^^^^^^^^^^^^^^^^^^^^^^^^^^^^
  File "/Users/sunmuchao/Downloads/Her/.venv/lib/python3.12/site-packages/gunicorn/util.py", line 411, in import_app
    mod = importlib.import_module(module)
          ^^^^^^^^^^^^^^^^^^^^^^^^^^^^^^^
  File "/usr/local/Cellar/python@3.12/3.12.7_1/Frameworks/Python.framework/Versions/3.12/lib/python3.12/importlib/__init__.py", line 90, in import_module
    return _bootstrap._gcd_import(name[level:], package, level)
           ^^^^^^^^^^^^^^^^^^^^^^^^^^^^^^^^^^^^^^^^^^^^^^^^^^^^
  File "<frozen importlib._bootstrap>", line 1387, in _gcd_import
  File "<frozen importlib._bootstrap>", line 1360, in _find_and_load
  File "<frozen importlib._bootstrap>", line 1331, in _find_and_load_unlocked
  File "<frozen importlib._bootstrap>", line 935, in _load_unlocked
  File "<frozen importlib._bootstrap_external>", line 995, in exec_module
  File "<frozen importlib._bootstrap>", line 488, in _call_with_frames_removed
  File "/Users/sunmuchao/Downloads/Her/external-systems/partner-http-gateway/gateway/app.py", line 395, in <module>
    _default_gateway = PartnerGateway()
                       ^^^^^^^^^^^^^^^^
  File "/Users/sunmuchao/Downloads/Her/external-systems/partner-http-gateway/gateway/app.py", line 108, in __init__
    self._rec_pool = GatewayConnectionPool(self._recommendation_dsn, "recommendation", max_size=pool_n)
                     ^^^^^^^^^^^^^^^^^^^^^^^^^^^^^^^^^^^^^^^^^^^^^^^^^^^^^^^^^^^^^^^^^^^^^^^^^^^^^^^^^^
  File "/Users/sunmuchao/Downloads/Her/external-systems/partner-http-gateway/gateway/mysql_pool.py", line 33, in __init__
    ensure_database(self._cfg)
  File "/Users/sunmuchao/Downloads/Her/outer_system_mysql_schema.py", line 180, in ensure_database
    cursor.execute(
  File "/Users/sunmuchao/Downloads/Her/.venv/lib/python3.12/site-packages/pymysql/cursors.py", line 155, in execute
    query = self.mogrify(query, args)
            ^^^^^^^^^^^^^^^^^^^^^^^^^
  File "/Users/sunmuchao/Downloads/Her/.venv/lib/python3.12/site-packages/pymysql/cursors.py", line 133, in mogrify
    query = query % self._escape_args(args, conn)
            ~~~~~~^~~~~~~~~~~~~~~~~~~~~~~~~~~~~~~
TypeError: not all arguments converted during string formatting
not all arguments converted during string formatting
[2026-05-30 12:51:31 +0800] [24488] [INFO] Worker exiting (pid: 24488)
[2026-05-30 12:51:31 +0800] [24498] [INFO] Booting worker with pid: 24498
[2026-05-30 12:51:31 +0800] [24500] [INFO] Booting worker with pid: 24500
[2026-05-30 12:51:31 +0800] [24499] [INFO] Booting worker with pid: 24499
[2026-05-30 12:51:31 +0800] [24502] [INFO] Booting worker with pid: 24502
[2026-05-30 12:51:31 +0800] [24503] [INFO] Booting worker with pid: 24503
[2026-05-30 12:51:31 +0800] [24504] [INFO] Booting worker with pid: 24504
[2026-05-30 12:51:31 +0800] [24505] [INFO] Booting worker with pid: 24505
[2026-05-30 12:51:32 +0800] [24506] [INFO] Booting worker with pid: 24506
[2026-05-30 12:51:32 +0800] [24489] [ERROR] Exception in worker process
Traceback (most recent call last):
  File "/Users/sunmuchao/Downloads/Her/.venv/lib/python3.12/site-packages/gunicorn/arbiter.py", line 713, in spawn_worker
    worker.init_process()
  File "/Users/sunmuchao/Downloads/Her/.venv/lib/python3.12/site-packages/gunicorn/workers/base.py", line 136, in init_process
    self.load_wsgi()
  File "/Users/sunmuchao/Downloads/Her/.venv/lib/python3.12/site-packages/gunicorn/workers/base.py", line 148, in load_wsgi
    self.wsgi = self.app.wsgi()
                ^^^^^^^^^^^^^^^
  File "/Users/sunmuchao/Downloads/Her/.venv/lib/python3.12/site-packages/gunicorn/app/base.py", line 66, in wsgi
    self.callable = self.load()
                    ^^^^^^^^^^^
  File "/Users/sunmuchao/Downloads/Her/.venv/lib/python3.12/site-packages/gunicorn/app/wsgiapp.py", line 57, in load
    return self.load_wsgiapp()
           ^^^^^^^^^^^^^^^^^^^
  File "/Users/sunmuchao/Downloads/Her/.venv/lib/python3.12/site-packages/gunicorn/app/wsgiapp.py", line 47, in load_wsgiapp
    return util.import_app(self.app_uri)
           ^^^^^^^^^^^^^^^^^^^^^^^^^^^^^
  File "/Users/sunmuchao/Downloads/Her/.venv/lib/python3.12/site-packages/gunicorn/util.py", line 411, in import_app
    mod = importlib.import_module(module)
          ^^^^^^^^^^^^^^^^^^^^^^^^^^^^^^^
  File "/usr/local/Cellar/python@3.12/3.12.7_1/Frameworks/Python.framework/Versions/3.12/lib/python3.12/importlib/__init__.py", line 90, in import_module
    return _bootstrap._gcd_import(name[level:], package, level)
           ^^^^^^^^^^^^^^^^^^^^^^^^^^^^^^^^^^^^^^^^^^^^^^^^^^^^
  File "<frozen importlib._bootstrap>", line 1387, in _gcd_import
  File "<frozen importlib._bootstrap>", line 1360, in _find_and_load
  File "<frozen importlib._bootstrap>", line 1331, in _find_and_load_unlocked
  File "<frozen importlib._bootstrap>", line 935, in _load_unlocked
  File "<frozen importlib._bootstrap_external>", line 995, in exec_module
  File "<frozen importlib._bootstrap>", line 488, in _call_with_frames_removed
  File "/Users/sunmuchao/Downloads/Her/external-systems/partner-http-gateway/gateway/app.py", line 395, in <module>
    _default_gateway = PartnerGateway()
                       ^^^^^^^^^^^^^^^^
  File "/Users/sunmuchao/Downloads/Her/external-systems/partner-http-gateway/gateway/app.py", line 108, in __init__
    self._rec_pool = GatewayConnectionPool(self._recommendation_dsn, "recommendation", max_size=pool_n)
                     ^^^^^^^^^^^^^^^^^^^^^^^^^^^^^^^^^^^^^^^^^^^^^^^^^^^^^^^^^^^^^^^^^^^^^^^^^^^^^^^^^^
  File "/Users/sunmuchao/Downloads/Her/external-systems/partner-http-gateway/gateway/mysql_pool.py", line 33, in __init__
    ensure_database(self._cfg)
  File "/Users/sunmuchao/Downloads/Her/outer_system_mysql_schema.py", line 180, in ensure_database
    cursor.execute(
  File "/Users/sunmuchao/Downloads/Her/.venv/lib/python3.12/site-packages/pymysql/cursors.py", line 155, in execute
    query = self.mogrify(query, args)
            ^^^^^^^^^^^^^^^^^^^^^^^^^
  File "/Users/sunmuchao/Downloads/Her/.venv/lib/python3.12/site-packages/pymysql/cursors.py", line 133, in mogrify
    query = query % self._escape_args(args, conn)
            ~~~~~~^~~~~~~~~~~~~~~~~~~~~~~~~~~~~~~
TypeError: not all arguments converted during string formatting
not all arguments converted during string formatting
[2026-05-30 12:51:32 +0800] [24489] [INFO] Worker exiting (pid: 24489)
[2026-05-30 12:51:32 +0800] [24508] [INFO] Booting worker with pid: 24508
[2026-05-30 12:51:32 +0800] [24509] [INFO] Booting worker with pid: 24509
[2026-05-30 12:51:32 +0800] [24510] [INFO] Booting worker with pid: 24510
[2026-05-30 12:51:32 +0800] [24482] [ERROR] Worker (pid:24488) exited with code 3.
[2026-05-30 12:51:32 +0800] [24482] [INFO] Control socket listening at /Users/sunmuchao/.gunicorn/gunicorn.ctl
[2026-05-30 12:51:32 +0800] [24490] [ERROR] Exception in worker process
Traceback (most recent call last):
  File "/Users/sunmuchao/Downloads/Her/.venv/lib/python3.12/site-packages/gunicorn/arbiter.py", line 713, in spawn_worker
    worker.init_process()
  File "/Users/sunmuchao/Downloads/Her/.venv/lib/python3.12/site-packages/gunicorn/workers/base.py", line 136, in init_process
    self.load_wsgi()
  File "/Users/sunmuchao/Downloads/Her/.venv/lib/python3.12/site-packages/gunicorn/workers/base.py", line 148, in load_wsgi
    self.wsgi = self.app.wsgi()
                ^^^^^^^^^^^^^^^
  File "/Users/sunmuchao/Downloads/Her/.venv/lib/python3.12/site-packages/gunicorn/app/base.py", line 66, in wsgi
    self.callable = self.load()
                    ^^^^^^^^^^^
  File "/Users/sunmuchao/Downloads/Her/.venv/lib/python3.12/site-packages/gunicorn/app/wsgiapp.py", line 57, in load
    return self.load_wsgiapp()
           ^^^^^^^^^^^^^^^^^^^
  File "/Users/sunmuchao/Downloads/Her/.venv/lib/python3.12/site-packages/gunicorn/app/wsgiapp.py", line 47, in load_wsgiapp
    return util.import_app(self.app_uri)
           ^^^^^^^^^^^^^^^^^^^^^^^^^^^^^
  File "/Users/sunmuchao/Downloads/Her/.venv/lib/python3.12/site-packages/gunicorn/util.py", line 411, in import_app
    mod = importlib.import_module(module)
          ^^^^^^^^^^^^^^^^^^^^^^^^^^^^^^^
  File "/usr/local/Cellar/python@3.12/3.12.7_1/Frameworks/Python.framework/Versions/3.12/lib/python3.12/importlib/__init__.py", line 90, in import_module
    return _bootstrap._gcd_import(name[level:], package, level)
           ^^^^^^^^^^^^^^^^^^^^^^^^^^^^^^^^^^^^^^^^^^^^^^^^^^^^
  File "<frozen importlib._bootstrap>", line 1387, in _gcd_import
  File "<frozen importlib._bootstrap>", line 1360, in _find_and_load
  File "<frozen importlib._bootstrap>", line 1331, in _find_and_load_unlocked
  File "<frozen importlib._bootstrap>", line 935, in _load_unlocked
  File "<frozen importlib._bootstrap_external>", line 995, in exec_module
  File "<frozen importlib._bootstrap>", line 488, in _call_with_frames_removed
  File "/Users/sunmuchao/Downloads/Her/external-systems/partner-http-gateway/gateway/app.py", line 395, in <module>
    _default_gateway = PartnerGateway()
                       ^^^^^^^^^^^^^^^^
  File "/Users/sunmuchao/Downloads/Her/external-systems/partner-http-gateway/gateway/app.py", line 108, in __init__
    self._rec_pool = GatewayConnectionPool(self._recommendation_dsn, "recommendation", max_size=pool_n)
                     ^^^^^^^^^^^^^^^^^^^^^^^^^^^^^^^^^^^^^^^^^^^^^^^^^^^^^^^^^^^^^^^^^^^^^^^^^^^^^^^^^^
  File "/Users/sunmuchao/Downloads/Her/external-systems/partner-http-gateway/gateway/mysql_pool.py", line 33, in __init__
    ensure_database(self._cfg)
  File "/Users/sunmuchao/Downloads/Her/outer_system_mysql_schema.py", line 180, in ensure_database
    cursor.execute(
  File "/Users/sunmuchao/Downloads/Her/.venv/lib/python3.12/site-packages/pymysql/cursors.py", line 155, in execute
    query = self.mogrify(query, args)
            ^^^^^^^^^^^^^^^^^^^^^^^^^
  File "/Users/sunmuchao/Downloads/Her/.venv/lib/python3.12/site-packages/pymysql/cursors.py", line 133, in mogrify
    query = query % self._escape_args(args, conn)
            ~~~~~~^~~~~~~~~~~~~~~~~~~~~~~~~~~~~~~
TypeError: not all arguments converted during string formatting
not all arguments converted during string formatting
[2026-05-30 12:51:32 +0800] [24490] [INFO] Worker exiting (pid: 24490)
[2026-05-30 12:51:32 +0800] [24491] [ERROR] Exception in worker process
Traceback (most recent call last):
  File "/Users/sunmuchao/Downloads/Her/.venv/lib/python3.12/site-packages/gunicorn/arbiter.py", line 713, in spawn_worker
    worker.init_process()
  File "/Users/sunmuchao/Downloads/Her/.venv/lib/python3.12/site-packages/gunicorn/workers/base.py", line 136, in init_process
    self.load_wsgi()
  File "/Users/sunmuchao/Downloads/Her/.venv/lib/python3.12/site-packages/gunicorn/workers/base.py", line 148, in load_wsgi
    self.wsgi = self.app.wsgi()
                ^^^^^^^^^^^^^^^
  File "/Users/sunmuchao/Downloads/Her/.venv/lib/python3.12/site-packages/gunicorn/app/base.py", line 66, in wsgi
    self.callable = self.load()
                    ^^^^^^^^^^^
  File "/Users/sunmuchao/Downloads/Her/.venv/lib/python3.12/site-packages/gunicorn/app/wsgiapp.py", line 57, in load
    return self.load_wsgiapp()
           ^^^^^^^^^^^^^^^^^^^
  File "/Users/sunmuchao/Downloads/Her/.venv/lib/python3.12/site-packages/gunicorn/app/wsgiapp.py", line 47, in load_wsgiapp
    return util.import_app(self.app_uri)
           ^^^^^^^^^^^^^^^^^^^^^^^^^^^^^
  File "/Users/sunmuchao/Downloads/Her/.venv/lib/python3.12/site-packages/gunicorn/util.py", line 411, in import_app
    mod = importlib.import_module(module)
          ^^^^^^^^^^^^^^^^^^^^^^^^^^^^^^^
  File "/usr/local/Cellar/python@3.12/3.12.7_1/Frameworks/Python.framework/Versions/3.12/lib/python3.12/importlib/__init__.py", line 90, in import_module
    return _bootstrap._gcd_import(name[level:], package, level)
           ^^^^^^^^^^^^^^^^^^^^^^^^^^^^^^^^^^^^^^^^^^^^^^^^^^^^
  File "<frozen importlib._bootstrap>", line 1387, in _gcd_import
  File "<frozen importlib._bootstrap>", line 1360, in _find_and_load
  File "<frozen importlib._bootstrap>", line 1331, in _find_and_load_unlocked
  File "<frozen importlib._bootstrap>", line 935, in _load_unlocked
  File "<frozen importlib._bootstrap_external>", line 995, in exec_module
  File "<frozen importlib._bootstrap>", line 488, in _call_with_frames_removed
  File "/Users/sunmuchao/Downloads/Her/external-systems/partner-http-gateway/gateway/app.py", line 395, in <module>
    _default_gateway = PartnerGateway()
                       ^^^^^^^^^^^^^^^^
  File "/Users/sunmuchao/Downloads/Her/external-systems/partner-http-gateway/gateway/app.py", line 108, in __init__
    self._rec_pool = GatewayConnectionPool(self._recommendation_dsn, "recommendation", max_size=pool_n)
                     ^^^^^^^^^^^^^^^^^^^^^^^^^^^^^^^^^^^^^^^^^^^^^^^^^^^^^^^^^^^^^^^^^^^^^^^^^^^^^^^^^^
  File "/Users/sunmuchao/Downloads/Her/external-systems/partner-http-gateway/gateway/mysql_pool.py", line 33, in __init__
    ensure_database(self._cfg)
  File "/Users/sunmuchao/Downloads/Her/outer_system_mysql_schema.py", line 180, in ensure_database
    cursor.execute(
  File "/Users/sunmuchao/Downloads/Her/.venv/lib/python3.12/site-packages/pymysql/cursors.py", line 155, in execute
    query = self.mogrify(query, args)
            ^^^^^^^^^^^^^^^^^^^^^^^^^
  File "/Users/sunmuchao/Downloads/Her/.venv/lib/python3.12/site-packages/pymysql/cursors.py", line 133, in mogrify
    query = query % self._escape_args(args, conn)
            ~~~~~~^~~~~~~~~~~~~~~~~~~~~~~~~~~~~~~
TypeError: not all arguments converted during string formatting
not all arguments converted during string formatting
[2026-05-30 12:51:32 +0800] [24491] [INFO] Worker exiting (pid: 24491)
[2026-05-30 12:51:32 +0800] [24492] [ERROR] Exception in worker process
Traceback (most recent call last):
  File "/Users/sunmuchao/Downloads/Her/.venv/lib/python3.12/site-packages/gunicorn/arbiter.py", line 713, in spawn_worker
    worker.init_process()
  File "/Users/sunmuchao/Downloads/Her/.venv/lib/python3.12/site-packages/gunicorn/workers/base.py", line 136, in init_process
    self.load_wsgi()
  File "/Users/sunmuchao/Downloads/Her/.venv/lib/python3.12/site-packages/gunicorn/workers/base.py", line 148, in load_wsgi
    self.wsgi = self.app.wsgi()
                ^^^^^^^^^^^^^^^
  File "/Users/sunmuchao/Downloads/Her/.venv/lib/python3.12/site-packages/gunicorn/app/base.py", line 66, in wsgi
    self.callable = self.load()
                    ^^^^^^^^^^^
  File "/Users/sunmuchao/Downloads/Her/.venv/lib/python3.12/site-packages/gunicorn/app/wsgiapp.py", line 57, in load
    return self.load_wsgiapp()
           ^^^^^^^^^^^^^^^^^^^
  File "/Users/sunmuchao/Downloads/Her/.venv/lib/python3.12/site-packages/gunicorn/app/wsgiapp.py", line 47, in load_wsgiapp
    return util.import_app(self.app_uri)
           ^^^^^^^^^^^^^^^^^^^^^^^^^^^^^
  File "/Users/sunmuchao/Downloads/Her/.venv/lib/python3.12/site-packages/gunicorn/util.py", line 411, in import_app
    mod = importlib.import_module(module)
          ^^^^^^^^^^^^^^^^^^^^^^^^^^^^^^^
  File "/usr/local/Cellar/python@3.12/3.12.7_1/Frameworks/Python.framework/Versions/3.12/lib/python3.12/importlib/__init__.py", line 90, in import_module
    return _bootstrap._gcd_import(name[level:], package, level)
           ^^^^^^^^^^^^^^^^^^^^^^^^^^^^^^^^^^^^^^^^^^^^^^^^^^^^
  File "<frozen importlib._bootstrap>", line 1387, in _gcd_import
  File "<frozen importlib._bootstrap>", line 1360, in _find_and_load
  File "<frozen importlib._bootstrap>", line 1331, in _find_and_load_unlocked
  File "<frozen importlib._bootstrap>", line 935, in _load_unlocked
  File "<frozen importlib._bootstrap_external>", line 995, in exec_module
  File "<frozen importlib._bootstrap>", line 488, in _call_with_frames_removed
  File "/Users/sunmuchao/Downloads/Her/external-systems/partner-http-gateway/gateway/app.py", line 395, in <module>
    _default_gateway = PartnerGateway()
                       ^^^^^^^^^^^^^^^^
  File "/Users/sunmuchao/Downloads/Her/external-systems/partner-http-gateway/gateway/app.py", line 108, in __init__
    self._rec_pool = GatewayConnectionPool(self._recommendation_dsn, "recommendation", max_size=pool_n)
                     ^^^^^^^^^^^^^^^^^^^^^^^^^^^^^^^^^^^^^^^^^^^^^^^^^^^^^^^^^^^^^^^^^^^^^^^^^^^^^^^^^^
  File "/Users/sunmuchao/Downloads/Her/external-systems/partner-http-gateway/gateway/mysql_pool.py", line 33, in __init__
    ensure_database(self._cfg)
  File "/Users/sunmuchao/Downloads/Her/outer_system_mysql_schema.py", line 180, in ensure_database
    cursor.execute(
  File "/Users/sunmuchao/Downloads/Her/.venv/lib/python3.12/site-packages/pymysql/cursors.py", line 155, in execute
    query = self.mogrify(query, args)
            ^^^^^^^^^^^^^^^^^^^^^^^^^
  File "/Users/sunmuchao/Downloads/Her/.venv/lib/python3.12/site-packages/pymysql/cursors.py", line 133, in mogrify
    query = query % self._escape_args(args, conn)
            ~~~~~~^~~~~~~~~~~~~~~~~~~~~~~~~~~~~~~
TypeError: not all arguments converted during string formatting
not all arguments converted during string formatting
[2026-05-30 12:51:32 +0800] [24492] [INFO] Worker exiting (pid: 24492)
[2026-05-30 12:51:33 +0800] [24493] [ERROR] Exception in worker process
Traceback (most recent call last):
  File "/Users/sunmuchao/Downloads/Her/.venv/lib/python3.12/site-packages/gunicorn/arbiter.py", line 713, in spawn_worker
    worker.init_process()
  File "/Users/sunmuchao/Downloads/Her/.venv/lib/python3.12/site-packages/gunicorn/workers/base.py", line 136, in init_process
    self.load_wsgi()
  File "/Users/sunmuchao/Downloads/Her/.venv/lib/python3.12/site-packages/gunicorn/workers/base.py", line 148, in load_wsgi
    self.wsgi = self.app.wsgi()
                ^^^^^^^^^^^^^^^
  File "/Users/sunmuchao/Downloads/Her/.venv/lib/python3.12/site-packages/gunicorn/app/base.py", line 66, in wsgi
    self.callable = self.load()
                    ^^^^^^^^^^^
  File "/Users/sunmuchao/Downloads/Her/.venv/lib/python3.12/site-packages/gunicorn/app/wsgiapp.py", line 57, in load
    return self.load_wsgiapp()
           ^^^^^^^^^^^^^^^^^^^
  File "/Users/sunmuchao/Downloads/Her/.venv/lib/python3.12/site-packages/gunicorn/app/wsgiapp.py", line 47, in load_wsgiapp
    return util.import_app(self.app_uri)
           ^^^^^^^^^^^^^^^^^^^^^^^^^^^^^
  File "/Users/sunmuchao/Downloads/Her/.venv/lib/python3.12/site-packages/gunicorn/util.py", line 411, in import_app
    mod = importlib.import_module(module)
          ^^^^^^^^^^^^^^^^^^^^^^^^^^^^^^^
  File "/usr/local/Cellar/python@3.12/3.12.7_1/Frameworks/Python.framework/Versions/3.12/lib/python3.12/importlib/__init__.py", line 90, in import_module
    return _bootstrap._gcd_import(name[level:], package, level)
           ^^^^^^^^^^^^^^^^^^^^^^^^^^^^^^^^^^^^^^^^^^^^^^^^^^^^
  File "<frozen importlib._bootstrap>", line 1387, in _gcd_import
  File "<frozen importlib._bootstrap>", line 1360, in _find_and_load
  File "<frozen importlib._bootstrap>", line 1331, in _find_and_load_unlocked
  File "<frozen importlib._bootstrap>", line 935, in _load_unlocked
  File "<frozen importlib._bootstrap_external>", line 995, in exec_module
  File "<frozen importlib._bootstrap>", line 488, in _call_with_frames_removed
  File "/Users/sunmuchao/Downloads/Her/external-systems/partner-http-gateway/gateway/app.py", line 395, in <module>
    _default_gateway = PartnerGateway()
                       ^^^^^^^^^^^^^^^^
  File "/Users/sunmuchao/Downloads/Her/external-systems/partner-http-gateway/gateway/app.py", line 108, in __init__
    self._rec_pool = GatewayConnectionPool(self._recommendation_dsn, "recommendation", max_size=pool_n)
                     ^^^^^^^^^^^^^^^^^^^^^^^^^^^^^^^^^^^^^^^^^^^^^^^^^^^^^^^^^^^^^^^^^^^^^^^^^^^^^^^^^^
  File "/Users/sunmuchao/Downloads/Her/external-systems/partner-http-gateway/gateway/mysql_pool.py", line 33, in __init__
    ensure_database(self._cfg)
  File "/Users/sunmuchao/Downloads/Her/outer_system_mysql_schema.py", line 180, in ensure_database
    cursor.execute(
  File "/Users/sunmuchao/Downloads/Her/.venv/lib/python3.12/site-packages/pymysql/cursors.py", line 155, in execute
    query = self.mogrify(query, args)
            ^^^^^^^^^^^^^^^^^^^^^^^^^
  File "/Users/sunmuchao/Downloads/Her/.venv/lib/python3.12/site-packages/pymysql/cursors.py", line 133, in mogrify
    query = query % self._escape_args(args, conn)
            ~~~~~~^~~~~~~~~~~~~~~~~~~~~~~~~~~~~~~
TypeError: not all arguments converted during string formatting
not all arguments converted during string formatting
[2026-05-30 12:51:33 +0800] [24493] [INFO] Worker exiting (pid: 24493)
[2026-05-30 12:51:33 +0800] [24494] [ERROR] Exception in worker process
Traceback (most recent call last):
  File "/Users/sunmuchao/Downloads/Her/.venv/lib/python3.12/site-packages/gunicorn/arbiter.py", line 713, in spawn_worker
    worker.init_process()
  File "/Users/sunmuchao/Downloads/Her/.venv/lib/python3.12/site-packages/gunicorn/workers/base.py", line 136, in init_process
    self.load_wsgi()
  File "/Users/sunmuchao/Downloads/Her/.venv/lib/python3.12/site-packages/gunicorn/workers/base.py", line 148, in load_wsgi
    self.wsgi = self.app.wsgi()
                ^^^^^^^^^^^^^^^
  File "/Users/sunmuchao/Downloads/Her/.venv/lib/python3.12/site-packages/gunicorn/app/base.py", line 66, in wsgi
    self.callable = self.load()
                    ^^^^^^^^^^^
  File "/Users/sunmuchao/Downloads/Her/.venv/lib/python3.12/site-packages/gunicorn/app/wsgiapp.py", line 57, in load
    return self.load_wsgiapp()
           ^^^^^^^^^^^^^^^^^^^
  File "/Users/sunmuchao/Downloads/Her/.venv/lib/python3.12/site-packages/gunicorn/app/wsgiapp.py", line 47, in load_wsgiapp
    return util.import_app(self.app_uri)
           ^^^^^^^^^^^^^^^^^^^^^^^^^^^^^
  File "/Users/sunmuchao/Downloads/Her/.venv/lib/python3.12/site-packages/gunicorn/util.py", line 411, in import_app
    mod = importlib.import_module(module)
          ^^^^^^^^^^^^^^^^^^^^^^^^^^^^^^^
  File "/usr/local/Cellar/python@3.12/3.12.7_1/Frameworks/Python.framework/Versions/3.12/lib/python3.12/importlib/__init__.py", line 90, in import_module
    return _bootstrap._gcd_import(name[level:], package, level)
           ^^^^^^^^^^^^^^^^^^^^^^^^^^^^^^^^^^^^^^^^^^^^^^^^^^^^
  File "<frozen importlib._bootstrap>", line 1387, in _gcd_import
  File "<frozen importlib._bootstrap>", line 1360, in _find_and_load
  File "<frozen importlib._bootstrap>", line 1331, in _find_and_load_unlocked
  File "<frozen importlib._bootstrap>", line 935, in _load_unlocked
  File "<frozen importlib._bootstrap_external>", line 995, in exec_module
  File "<frozen importlib._bootstrap>", line 488, in _call_with_frames_removed
  File "/Users/sunmuchao/Downloads/Her/external-systems/partner-http-gateway/gateway/app.py", line 395, in <module>
    _default_gateway = PartnerGateway()
                       ^^^^^^^^^^^^^^^^
  File "/Users/sunmuchao/Downloads/Her/external-systems/partner-http-gateway/gateway/app.py", line 108, in __init__
    self._rec_pool = GatewayConnectionPool(self._recommendation_dsn, "recommendation", max_size=pool_n)
                     ^^^^^^^^^^^^^^^^^^^^^^^^^^^^^^^^^^^^^^^^^^^^^^^^^^^^^^^^^^^^^^^^^^^^^^^^^^^^^^^^^^
  File "/Users/sunmuchao/Downloads/Her/external-systems/partner-http-gateway/gateway/mysql_pool.py", line 33, in __init__
    ensure_database(self._cfg)
  File "/Users/sunmuchao/Downloads/Her/outer_system_mysql_schema.py", line 180, in ensure_database
    cursor.execute(
  File "/Users/sunmuchao/Downloads/Her/.venv/lib/python3.12/site-packages/pymysql/cursors.py", line 155, in execute
    query = self.mogrify(query, args)
            ^^^^^^^^^^^^^^^^^^^^^^^^^
  File "/Users/sunmuchao/Downloads/Her/.venv/lib/python3.12/site-packages/pymysql/cursors.py", line 133, in mogrify
    query = query % self._escape_args(args, conn)
            ~~~~~~^~~~~~~~~~~~~~~~~~~~~~~~~~~~~~~
TypeError: not all arguments converted during string formatting
not all arguments converted during string formatting
[2026-05-30 12:51:33 +0800] [24494] [INFO] Worker exiting (pid: 24494)
[2026-05-30 12:51:33 +0800] [24495] [ERROR] Exception in worker process
Traceback (most recent call last):
  File "/Users/sunmuchao/Downloads/Her/.venv/lib/python3.12/site-packages/gunicorn/arbiter.py", line 713, in spawn_worker
    worker.init_process()
  File "/Users/sunmuchao/Downloads/Her/.venv/lib/python3.12/site-packages/gunicorn/workers/base.py", line 136, in init_process
    self.load_wsgi()
  File "/Users/sunmuchao/Downloads/Her/.venv/lib/python3.12/site-packages/gunicorn/workers/base.py", line 148, in load_wsgi
    self.wsgi = self.app.wsgi()
                ^^^^^^^^^^^^^^^
  File "/Users/sunmuchao/Downloads/Her/.venv/lib/python3.12/site-packages/gunicorn/app/base.py", line 66, in wsgi
    self.callable = self.load()
                    ^^^^^^^^^^^
  File "/Users/sunmuchao/Downloads/Her/.venv/lib/python3.12/site-packages/gunicorn/app/wsgiapp.py", line 57, in load
    return self.load_wsgiapp()
           ^^^^^^^^^^^^^^^^^^^
  File "/Users/sunmuchao/Downloads/Her/.venv/lib/python3.12/site-packages/gunicorn/app/wsgiapp.py", line 47, in load_wsgiapp
    return util.import_app(self.app_uri)
           ^^^^^^^^^^^^^^^^^^^^^^^^^^^^^
  File "/Users/sunmuchao/Downloads/Her/.venv/lib/python3.12/site-packages/gunicorn/util.py", line 411, in import_app
    mod = importlib.import_module(module)
          ^^^^^^^^^^^^^^^^^^^^^^^^^^^^^^^
  File "/usr/local/Cellar/python@3.12/3.12.7_1/Frameworks/Python.framework/Versions/3.12/lib/python3.12/importlib/__init__.py", line 90, in import_module
    return _bootstrap._gcd_import(name[level:], package, level)
           ^^^^^^^^^^^^^^^^^^^^^^^^^^^^^^^^^^^^^^^^^^^^^^^^^^^^
  File "<frozen importlib._bootstrap>", line 1387, in _gcd_import
  File "<frozen importlib._bootstrap>", line 1360, in _find_and_load
  File "<frozen importlib._bootstrap>", line 1331, in _find_and_load_unlocked
  File "<frozen importlib._bootstrap>", line 935, in _load_unlocked
  File "<frozen importlib._bootstrap_external>", line 995, in exec_module
  File "<frozen importlib._bootstrap>", line 488, in _call_with_frames_removed
  File "/Users/sunmuchao/Downloads/Her/external-systems/partner-http-gateway/gateway/app.py", line 395, in <module>
    _default_gateway = PartnerGateway()
                       ^^^^^^^^^^^^^^^^
  File "/Users/sunmuchao/Downloads/Her/external-systems/partner-http-gateway/gateway/app.py", line 108, in __init__
    self._rec_pool = GatewayConnectionPool(self._recommendation_dsn, "recommendation", max_size=pool_n)
                     ^^^^^^^^^^^^^^^^^^^^^^^^^^^^^^^^^^^^^^^^^^^^^^^^^^^^^^^^^^^^^^^^^^^^^^^^^^^^^^^^^^
  File "/Users/sunmuchao/Downloads/Her/external-systems/partner-http-gateway/gateway/mysql_pool.py", line 33, in __init__
    ensure_database(self._cfg)
  File "/Users/sunmuchao/Downloads/Her/outer_system_mysql_schema.py", line 180, in ensure_database
    cursor.execute(
  File "/Users/sunmuchao/Downloads/Her/.venv/lib/python3.12/site-packages/pymysql/cursors.py", line 155, in execute
    query = self.mogrify(query, args)
            ^^^^^^^^^^^^^^^^^^^^^^^^^
  File "/Users/sunmuchao/Downloads/Her/.venv/lib/python3.12/site-packages/pymysql/cursors.py", line 133, in mogrify
    query = query % self._escape_args(args, conn)
            ~~~~~~^~~~~~~~~~~~~~~~~~~~~~~~~~~~~~~
TypeError: not all arguments converted during string formatting
not all arguments converted during string formatting
[2026-05-30 12:51:33 +0800] [24495] [INFO] Worker exiting (pid: 24495)
[2026-05-30 12:51:33 +0800] [24496] [ERROR] Exception in worker process
Traceback (most recent call last):
  File "/Users/sunmuchao/Downloads/Her/.venv/lib/python3.12/site-packages/gunicorn/arbiter.py", line 713, in spawn_worker
    worker.init_process()
  File "/Users/sunmuchao/Downloads/Her/.venv/lib/python3.12/site-packages/gunicorn/workers/base.py", line 136, in init_process
    self.load_wsgi()
  File "/Users/sunmuchao/Downloads/Her/.venv/lib/python3.12/site-packages/gunicorn/workers/base.py", line 148, in load_wsgi
    self.wsgi = self.app.wsgi()
                ^^^^^^^^^^^^^^^
  File "/Users/sunmuchao/Downloads/Her/.venv/lib/python3.12/site-packages/gunicorn/app/base.py", line 66, in wsgi
    self.callable = self.load()
                    ^^^^^^^^^^^
  File "/Users/sunmuchao/Downloads/Her/.venv/lib/python3.12/site-packages/gunicorn/app/wsgiapp.py", line 57, in load
    return self.load_wsgiapp()
           ^^^^^^^^^^^^^^^^^^^
  File "/Users/sunmuchao/Downloads/Her/.venv/lib/python3.12/site-packages/gunicorn/app/wsgiapp.py", line 47, in load_wsgiapp
    return util.import_app(self.app_uri)
           ^^^^^^^^^^^^^^^^^^^^^^^^^^^^^
  File "/Users/sunmuchao/Downloads/Her/.venv/lib/python3.12/site-packages/gunicorn/util.py", line 411, in import_app
    mod = importlib.import_module(module)
          ^^^^^^^^^^^^^^^^^^^^^^^^^^^^^^^
  File "/usr/local/Cellar/python@3.12/3.12.7_1/Frameworks/Python.framework/Versions/3.12/lib/python3.12/importlib/__init__.py", line 90, in import_module
    return _bootstrap._gcd_import(name[level:], package, level)
           ^^^^^^^^^^^^^^^^^^^^^^^^^^^^^^^^^^^^^^^^^^^^^^^^^^^^
  File "<frozen importlib._bootstrap>", line 1387, in _gcd_import
  File "<frozen importlib._bootstrap>", line 1360, in _find_and_load
  File "<frozen importlib._bootstrap>", line 1331, in _find_and_load_unlocked
  File "<frozen importlib._bootstrap>", line 935, in _load_unlocked
  File "<frozen importlib._bootstrap_external>", line 995, in exec_module
  File "<frozen importlib._bootstrap>", line 488, in _call_with_frames_removed
  File "/Users/sunmuchao/Downloads/Her/external-systems/partner-http-gateway/gateway/app.py", line 395, in <module>
    _default_gateway = PartnerGateway()
                       ^^^^^^^^^^^^^^^^
  File "/Users/sunmuchao/Downloads/Her/external-systems/partner-http-gateway/gateway/app.py", line 108, in __init__
    self._rec_pool = GatewayConnectionPool(self._recommendation_dsn, "recommendation", max_size=pool_n)
                     ^^^^^^^^^^^^^^^^^^^^^^^^^^^^^^^^^^^^^^^^^^^^^^^^^^^^^^^^^^^^^^^^^^^^^^^^^^^^^^^^^^
  File "/Users/sunmuchao/Downloads/Her/external-systems/partner-http-gateway/gateway/mysql_pool.py", line 33, in __init__
    ensure_database(self._cfg)
  File "/Users/sunmuchao/Downloads/Her/outer_system_mysql_schema.py", line 180, in ensure_database
    cursor.execute(
  File "/Users/sunmuchao/Downloads/Her/.venv/lib/python3.12/site-packages/pymysql/cursors.py", line 155, in execute
    query = self.mogrify(query, args)
            ^^^^^^^^^^^^^^^^^^^^^^^^^
  File "/Users/sunmuchao/Downloads/Her/.venv/lib/python3.12/site-packages/pymysql/cursors.py", line 133, in mogrify
    query = query % self._escape_args(args, conn)
            ~~~~~~^~~~~~~~~~~~~~~~~~~~~~~~~~~~~~~
TypeError: not all arguments converted during string formatting
not all arguments converted during string formatting
[2026-05-30 12:51:33 +0800] [24496] [INFO] Worker exiting (pid: 24496)
[2026-05-30 12:51:33 +0800] [24497] [ERROR] Exception in worker process
Traceback (most recent call last):
  File "/Users/sunmuchao/Downloads/Her/.venv/lib/python3.12/site-packages/gunicorn/arbiter.py", line 713, in spawn_worker
    worker.init_process()
  File "/Users/sunmuchao/Downloads/Her/.venv/lib/python3.12/site-packages/gunicorn/workers/base.py", line 136, in init_process
    self.load_wsgi()
  File "/Users/sunmuchao/Downloads/Her/.venv/lib/python3.12/site-packages/gunicorn/workers/base.py", line 148, in load_wsgi
    self.wsgi = self.app.wsgi()
                ^^^^^^^^^^^^^^^
  File "/Users/sunmuchao/Downloads/Her/.venv/lib/python3.12/site-packages/gunicorn/app/base.py", line 66, in wsgi
    self.callable = self.load()
                    ^^^^^^^^^^^
  File "/Users/sunmuchao/Downloads/Her/.venv/lib/python3.12/site-packages/gunicorn/app/wsgiapp.py", line 57, in load
    return self.load_wsgiapp()
           ^^^^^^^^^^^^^^^^^^^
  File "/Users/sunmuchao/Downloads/Her/.venv/lib/python3.12/site-packages/gunicorn/app/wsgiapp.py", line 47, in load_wsgiapp
    return util.import_app(self.app_uri)
           ^^^^^^^^^^^^^^^^^^^^^^^^^^^^^
  File "/Users/sunmuchao/Downloads/Her/.venv/lib/python3.12/site-packages/gunicorn/util.py", line 411, in import_app
    mod = importlib.import_module(module)
          ^^^^^^^^^^^^^^^^^^^^^^^^^^^^^^^
  File "/usr/local/Cellar/python@3.12/3.12.7_1/Frameworks/Python.framework/Versions/3.12/lib/python3.12/importlib/__init__.py", line 90, in import_module
    return _bootstrap._gcd_import(name[level:], package, level)
           ^^^^^^^^^^^^^^^^^^^^^^^^^^^^^^^^^^^^^^^^^^^^^^^^^^^^
  File "<frozen importlib._bootstrap>", line 1387, in _gcd_import
  File "<frozen importlib._bootstrap>", line 1360, in _find_and_load
  File "<frozen importlib._bootstrap>", line 1331, in _find_and_load_unlocked
  File "<frozen importlib._bootstrap>", line 935, in _load_unlocked
  File "<frozen importlib._bootstrap_external>", line 995, in exec_module
  File "<frozen importlib._bootstrap>", line 488, in _call_with_frames_removed
  File "/Users/sunmuchao/Downloads/Her/external-systems/partner-http-gateway/gateway/app.py", line 395, in <module>
    _default_gateway = PartnerGateway()
                       ^^^^^^^^^^^^^^^^
  File "/Users/sunmuchao/Downloads/Her/external-systems/partner-http-gateway/gateway/app.py", line 108, in __init__
    self._rec_pool = GatewayConnectionPool(self._recommendation_dsn, "recommendation", max_size=pool_n)
                     ^^^^^^^^^^^^^^^^^^^^^^^^^^^^^^^^^^^^^^^^^^^^^^^^^^^^^^^^^^^^^^^^^^^^^^^^^^^^^^^^^^
  File "/Users/sunmuchao/Downloads/Her/external-systems/partner-http-gateway/gateway/mysql_pool.py", line 33, in __init__
    ensure_database(self._cfg)
  File "/Users/sunmuchao/Downloads/Her/outer_system_mysql_schema.py", line 180, in ensure_database
    cursor.execute(
  File "/Users/sunmuchao/Downloads/Her/.venv/lib/python3.12/site-packages/pymysql/cursors.py", line 155, in execute
    query = self.mogrify(query, args)
            ^^^^^^^^^^^^^^^^^^^^^^^^^
  File "/Users/sunmuchao/Downloads/Her/.venv/lib/python3.12/site-packages/pymysql/cursors.py", line 133, in mogrify
    query = query % self._escape_args(args, conn)
            ~~~~~~^~~~~~~~~~~~~~~~~~~~~~~~~~~~~~~
TypeError: not all arguments converted during string formatting
not all arguments converted during string formatting
[2026-05-30 12:51:33 +0800] [24497] [INFO] Worker exiting (pid: 24497)
[2026-05-30 12:51:33 +0800] [24498] [ERROR] Exception in worker process
Traceback (most recent call last):
  File "/Users/sunmuchao/Downloads/Her/.venv/lib/python3.12/site-packages/gunicorn/arbiter.py", line 713, in spawn_worker
    worker.init_process()
  File "/Users/sunmuchao/Downloads/Her/.venv/lib/python3.12/site-packages/gunicorn/workers/base.py", line 136, in init_process
    self.load_wsgi()
  File "/Users/sunmuchao/Downloads/Her/.venv/lib/python3.12/site-packages/gunicorn/workers/base.py", line 148, in load_wsgi
    self.wsgi = self.app.wsgi()
                ^^^^^^^^^^^^^^^
  File "/Users/sunmuchao/Downloads/Her/.venv/lib/python3.12/site-packages/gunicorn/app/base.py", line 66, in wsgi
    self.callable = self.load()
                    ^^^^^^^^^^^
  File "/Users/sunmuchao/Downloads/Her/.venv/lib/python3.12/site-packages/gunicorn/app/wsgiapp.py", line 57, in load
    return self.load_wsgiapp()
           ^^^^^^^^^^^^^^^^^^^
  File "/Users/sunmuchao/Downloads/Her/.venv/lib/python3.12/site-packages/gunicorn/app/wsgiapp.py", line 47, in load_wsgiapp
    return util.import_app(self.app_uri)
           ^^^^^^^^^^^^^^^^^^^^^^^^^^^^^
  File "/Users/sunmuchao/Downloads/Her/.venv/lib/python3.12/site-packages/gunicorn/util.py", line 411, in import_app
    mod = importlib.import_module(module)
          ^^^^^^^^^^^^^^^^^^^^^^^^^^^^^^^
  File "/usr/local/Cellar/python@3.12/3.12.7_1/Frameworks/Python.framework/Versions/3.12/lib/python3.12/importlib/__init__.py", line 90, in import_module
    return _bootstrap._gcd_import(name[level:], package, level)
           ^^^^^^^^^^^^^^^^^^^^^^^^^^^^^^^^^^^^^^^^^^^^^^^^^^^^
  File "<frozen importlib._bootstrap>", line 1387, in _gcd_import
  File "<frozen importlib._bootstrap>", line 1360, in _find_and_load
  File "<frozen importlib._bootstrap>", line 1331, in _find_and_load_unlocked
  File "<frozen importlib._bootstrap>", line 935, in _load_unlocked
  File "<frozen importlib._bootstrap_external>", line 995, in exec_module
  File "<frozen importlib._bootstrap>", line 488, in _call_with_frames_removed
  File "/Users/sunmuchao/Downloads/Her/external-systems/partner-http-gateway/gateway/app.py", line 395, in <module>
    _default_gateway = PartnerGateway()
                       ^^^^^^^^^^^^^^^^
  File "/Users/sunmuchao/Downloads/Her/external-systems/partner-http-gateway/gateway/app.py", line 108, in __init__
    self._rec_pool = GatewayConnectionPool(self._recommendation_dsn, "recommendation", max_size=pool_n)
                     ^^^^^^^^^^^^^^^^^^^^^^^^^^^^^^^^^^^^^^^^^^^^^^^^^^^^^^^^^^^^^^^^^^^^^^^^^^^^^^^^^^
  File "/Users/sunmuchao/Downloads/Her/external-systems/partner-http-gateway/gateway/mysql_pool.py", line 33, in __init__
    ensure_database(self._cfg)
  File "/Users/sunmuchao/Downloads/Her/outer_system_mysql_schema.py", line 180, in ensure_database
    cursor.execute(
  File "/Users/sunmuchao/Downloads/Her/.venv/lib/python3.12/site-packages/pymysql/cursors.py", line 155, in execute
    query = self.mogrify(query, args)
            ^^^^^^^^^^^^^^^^^^^^^^^^^
  File "/Users/sunmuchao/Downloads/Her/.venv/lib/python3.12/site-packages/pymysql/cursors.py", line 133, in mogrify
    query = query % self._escape_args(args, conn)
            ~~~~~~^~~~~~~~~~~~~~~~~~~~~~~~~~~~~~~
TypeError: not all arguments converted during string formatting
not all arguments converted during string formatting
[2026-05-30 12:51:33 +0800] [24498] [INFO] Worker exiting (pid: 24498)
[2026-05-30 12:51:33 +0800] [24502] [ERROR] Exception in worker process
Traceback (most recent call last):
  File "/Users/sunmuchao/Downloads/Her/.venv/lib/python3.12/site-packages/gunicorn/arbiter.py", line 713, in spawn_worker
    worker.init_process()
  File "/Users/sunmuchao/Downloads/Her/.venv/lib/python3.12/site-packages/gunicorn/workers/base.py", line 136, in init_process
    self.load_wsgi()
  File "/Users/sunmuchao/Downloads/Her/.venv/lib/python3.12/site-packages/gunicorn/workers/base.py", line 148, in load_wsgi
    self.wsgi = self.app.wsgi()
                ^^^^^^^^^^^^^^^
  File "/Users/sunmuchao/Downloads/Her/.venv/lib/python3.12/site-packages/gunicorn/app/base.py", line 66, in wsgi
    self.callable = self.load()
                    ^^^^^^^^^^^
  File "/Users/sunmuchao/Downloads/Her/.venv/lib/python3.12/site-packages/gunicorn/app/wsgiapp.py", line 57, in load
    return self.load_wsgiapp()
           ^^^^^^^^^^^^^^^^^^^
  File "/Users/sunmuchao/Downloads/Her/.venv/lib/python3.12/site-packages/gunicorn/app/wsgiapp.py", line 47, in load_wsgiapp
    return util.import_app(self.app_uri)
           ^^^^^^^^^^^^^^^^^^^^^^^^^^^^^
  File "/Users/sunmuchao/Downloads/Her/.venv/lib/python3.12/site-packages/gunicorn/util.py", line 411, in import_app
    mod = importlib.import_module(module)
          ^^^^^^^^^^^^^^^^^^^^^^^^^^^^^^^
  File "/usr/local/Cellar/python@3.12/3.12.7_1/Frameworks/Python.framework/Versions/3.12/lib/python3.12/importlib/__init__.py", line 90, in import_module
    return _bootstrap._gcd_import(name[level:], package, level)
           ^^^^^^^^^^^^^^^^^^^^^^^^^^^^^^^^^^^^^^^^^^^^^^^^^^^^
  File "<frozen importlib._bootstrap>", line 1387, in _gcd_import
  File "<frozen importlib._bootstrap>", line 1360, in _find_and_load
  File "<frozen importlib._bootstrap>", line 1331, in _find_and_load_unlocked
  File "<frozen importlib._bootstrap>", line 935, in _load_unlocked
  File "<frozen importlib._bootstrap_external>", line 995, in exec_module
  File "<frozen importlib._bootstrap>", line 488, in _call_with_frames_removed
  File "/Users/sunmuchao/Downloads/Her/external-systems/partner-http-gateway/gateway/app.py", line 395, in <module>
    _default_gateway = PartnerGateway()
                       ^^^^^^^^^^^^^^^^
  File "/Users/sunmuchao/Downloads/Her/external-systems/partner-http-gateway/gateway/app.py", line 108, in __init__
    self._rec_pool = GatewayConnectionPool(self._recommendation_dsn, "recommendation", max_size=pool_n)
                     ^^^^^^^^^^^^^^^^^^^^^^^^^^^^^^^^^^^^^^^^^^^^^^^^^^^^^^^^^^^^^^^^^^^^^^^^^^^^^^^^^^
  File "/Users/sunmuchao/Downloads/Her/external-systems/partner-http-gateway/gateway/mysql_pool.py", line 33, in __init__
    ensure_database(self._cfg)
  File "/Users/sunmuchao/Downloads/Her/outer_system_mysql_schema.py", line 180, in ensure_database
    cursor.execute(
  File "/Users/sunmuchao/Downloads/Her/.venv/lib/python3.12/site-packages/pymysql/cursors.py", line 155, in execute
    query = self.mogrify(query, args)
            ^^^^^^^^^^^^^^^^^^^^^^^^^
  File "/Users/sunmuchao/Downloads/Her/.venv/lib/python3.12/site-packages/pymysql/cursors.py", line 133, in mogrify
    query = query % self._escape_args(args, conn)
            ~~~~~~^~~~~~~~~~~~~~~~~~~~~~~~~~~~~~~
TypeError: not all arguments converted during string formatting
not all arguments converted during string formatting
[2026-05-30 12:51:33 +0800] [24502] [INFO] Worker exiting (pid: 24502)
[2026-05-30 12:51:33 +0800] [24499] [ERROR] Exception in worker process
Traceback (most recent call last):
  File "/Users/sunmuchao/Downloads/Her/.venv/lib/python3.12/site-packages/gunicorn/arbiter.py", line 713, in spawn_worker
    worker.init_process()
  File "/Users/sunmuchao/Downloads/Her/.venv/lib/python3.12/site-packages/gunicorn/workers/base.py", line 136, in init_process
    self.load_wsgi()
  File "/Users/sunmuchao/Downloads/Her/.venv/lib/python3.12/site-packages/gunicorn/workers/base.py", line 148, in load_wsgi
    self.wsgi = self.app.wsgi()
                ^^^^^^^^^^^^^^^
  File "/Users/sunmuchao/Downloads/Her/.venv/lib/python3.12/site-packages/gunicorn/app/base.py", line 66, in wsgi
    self.callable = self.load()
                    ^^^^^^^^^^^
  File "/Users/sunmuchao/Downloads/Her/.venv/lib/python3.12/site-packages/gunicorn/app/wsgiapp.py", line 57, in load
    return self.load_wsgiapp()
           ^^^^^^^^^^^^^^^^^^^
  File "/Users/sunmuchao/Downloads/Her/.venv/lib/python3.12/site-packages/gunicorn/app/wsgiapp.py", line 47, in load_wsgiapp
    return util.import_app(self.app_uri)
           ^^^^^^^^^^^^^^^^^^^^^^^^^^^^^
  File "/Users/sunmuchao/Downloads/Her/.venv/lib/python3.12/site-packages/gunicorn/util.py", line 411, in import_app
    mod = importlib.import_module(module)
          ^^^^^^^^^^^^^^^^^^^^^^^^^^^^^^^
  File "/usr/local/Cellar/python@3.12/3.12.7_1/Frameworks/Python.framework/Versions/3.12/lib/python3.12/importlib/__init__.py", line 90, in import_module
    return _bootstrap._gcd_import(name[level:], package, level)
           ^^^^^^^^^^^^^^^^^^^^^^^^^^^^^^^^^^^^^^^^^^^^^^^^^^^^
  File "<frozen importlib._bootstrap>", line 1387, in _gcd_import
  File "<frozen importlib._bootstrap>", line 1360, in _find_and_load
  File "<frozen importlib._bootstrap>", line 1331, in _find_and_load_unlocked
  File "<frozen importlib._bootstrap>", line 935, in _load_unlocked
  File "<frozen importlib._bootstrap_external>", line 995, in exec_module
  File "<frozen importlib._bootstrap>", line 488, in _call_with_frames_removed
  File "/Users/sunmuchao/Downloads/Her/external-systems/partner-http-gateway/gateway/app.py", line 395, in <module>
    _default_gateway = PartnerGateway()
                       ^^^^^^^^^^^^^^^^
  File "/Users/sunmuchao/Downloads/Her/external-systems/partner-http-gateway/gateway/app.py", line 108, in __init__
    self._rec_pool = GatewayConnectionPool(self._recommendation_dsn, "recommendation", max_size=pool_n)
                     ^^^^^^^^^^^^^^^^^^^^^^^^^^^^^^^^^^^^^^^^^^^^^^^^^^^^^^^^^^^^^^^^^^^^^^^^^^^^^^^^^^
  File "/Users/sunmuchao/Downloads/Her/external-systems/partner-http-gateway/gateway/mysql_pool.py", line 33, in __init__
    ensure_database(self._cfg)
  File "/Users/sunmuchao/Downloads/Her/outer_system_mysql_schema.py", line 180, in ensure_database
    cursor.execute(
  File "/Users/sunmuchao/Downloads/Her/.venv/lib/python3.12/site-packages/pymysql/cursors.py", line 155, in execute
    query = self.mogrify(query, args)
            ^^^^^^^^^^^^^^^^^^^^^^^^^
  File "/Users/sunmuchao/Downloads/Her/.venv/lib/python3.12/site-packages/pymysql/cursors.py", line 133, in mogrify
    query = query % self._escape_args(args, conn)
            ~~~~~~^~~~~~~~~~~~~~~~~~~~~~~~~~~~~~~
TypeError: not all arguments converted during string formatting
not all arguments converted during string formatting
[2026-05-30 12:51:33 +0800] [24499] [INFO] Worker exiting (pid: 24499)
[2026-05-30 12:51:33 +0800] [24503] [ERROR] Exception in worker process
Traceback (most recent call last):
  File "/Users/sunmuchao/Downloads/Her/.venv/lib/python3.12/site-packages/gunicorn/arbiter.py", line 713, in spawn_worker
    worker.init_process()
  File "/Users/sunmuchao/Downloads/Her/.venv/lib/python3.12/site-packages/gunicorn/workers/base.py", line 136, in init_process
    self.load_wsgi()
  File "/Users/sunmuchao/Downloads/Her/.venv/lib/python3.12/site-packages/gunicorn/workers/base.py", line 148, in load_wsgi
    self.wsgi = self.app.wsgi()
                ^^^^^^^^^^^^^^^
  File "/Users/sunmuchao/Downloads/Her/.venv/lib/python3.12/site-packages/gunicorn/app/base.py", line 66, in wsgi
    self.callable = self.load()
                    ^^^^^^^^^^^
  File "/Users/sunmuchao/Downloads/Her/.venv/lib/python3.12/site-packages/gunicorn/app/wsgiapp.py", line 57, in load
    return self.load_wsgiapp()
           ^^^^^^^^^^^^^^^^^^^
  File "/Users/sunmuchao/Downloads/Her/.venv/lib/python3.12/site-packages/gunicorn/app/wsgiapp.py", line 47, in load_wsgiapp
    return util.import_app(self.app_uri)
           ^^^^^^^^^^^^^^^^^^^^^^^^^^^^^
  File "/Users/sunmuchao/Downloads/Her/.venv/lib/python3.12/site-packages/gunicorn/util.py", line 411, in import_app
    mod = importlib.import_module(module)
          ^^^^^^^^^^^^^^^^^^^^^^^^^^^^^^^
  File "/usr/local/Cellar/python@3.12/3.12.7_1/Frameworks/Python.framework/Versions/3.12/lib/python3.12/importlib/__init__.py", line 90, in import_module
    return _bootstrap._gcd_import(name[level:], package, level)
           ^^^^^^^^^^^^^^^^^^^^^^^^^^^^^^^^^^^^^^^^^^^^^^^^^^^^
  File "<frozen importlib._bootstrap>", line 1387, in _gcd_import
  File "<frozen importlib._bootstrap>", line 1360, in _find_and_load
  File "<frozen importlib._bootstrap>", line 1331, in _find_and_load_unlocked
  File "<frozen importlib._bootstrap>", line 935, in _load_unlocked
  File "<frozen importlib._bootstrap_external>", line 995, in exec_module
  File "<frozen importlib._bootstrap>", line 488, in _call_with_frames_removed
  File "/Users/sunmuchao/Downloads/Her/external-systems/partner-http-gateway/gateway/app.py", line 395, in <module>
    _default_gateway = PartnerGateway()
                       ^^^^^^^^^^^^^^^^
  File "/Users/sunmuchao/Downloads/Her/external-systems/partner-http-gateway/gateway/app.py", line 108, in __init__
    self._rec_pool = GatewayConnectionPool(self._recommendation_dsn, "recommendation", max_size=pool_n)
                     ^^^^^^^^^^^^^^^^^^^^^^^^^^^^^^^^^^^^^^^^^^^^^^^^^^^^^^^^^^^^^^^^^^^^^^^^^^^^^^^^^^
  File "/Users/sunmuchao/Downloads/Her/external-systems/partner-http-gateway/gateway/mysql_pool.py", line 33, in __init__
    ensure_database(self._cfg)
  File "/Users/sunmuchao/Downloads/Her/outer_system_mysql_schema.py", line 180, in ensure_database
    cursor.execute(
  File "/Users/sunmuchao/Downloads/Her/.venv/lib/python3.12/site-packages/pymysql/cursors.py", line 155, in execute
    query = self.mogrify(query, args)
            ^^^^^^^^^^^^^^^^^^^^^^^^^
  File "/Users/sunmuchao/Downloads/Her/.venv/lib/python3.12/site-packages/pymysql/cursors.py", line 133, in mogrify
    query = query % self._escape_args(args, conn)
            ~~~~~~^~~~~~~~~~~~~~~~~~~~~~~~~~~~~~~
TypeError: not all arguments converted during string formatting
not all arguments converted during string formatting
[2026-05-30 12:51:33 +0800] [24503] [INFO] Worker exiting (pid: 24503)
[2026-05-30 12:51:33 +0800] [24500] [ERROR] Exception in worker process
Traceback (most recent call last):
  File "/Users/sunmuchao/Downloads/Her/.venv/lib/python3.12/site-packages/gunicorn/arbiter.py", line 713, in spawn_worker
    worker.init_process()
  File "/Users/sunmuchao/Downloads/Her/.venv/lib/python3.12/site-packages/gunicorn/workers/base.py", line 136, in init_process
    self.load_wsgi()
  File "/Users/sunmuchao/Downloads/Her/.venv/lib/python3.12/site-packages/gunicorn/workers/base.py", line 148, in load_wsgi
    self.wsgi = self.app.wsgi()
                ^^^^^^^^^^^^^^^
  File "/Users/sunmuchao/Downloads/Her/.venv/lib/python3.12/site-packages/gunicorn/app/base.py", line 66, in wsgi
    self.callable = self.load()
                    ^^^^^^^^^^^
  File "/Users/sunmuchao/Downloads/Her/.venv/lib/python3.12/site-packages/gunicorn/app/wsgiapp.py", line 57, in load
    return self.load_wsgiapp()
           ^^^^^^^^^^^^^^^^^^^
  File "/Users/sunmuchao/Downloads/Her/.venv/lib/python3.12/site-packages/gunicorn/app/wsgiapp.py", line 47, in load_wsgiapp
    return util.import_app(self.app_uri)
           ^^^^^^^^^^^^^^^^^^^^^^^^^^^^^
  File "/Users/sunmuchao/Downloads/Her/.venv/lib/python3.12/site-packages/gunicorn/util.py", line 411, in import_app
    mod = importlib.import_module(module)
          ^^^^^^^^^^^^^^^^^^^^^^^^^^^^^^^
  File "/usr/local/Cellar/python@3.12/3.12.7_1/Frameworks/Python.framework/Versions/3.12/lib/python3.12/importlib/__init__.py", line 90, in import_module
    return _bootstrap._gcd_import(name[level:], package, level)
           ^^^^^^^^^^^^^^^^^^^^^^^^^^^^^^^^^^^^^^^^^^^^^^^^^^^^
  File "<frozen importlib._bootstrap>", line 1387, in _gcd_import
  File "<frozen importlib._bootstrap>", line 1360, in _find_and_load
  File "<frozen importlib._bootstrap>", line 1331, in _find_and_load_unlocked
  File "<frozen importlib._bootstrap>", line 935, in _load_unlocked
  File "<frozen importlib._bootstrap_external>", line 995, in exec_module
  File "<frozen importlib._bootstrap>", line 488, in _call_with_frames_removed
  File "/Users/sunmuchao/Downloads/Her/external-systems/partner-http-gateway/gateway/app.py", line 395, in <module>
    _default_gateway = PartnerGateway()
                       ^^^^^^^^^^^^^^^^
  File "/Users/sunmuchao/Downloads/Her/external-systems/partner-http-gateway/gateway/app.py", line 108, in __init__
    self._rec_pool = GatewayConnectionPool(self._recommendation_dsn, "recommendation", max_size=pool_n)
                     ^^^^^^^^^^^^^^^^^^^^^^^^^^^^^^^^^^^^^^^^^^^^^^^^^^^^^^^^^^^^^^^^^^^^^^^^^^^^^^^^^^
  File "/Users/sunmuchao/Downloads/Her/external-systems/partner-http-gateway/gateway/mysql_pool.py", line 33, in __init__
    ensure_database(self._cfg)
  File "/Users/sunmuchao/Downloads/Her/outer_system_mysql_schema.py", line 180, in ensure_database
    cursor.execute(
  File "/Users/sunmuchao/Downloads/Her/.venv/lib/python3.12/site-packages/pymysql/cursors.py", line 155, in execute
    query = self.mogrify(query, args)
            ^^^^^^^^^^^^^^^^^^^^^^^^^
  File "/Users/sunmuchao/Downloads/Her/.venv/lib/python3.12/site-packages/pymysql/cursors.py", line 133, in mogrify
    query = query % self._escape_args(args, conn)
            ~~~~~~^~~~~~~~~~~~~~~~~~~~~~~~~~~~~~~
TypeError: not all arguments converted during string formatting
not all arguments converted during string formatting
[2026-05-30 12:51:33 +0800] [24500] [INFO] Worker exiting (pid: 24500)
[2026-05-30 12:51:33 +0800] [24504] [ERROR] Exception in worker process
Traceback (most recent call last):
  File "/Users/sunmuchao/Downloads/Her/.venv/lib/python3.12/site-packages/gunicorn/arbiter.py", line 713, in spawn_worker
    worker.init_process()
  File "/Users/sunmuchao/Downloads/Her/.venv/lib/python3.12/site-packages/gunicorn/workers/base.py", line 136, in init_process
    self.load_wsgi()
  File "/Users/sunmuchao/Downloads/Her/.venv/lib/python3.12/site-packages/gunicorn/workers/base.py", line 148, in load_wsgi
    self.wsgi = self.app.wsgi()
                ^^^^^^^^^^^^^^^
  File "/Users/sunmuchao/Downloads/Her/.venv/lib/python3.12/site-packages/gunicorn/app/base.py", line 66, in wsgi
    self.callable = self.load()
                    ^^^^^^^^^^^
  File "/Users/sunmuchao/Downloads/Her/.venv/lib/python3.12/site-packages/gunicorn/app/wsgiapp.py", line 57, in load
    return self.load_wsgiapp()
           ^^^^^^^^^^^^^^^^^^^
  File "/Users/sunmuchao/Downloads/Her/.venv/lib/python3.12/site-packages/gunicorn/app/wsgiapp.py", line 47, in load_wsgiapp
    return util.import_app(self.app_uri)
           ^^^^^^^^^^^^^^^^^^^^^^^^^^^^^
  File "/Users/sunmuchao/Downloads/Her/.venv/lib/python3.12/site-packages/gunicorn/util.py", line 411, in import_app
    mod = importlib.import_module(module)
          ^^^^^^^^^^^^^^^^^^^^^^^^^^^^^^^
  File "/usr/local/Cellar/python@3.12/3.12.7_1/Frameworks/Python.framework/Versions/3.12/lib/python3.12/importlib/__init__.py", line 90, in import_module
    return _bootstrap._gcd_import(name[level:], package, level)
           ^^^^^^^^^^^^^^^^^^^^^^^^^^^^^^^^^^^^^^^^^^^^^^^^^^^^
  File "<frozen importlib._bootstrap>", line 1387, in _gcd_import
  File "<frozen importlib._bootstrap>", line 1360, in _find_and_load
  File "<frozen importlib._bootstrap>", line 1331, in _find_and_load_unlocked
  File "<frozen importlib._bootstrap>", line 935, in _load_unlocked
  File "<frozen importlib._bootstrap_external>", line 995, in exec_module
  File "<frozen importlib._bootstrap>", line 488, in _call_with_frames_removed
  File "/Users/sunmuchao/Downloads/Her/external-systems/partner-http-gateway/gateway/app.py", line 395, in <module>
    _default_gateway = PartnerGateway()
                       ^^^^^^^^^^^^^^^^
  File "/Users/sunmuchao/Downloads/Her/external-systems/partner-http-gateway/gateway/app.py", line 108, in __init__
    self._rec_pool = GatewayConnectionPool(self._recommendation_dsn, "recommendation", max_size=pool_n)
                     ^^^^^^^^^^^^^^^^^^^^^^^^^^^^^^^^^^^^^^^^^^^^^^^^^^^^^^^^^^^^^^^^^^^^^^^^^^^^^^^^^^
  File "/Users/sunmuchao/Downloads/Her/external-systems/partner-http-gateway/gateway/mysql_pool.py", line 33, in __init__
    ensure_database(self._cfg)
  File "/Users/sunmuchao/Downloads/Her/outer_system_mysql_schema.py", line 180, in ensure_database
    cursor.execute(
  File "/Users/sunmuchao/Downloads/Her/.venv/lib/python3.12/site-packages/pymysql/cursors.py", line 155, in execute
    query = self.mogrify(query, args)
            ^^^^^^^^^^^^^^^^^^^^^^^^^
  File "/Users/sunmuchao/Downloads/Her/.venv/lib/python3.12/site-packages/pymysql/cursors.py", line 133, in mogrify
    query = query % self._escape_args(args, conn)
            ~~~~~~^~~~~~~~~~~~~~~~~~~~~~~~~~~~~~~
TypeError: not all arguments converted during string formatting
not all arguments converted during string formatting
[2026-05-30 12:51:33 +0800] [24504] [INFO] Worker exiting (pid: 24504)
[2026-05-30 12:51:33 +0800] [24505] [ERROR] Exception in worker process
Traceback (most recent call last):
  File "/Users/sunmuchao/Downloads/Her/.venv/lib/python3.12/site-packages/gunicorn/arbiter.py", line 713, in spawn_worker
    worker.init_process()
  File "/Users/sunmuchao/Downloads/Her/.venv/lib/python3.12/site-packages/gunicorn/workers/base.py", line 136, in init_process
    self.load_wsgi()
  File "/Users/sunmuchao/Downloads/Her/.venv/lib/python3.12/site-packages/gunicorn/workers/base.py", line 148, in load_wsgi
    self.wsgi = self.app.wsgi()
                ^^^^^^^^^^^^^^^
  File "/Users/sunmuchao/Downloads/Her/.venv/lib/python3.12/site-packages/gunicorn/app/base.py", line 66, in wsgi
    self.callable = self.load()
                    ^^^^^^^^^^^
  File "/Users/sunmuchao/Downloads/Her/.venv/lib/python3.12/site-packages/gunicorn/app/wsgiapp.py", line 57, in load
    return self.load_wsgiapp()
           ^^^^^^^^^^^^^^^^^^^
  File "/Users/sunmuchao/Downloads/Her/.venv/lib/python3.12/site-packages/gunicorn/app/wsgiapp.py", line 47, in load_wsgiapp
    return util.import_app(self.app_uri)
           ^^^^^^^^^^^^^^^^^^^^^^^^^^^^^
  File "/Users/sunmuchao/Downloads/Her/.venv/lib/python3.12/site-packages/gunicorn/util.py", line 411, in import_app
    mod = importlib.import_module(module)
          ^^^^^^^^^^^^^^^^^^^^^^^^^^^^^^^
  File "/usr/local/Cellar/python@3.12/3.12.7_1/Frameworks/Python.framework/Versions/3.12/lib/python3.12/importlib/__init__.py", line 90, in import_module
    return _bootstrap._gcd_import(name[level:], package, level)
           ^^^^^^^^^^^^^^^^^^^^^^^^^^^^^^^^^^^^^^^^^^^^^^^^^^^^
  File "<frozen importlib._bootstrap>", line 1387, in _gcd_import
  File "<frozen importlib._bootstrap>", line 1360, in _find_and_load
  File "<frozen importlib._bootstrap>", line 1331, in _find_and_load_unlocked
  File "<frozen importlib._bootstrap>", line 935, in _load_unlocked
  File "<frozen importlib._bootstrap_external>", line 995, in exec_module
  File "<frozen importlib._bootstrap>", line 488, in _call_with_frames_removed
  File "/Users/sunmuchao/Downloads/Her/external-systems/partner-http-gateway/gateway/app.py", line 395, in <module>
    _default_gateway = PartnerGateway()
                       ^^^^^^^^^^^^^^^^
  File "/Users/sunmuchao/Downloads/Her/external-systems/partner-http-gateway/gateway/app.py", line 108, in __init__
    self._rec_pool = GatewayConnectionPool(self._recommendation_dsn, "recommendation", max_size=pool_n)
                     ^^^^^^^^^^^^^^^^^^^^^^^^^^^^^^^^^^^^^^^^^^^^^^^^^^^^^^^^^^^^^^^^^^^^^^^^^^^^^^^^^^
  File "/Users/sunmuchao/Downloads/Her/external-systems/partner-http-gateway/gateway/mysql_pool.py", line 33, in __init__
    ensure_database(self._cfg)
  File "/Users/sunmuchao/Downloads/Her/outer_system_mysql_schema.py", line 180, in ensure_database
    cursor.execute(
  File "/Users/sunmuchao/Downloads/Her/.venv/lib/python3.12/site-packages/pymysql/cursors.py", line 155, in execute
    query = self.mogrify(query, args)
            ^^^^^^^^^^^^^^^^^^^^^^^^^
  File "/Users/sunmuchao/Downloads/Her/.venv/lib/python3.12/site-packages/pymysql/cursors.py", line 133, in mogrify
    query = query % self._escape_args(args, conn)
            ~~~~~~^~~~~~~~~~~~~~~~~~~~~~~~~~~~~~~
TypeError: not all arguments converted during string formatting
not all arguments converted during string formatting
[2026-05-30 12:51:33 +0800] [24505] [INFO] Worker exiting (pid: 24505)
[2026-05-30 12:51:33 +0800] [24506] [ERROR] Exception in worker process
Traceback (most recent call last):
  File "/Users/sunmuchao/Downloads/Her/.venv/lib/python3.12/site-packages/gunicorn/arbiter.py", line 713, in spawn_worker
    worker.init_process()
  File "/Users/sunmuchao/Downloads/Her/.venv/lib/python3.12/site-packages/gunicorn/workers/base.py", line 136, in init_process
    self.load_wsgi()
  File "/Users/sunmuchao/Downloads/Her/.venv/lib/python3.12/site-packages/gunicorn/workers/base.py", line 148, in load_wsgi
    self.wsgi = self.app.wsgi()
                ^^^^^^^^^^^^^^^
  File "/Users/sunmuchao/Downloads/Her/.venv/lib/python3.12/site-packages/gunicorn/app/base.py", line 66, in wsgi
    self.callable = self.load()
                    ^^^^^^^^^^^
  File "/Users/sunmuchao/Downloads/Her/.venv/lib/python3.12/site-packages/gunicorn/app/wsgiapp.py", line 57, in load
    return self.load_wsgiapp()
           ^^^^^^^^^^^^^^^^^^^
  File "/Users/sunmuchao/Downloads/Her/.venv/lib/python3.12/site-packages/gunicorn/app/wsgiapp.py", line 47, in load_wsgiapp
    return util.import_app(self.app_uri)
           ^^^^^^^^^^^^^^^^^^^^^^^^^^^^^
  File "/Users/sunmuchao/Downloads/Her/.venv/lib/python3.12/site-packages/gunicorn/util.py", line 411, in import_app
    mod = importlib.import_module(module)
          ^^^^^^^^^^^^^^^^^^^^^^^^^^^^^^^
  File "/usr/local/Cellar/python@3.12/3.12.7_1/Frameworks/Python.framework/Versions/3.12/lib/python3.12/importlib/__init__.py", line 90, in import_module
    return _bootstrap._gcd_import(name[level:], package, level)
           ^^^^^^^^^^^^^^^^^^^^^^^^^^^^^^^^^^^^^^^^^^^^^^^^^^^^
  File "<frozen importlib._bootstrap>", line 1387, in _gcd_import
  File "<frozen importlib._bootstrap>", line 1360, in _find_and_load
  File "<frozen importlib._bootstrap>", line 1331, in _find_and_load_unlocked
  File "<frozen importlib._bootstrap>", line 935, in _load_unlocked
  File "<frozen importlib._bootstrap_external>", line 995, in exec_module
  File "<frozen importlib._bootstrap>", line 488, in _call_with_frames_removed
  File "/Users/sunmuchao/Downloads/Her/external-systems/partner-http-gateway/gateway/app.py", line 395, in <module>
    _default_gateway = PartnerGateway()
                       ^^^^^^^^^^^^^^^^
  File "/Users/sunmuchao/Downloads/Her/external-systems/partner-http-gateway/gateway/app.py", line 108, in __init__
    self._rec_pool = GatewayConnectionPool(self._recommendation_dsn, "recommendation", max_size=pool_n)
                     ^^^^^^^^^^^^^^^^^^^^^^^^^^^^^^^^^^^^^^^^^^^^^^^^^^^^^^^^^^^^^^^^^^^^^^^^^^^^^^^^^^
  File "/Users/sunmuchao/Downloads/Her/external-systems/partner-http-gateway/gateway/mysql_pool.py", line 33, in __init__
    ensure_database(self._cfg)
  File "/Users/sunmuchao/Downloads/Her/outer_system_mysql_schema.py", line 180, in ensure_database
    cursor.execute(
  File "/Users/sunmuchao/Downloads/Her/.venv/lib/python3.12/site-packages/pymysql/cursors.py", line 155, in execute
    query = self.mogrify(query, args)
            ^^^^^^^^^^^^^^^^^^^^^^^^^
  File "/Users/sunmuchao/Downloads/Her/.venv/lib/python3.12/site-packages/pymysql/cursors.py", line 133, in mogrify
    query = query % self._escape_args(args, conn)
            ~~~~~~^~~~~~~~~~~~~~~~~~~~~~~~~~~~~~~
TypeError: not all arguments converted during string formatting
not all arguments converted during string formatting
[2026-05-30 12:51:33 +0800] [24506] [INFO] Worker exiting (pid: 24506)
[2026-05-30 12:51:33 +0800] [24509] [ERROR] Exception in worker process
Traceback (most recent call last):
  File "/Users/sunmuchao/Downloads/Her/.venv/lib/python3.12/site-packages/gunicorn/arbiter.py", line 713, in spawn_worker
    worker.init_process()
  File "/Users/sunmuchao/Downloads/Her/.venv/lib/python3.12/site-packages/gunicorn/workers/base.py", line 136, in init_process
    self.load_wsgi()
  File "/Users/sunmuchao/Downloads/Her/.venv/lib/python3.12/site-packages/gunicorn/workers/base.py", line 148, in load_wsgi
    self.wsgi = self.app.wsgi()
                ^^^^^^^^^^^^^^^
  File "/Users/sunmuchao/Downloads/Her/.venv/lib/python3.12/site-packages/gunicorn/app/base.py", line 66, in wsgi
    self.callable = self.load()
                    ^^^^^^^^^^^
  File "/Users/sunmuchao/Downloads/Her/.venv/lib/python3.12/site-packages/gunicorn/app/wsgiapp.py", line 57, in load
    return self.load_wsgiapp()
           ^^^^^^^^^^^^^^^^^^^
  File "/Users/sunmuchao/Downloads/Her/.venv/lib/python3.12/site-packages/gunicorn/app/wsgiapp.py", line 47, in load_wsgiapp
    return util.import_app(self.app_uri)
           ^^^^^^^^^^^^^^^^^^^^^^^^^^^^^
  File "/Users/sunmuchao/Downloads/Her/.venv/lib/python3.12/site-packages/gunicorn/util.py", line 411, in import_app
    mod = importlib.import_module(module)
          ^^^^^^^^^^^^^^^^^^^^^^^^^^^^^^^
  File "/usr/local/Cellar/python@3.12/3.12.7_1/Frameworks/Python.framework/Versions/3.12/lib/python3.12/importlib/__init__.py", line 90, in import_module
    return _bootstrap._gcd_import(name[level:], package, level)
           ^^^^^^^^^^^^^^^^^^^^^^^^^^^^^^^^^^^^^^^^^^^^^^^^^^^^
  File "<frozen importlib._bootstrap>", line 1387, in _gcd_import
  File "<frozen importlib._bootstrap>", line 1360, in _find_and_load
  File "<frozen importlib._bootstrap>", line 1331, in _find_and_load_unlocked
  File "<frozen importlib._bootstrap>", line 935, in _load_unlocked
  File "<frozen importlib._bootstrap_external>", line 995, in exec_module
  File "<frozen importlib._bootstrap>", line 488, in _call_with_frames_removed
  File "/Users/sunmuchao/Downloads/Her/external-systems/partner-http-gateway/gateway/app.py", line 395, in <module>
    _default_gateway = PartnerGateway()
                       ^^^^^^^^^^^^^^^^
  File "/Users/sunmuchao/Downloads/Her/external-systems/partner-http-gateway/gateway/app.py", line 108, in __init__
    self._rec_pool = GatewayConnectionPool(self._recommendation_dsn, "recommendation", max_size=pool_n)
                     ^^^^^^^^^^^^^^^^^^^^^^^^^^^^^^^^^^^^^^^^^^^^^^^^^^^^^^^^^^^^^^^^^^^^^^^^^^^^^^^^^^
  File "/Users/sunmuchao/Downloads/Her/external-systems/partner-http-gateway/gateway/mysql_pool.py", line 33, in __init__
    ensure_database(self._cfg)
  File "/Users/sunmuchao/Downloads/Her/outer_system_mysql_schema.py", line 180, in ensure_database
    cursor.execute(
  File "/Users/sunmuchao/Downloads/Her/.venv/lib/python3.12/site-packages/pymysql/cursors.py", line 155, in execute
    query = self.mogrify(query, args)
            ^^^^^^^^^^^^^^^^^^^^^^^^^
  File "/Users/sunmuchao/Downloads/Her/.venv/lib/python3.12/site-packages/pymysql/cursors.py", line 133, in mogrify
    query = query % self._escape_args(args, conn)
            ~~~~~~^~~~~~~~~~~~~~~~~~~~~~~~~~~~~~~
TypeError: not all arguments converted during string formatting
not all arguments converted during string formatting
[2026-05-30 12:51:33 +0800] [24510] [ERROR] Exception in worker process
Traceback (most recent call last):
  File "/Users/sunmuchao/Downloads/Her/.venv/lib/python3.12/site-packages/gunicorn/arbiter.py", line 713, in spawn_worker
    worker.init_process()
  File "/Users/sunmuchao/Downloads/Her/.venv/lib/python3.12/site-packages/gunicorn/workers/base.py", line 136, in init_process
    self.load_wsgi()
  File "/Users/sunmuchao/Downloads/Her/.venv/lib/python3.12/site-packages/gunicorn/workers/base.py", line 148, in load_wsgi
    self.wsgi = self.app.wsgi()
                ^^^^^^^^^^^^^^^
  File "/Users/sunmuchao/Downloads/Her/.venv/lib/python3.12/site-packages/gunicorn/app/base.py", line 66, in wsgi
    self.callable = self.load()
                    ^^^^^^^^^^^
  File "/Users/sunmuchao/Downloads/Her/.venv/lib/python3.12/site-packages/gunicorn/app/wsgiapp.py", line 57, in load
    return self.load_wsgiapp()
           ^^^^^^^^^^^^^^^^^^^
  File "/Users/sunmuchao/Downloads/Her/.venv/lib/python3.12/site-packages/gunicorn/app/wsgiapp.py", line 47, in load_wsgiapp
    return util.import_app(self.app_uri)
           ^^^^^^^^^^^^^^^^^^^^^^^^^^^^^
  File "/Users/sunmuchao/Downloads/Her/.venv/lib/python3.12/site-packages/gunicorn/util.py", line 411, in import_app
    mod = importlib.import_module(module)
          ^^^^^^^^^^^^^^^^^^^^^^^^^^^^^^^
  File "/usr/local/Cellar/python@3.12/3.12.7_1/Frameworks/Python.framework/Versions/3.12/lib/python3.12/importlib/__init__.py", line 90, in import_module
    return _bootstrap._gcd_import(name[level:], package, level)
           ^^^^^^^^^^^^^^^^^^^^^^^^^^^^^^^^^^^^^^^^^^^^^^^^^^^^
  File "<frozen importlib._bootstrap>", line 1387, in _gcd_import
  File "<frozen importlib._bootstrap>", line 1360, in _find_and_load
  File "<frozen importlib._bootstrap>", line 1331, in _find_and_load_unlocked
  File "<frozen importlib._bootstrap>", line 935, in _load_unlocked
  File "<frozen importlib._bootstrap_external>", line 995, in exec_module
  File "<frozen importlib._bootstrap>", line 488, in _call_with_frames_removed
  File "/Users/sunmuchao/Downloads/Her/external-systems/partner-http-gateway/gateway/app.py", line 395, in <module>
    _default_gateway = PartnerGateway()
                       ^^^^^^^^^^^^^^^^
  File "/Users/sunmuchao/Downloads/Her/external-systems/partner-http-gateway/gateway/app.py", line 108, in __init__
    self._rec_pool = GatewayConnectionPool(self._recommendation_dsn, "recommendation", max_size=pool_n)
                     ^^^^^^^^^^^^^^^^^^^^^^^^^^^^^^^^^^^^^^^^^^^^^^^^^^^^^^^^^^^^^^^^^^^^^^^^^^^^^^^^^^
  File "/Users/sunmuchao/Downloads/Her/external-systems/partner-http-gateway/gateway/mysql_pool.py", line 33, in __init__
    ensure_database(self._cfg)
  File "/Users/sunmuchao/Downloads/Her/outer_system_mysql_schema.py", line 180, in ensure_database
    cursor.execute(
  File "/Users/sunmuchao/Downloads/Her/.venv/lib/python3.12/site-packages/pymysql/cursors.py", line 155, in execute
    query = self.mogrify(query, args)
            ^^^^^^^^^^^^^^^^^^^^^^^^^
  File "/Users/sunmuchao/Downloads/Her/.venv/lib/python3.12/site-packages/pymysql/cursors.py", line 133, in mogrify
    query = query % self._escape_args(args, conn)
            ~~~~~~^~~~~~~~~~~~~~~~~~~~~~~~~~~~~~~
TypeError: not all arguments converted during string formatting
not all arguments converted during string formatting
[2026-05-30 12:51:33 +0800] [24509] [INFO] Worker exiting (pid: 24509)
[2026-05-30 12:51:33 +0800] [24510] [INFO] Worker exiting (pid: 24510)
[2026-05-30 12:51:33 +0800] [24508] [ERROR] Exception in worker process
Traceback (most recent call last):
  File "/Users/sunmuchao/Downloads/Her/.venv/lib/python3.12/site-packages/gunicorn/arbiter.py", line 713, in spawn_worker
    worker.init_process()
  File "/Users/sunmuchao/Downloads/Her/.venv/lib/python3.12/site-packages/gunicorn/workers/base.py", line 136, in init_process
    self.load_wsgi()
  File "/Users/sunmuchao/Downloads/Her/.venv/lib/python3.12/site-packages/gunicorn/workers/base.py", line 148, in load_wsgi
    self.wsgi = self.app.wsgi()
                ^^^^^^^^^^^^^^^
  File "/Users/sunmuchao/Downloads/Her/.venv/lib/python3.12/site-packages/gunicorn/app/base.py", line 66, in wsgi
    self.callable = self.load()
                    ^^^^^^^^^^^
  File "/Users/sunmuchao/Downloads/Her/.venv/lib/python3.12/site-packages/gunicorn/app/wsgiapp.py", line 57, in load
    return self.load_wsgiapp()
           ^^^^^^^^^^^^^^^^^^^
  File "/Users/sunmuchao/Downloads/Her/.venv/lib/python3.12/site-packages/gunicorn/app/wsgiapp.py", line 47, in load_wsgiapp
    return util.import_app(self.app_uri)
           ^^^^^^^^^^^^^^^^^^^^^^^^^^^^^
  File "/Users/sunmuchao/Downloads/Her/.venv/lib/python3.12/site-packages/gunicorn/util.py", line 411, in import_app
    mod = importlib.import_module(module)
          ^^^^^^^^^^^^^^^^^^^^^^^^^^^^^^^
  File "/usr/local/Cellar/python@3.12/3.12.7_1/Frameworks/Python.framework/Versions/3.12/lib/python3.12/importlib/__init__.py", line 90, in import_module
    return _bootstrap._gcd_import(name[level:], package, level)
           ^^^^^^^^^^^^^^^^^^^^^^^^^^^^^^^^^^^^^^^^^^^^^^^^^^^^
  File "<frozen importlib._bootstrap>", line 1387, in _gcd_import
  File "<frozen importlib._bootstrap>", line 1360, in _find_and_load
  File "<frozen importlib._bootstrap>", line 1331, in _find_and_load_unlocked
  File "<frozen importlib._bootstrap>", line 935, in _load_unlocked
  File "<frozen importlib._bootstrap_external>", line 995, in exec_module
  File "<frozen importlib._bootstrap>", line 488, in _call_with_frames_removed
  File "/Users/sunmuchao/Downloads/Her/external-systems/partner-http-gateway/gateway/app.py", line 395, in <module>
    _default_gateway = PartnerGateway()
                       ^^^^^^^^^^^^^^^^
  File "/Users/sunmuchao/Downloads/Her/external-systems/partner-http-gateway/gateway/app.py", line 108, in __init__
    self._rec_pool = GatewayConnectionPool(self._recommendation_dsn, "recommendation", max_size=pool_n)
                     ^^^^^^^^^^^^^^^^^^^^^^^^^^^^^^^^^^^^^^^^^^^^^^^^^^^^^^^^^^^^^^^^^^^^^^^^^^^^^^^^^^
  File "/Users/sunmuchao/Downloads/Her/external-systems/partner-http-gateway/gateway/mysql_pool.py", line 33, in __init__
    ensure_database(self._cfg)
  File "/Users/sunmuchao/Downloads/Her/outer_system_mysql_schema.py", line 180, in ensure_database
    cursor.execute(
  File "/Users/sunmuchao/Downloads/Her/.venv/lib/python3.12/site-packages/pymysql/cursors.py", line 155, in execute
    query = self.mogrify(query, args)
            ^^^^^^^^^^^^^^^^^^^^^^^^^
  File "/Users/sunmuchao/Downloads/Her/.venv/lib/python3.12/site-packages/pymysql/cursors.py", line 133, in mogrify
    query = query % self._escape_args(args, conn)
            ~~~~~~^~~~~~~~~~~~~~~~~~~~~~~~~~~~~~~
TypeError: not all arguments converted during string formatting
not all arguments converted during string formatting
[2026-05-30 12:51:33 +0800] [24508] [INFO] Worker exiting (pid: 24508)
[2026-05-30 12:51:34 +0800] [24482] [ERROR] Worker (pid:24510) exited with code 3.
Traceback (most recent call last):
  File "/Users/sunmuchao/Downloads/Her/.venv/lib/python3.12/site-packages/gunicorn/arbiter.py", line 246, in run
    handler()
  File "/Users/sunmuchao/Downloads/Her/.venv/lib/python3.12/site-packages/gunicorn/arbiter.py", line 271, in handle_chld
    self.reap_workers()
  File "/Users/sunmuchao/Downloads/Her/.venv/lib/python3.12/site-packages/gunicorn/arbiter.py", line 641, in reap_workers
    raise HaltServer(reason, self.WORKER_BOOT_ERROR)
gunicorn.errors.HaltServer: <HaltServer 'Worker failed to boot.' 3>

During handling of the above exception, another exception occurred:

Traceback (most recent call last):
  File "<frozen runpy>", line 198, in _run_module_as_main
  File "<frozen runpy>", line 88, in _run_code
  File "/Users/sunmuchao/Downloads/Her/.venv/lib/python3.12/site-packages/gunicorn/__main__.py", line 10, in <module>
    run(prog="gunicorn")
  File "/Users/sunmuchao/Downloads/Her/.venv/lib/python3.12/site-packages/gunicorn/app/wsgiapp.py", line 66, in run
    WSGIApplication("%(prog)s [OPTIONS] [APP_MODULE]", prog=prog).run()
  File "/Users/sunmuchao/Downloads/Her/.venv/lib/python3.12/site-packages/gunicorn/app/base.py", line 235, in run
    super().run()
  File "/Users/sunmuchao/Downloads/Her/.venv/lib/python3.12/site-packages/gunicorn/app/base.py", line 71, in run
    Arbiter(self).run()
  File "/Users/sunmuchao/Downloads/Her/.venv/lib/python3.12/site-packages/gunicorn/arbiter.py", line 254, in run
    self.halt(reason=inst.reason, exit_status=inst.exit_status)
  File "/Users/sunmuchao/Downloads/Her/.venv/lib/python3.12/site-packages/gunicorn/arbiter.py", line 378, in halt
    self.stop()
  File "/Users/sunmuchao/Downloads/Her/.venv/lib/python3.12/site-packages/gunicorn/arbiter.py", line 458, in stop
    self.reap_workers()
  File "/Users/sunmuchao/Downloads/Her/.venv/lib/python3.12/site-packages/gunicorn/arbiter.py", line 641, in reap_workers
    raise HaltServer(reason, self.WORKER_BOOT_ERROR)
gunicorn.errors.HaltServer: <HaltServer 'Worker failed to boot.' 3>
[2026-05-30 12:59:13 +0800] [24970] [INFO] Starting gunicorn 26.0.0
[2026-05-30 12:59:13 +0800] [24970] [INFO] Listening at: http://127.0.0.1:8765 (24970)
[2026-05-30 12:59:13 +0800] [24970] [INFO] Using worker: sync
[2026-05-30 12:59:13 +0800] [24973] [INFO] Booting worker with pid: 24973
[2026-05-30 12:59:13 +0800] [24975] [INFO] Booting worker with pid: 24975
[2026-05-30 12:59:13 +0800] [24976] [INFO] Booting worker with pid: 24976
[2026-05-30 12:59:14 +0800] [24977] [INFO] Booting worker with pid: 24977
[2026-05-30 12:59:14 +0800] [24978] [INFO] Booting worker with pid: 24978
[2026-05-30 12:59:14 +0800] [24979] [INFO] Booting worker with pid: 24979
[2026-05-30 12:59:14 +0800] [24973] [ERROR] Exception in worker process
Traceback (most recent call last):
  File "/Users/sunmuchao/Downloads/Her/.venv/lib/python3.12/site-packages/gunicorn/arbiter.py", line 713, in spawn_worker
    worker.init_process()
  File "/Users/sunmuchao/Downloads/Her/.venv/lib/python3.12/site-packages/gunicorn/workers/base.py", line 136, in init_process
    self.load_wsgi()
  File "/Users/sunmuchao/Downloads/Her/.venv/lib/python3.12/site-packages/gunicorn/workers/base.py", line 148, in load_wsgi
    self.wsgi = self.app.wsgi()
                ^^^^^^^^^^^^^^^
  File "/Users/sunmuchao/Downloads/Her/.venv/lib/python3.12/site-packages/gunicorn/app/base.py", line 66, in wsgi
    self.callable = self.load()
                    ^^^^^^^^^^^
  File "/Users/sunmuchao/Downloads/Her/.venv/lib/python3.12/site-packages/gunicorn/app/wsgiapp.py", line 57, in load
    return self.load_wsgiapp()
           ^^^^^^^^^^^^^^^^^^^
  File "/Users/sunmuchao/Downloads/Her/.venv/lib/python3.12/site-packages/gunicorn/app/wsgiapp.py", line 47, in load_wsgiapp
    return util.import_app(self.app_uri)
           ^^^^^^^^^^^^^^^^^^^^^^^^^^^^^
  File "/Users/sunmuchao/Downloads/Her/.venv/lib/python3.12/site-packages/gunicorn/util.py", line 411, in import_app
    mod = importlib.import_module(module)
          ^^^^^^^^^^^^^^^^^^^^^^^^^^^^^^^
  File "/usr/local/Cellar/python@3.12/3.12.7_1/Frameworks/Python.framework/Versions/3.12/lib/python3.12/importlib/__init__.py", line 90, in import_module
    return _bootstrap._gcd_import(name[level:], package, level)
           ^^^^^^^^^^^^^^^^^^^^^^^^^^^^^^^^^^^^^^^^^^^^^^^^^^^^
  File "<frozen importlib._bootstrap>", line 1387, in _gcd_import
  File "<frozen importlib._bootstrap>", line 1360, in _find_and_load
  File "<frozen importlib._bootstrap>", line 1331, in _find_and_load_unlocked
  File "<frozen importlib._bootstrap>", line 935, in _load_unlocked
  File "<frozen importlib._bootstrap_external>", line 995, in exec_module
  File "<frozen importlib._bootstrap>", line 488, in _call_with_frames_removed
  File "/Users/sunmuchao/Downloads/Her/external-systems/partner-http-gateway/gateway/app.py", line 395, in <module>
    _default_gateway = PartnerGateway()
                       ^^^^^^^^^^^^^^^^
  File "/Users/sunmuchao/Downloads/Her/external-systems/partner-http-gateway/gateway/app.py", line 108, in __init__
    self._rec_pool = GatewayConnectionPool(self._recommendation_dsn, "recommendation", max_size=pool_n)
                     ^^^^^^^^^^^^^^^^^^^^^^^^^^^^^^^^^^^^^^^^^^^^^^^^^^^^^^^^^^^^^^^^^^^^^^^^^^^^^^^^^^
  File "/Users/sunmuchao/Downloads/Her/external-systems/partner-http-gateway/gateway/mysql_pool.py", line 33, in __init__
    ensure_database(self._cfg)
  File "/Users/sunmuchao/Downloads/Her/outer_system_mysql_schema.py", line 180, in ensure_database
    cursor.execute(
  File "/Users/sunmuchao/Downloads/Her/.venv/lib/python3.12/site-packages/pymysql/cursors.py", line 155, in execute
    query = self.mogrify(query, args)
            ^^^^^^^^^^^^^^^^^^^^^^^^^
  File "/Users/sunmuchao/Downloads/Her/.venv/lib/python3.12/site-packages/pymysql/cursors.py", line 133, in mogrify
    query = query % self._escape_args(args, conn)
            ~~~~~~^~~~~~~~~~~~~~~~~~~~~~~~~~~~~~~
TypeError: not all arguments converted during string formatting
not all arguments converted during string formatting
[2026-05-30 12:59:14 +0800] [24973] [INFO] Worker exiting (pid: 24973)
[2026-05-30 12:59:14 +0800] [24975] [ERROR] Exception in worker process
Traceback (most recent call last):
  File "/Users/sunmuchao/Downloads/Her/.venv/lib/python3.12/site-packages/gunicorn/arbiter.py", line 713, in spawn_worker
    worker.init_process()
  File "/Users/sunmuchao/Downloads/Her/.venv/lib/python3.12/site-packages/gunicorn/workers/base.py", line 136, in init_process
    self.load_wsgi()
  File "/Users/sunmuchao/Downloads/Her/.venv/lib/python3.12/site-packages/gunicorn/workers/base.py", line 148, in load_wsgi
    self.wsgi = self.app.wsgi()
                ^^^^^^^^^^^^^^^
  File "/Users/sunmuchao/Downloads/Her/.venv/lib/python3.12/site-packages/gunicorn/app/base.py", line 66, in wsgi
    self.callable = self.load()
                    ^^^^^^^^^^^
  File "/Users/sunmuchao/Downloads/Her/.venv/lib/python3.12/site-packages/gunicorn/app/wsgiapp.py", line 57, in load
    return self.load_wsgiapp()
           ^^^^^^^^^^^^^^^^^^^
  File "/Users/sunmuchao/Downloads/Her/.venv/lib/python3.12/site-packages/gunicorn/app/wsgiapp.py", line 47, in load_wsgiapp
    return util.import_app(self.app_uri)
           ^^^^^^^^^^^^^^^^^^^^^^^^^^^^^
  File "/Users/sunmuchao/Downloads/Her/.venv/lib/python3.12/site-packages/gunicorn/util.py", line 411, in import_app
    mod = importlib.import_module(module)
          ^^^^^^^^^^^^^^^^^^^^^^^^^^^^^^^
  File "/usr/local/Cellar/python@3.12/3.12.7_1/Frameworks/Python.framework/Versions/3.12/lib/python3.12/importlib/__init__.py", line 90, in import_module
    return _bootstrap._gcd_import(name[level:], package, level)
           ^^^^^^^^^^^^^^^^^^^^^^^^^^^^^^^^^^^^^^^^^^^^^^^^^^^^
  File "<frozen importlib._bootstrap>", line 1387, in _gcd_import
  File "<frozen importlib._bootstrap>", line 1360, in _find_and_load
  File "<frozen importlib._bootstrap>", line 1331, in _find_and_load_unlocked
  File "<frozen importlib._bootstrap>", line 935, in _load_unlocked
  File "<frozen importlib._bootstrap_external>", line 995, in exec_module
  File "<frozen importlib._bootstrap>", line 488, in _call_with_frames_removed
  File "/Users/sunmuchao/Downloads/Her/external-systems/partner-http-gateway/gateway/app.py", line 395, in <module>
    _default_gateway = PartnerGateway()
                       ^^^^^^^^^^^^^^^^
  File "/Users/sunmuchao/Downloads/Her/external-systems/partner-http-gateway/gateway/app.py", line 108, in __init__
    self._rec_pool = GatewayConnectionPool(self._recommendation_dsn, "recommendation", max_size=pool_n)
                     ^^^^^^^^^^^^^^^^^^^^^^^^^^^^^^^^^^^^^^^^^^^^^^^^^^^^^^^^^^^^^^^^^^^^^^^^^^^^^^^^^^
  File "/Users/sunmuchao/Downloads/Her/external-systems/partner-http-gateway/gateway/mysql_pool.py", line 33, in __init__
    ensure_database(self._cfg)
  File "/Users/sunmuchao/Downloads/Her/outer_system_mysql_schema.py", line 180, in ensure_database
    cursor.execute(
  File "/Users/sunmuchao/Downloads/Her/.venv/lib/python3.12/site-packages/pymysql/cursors.py", line 155, in execute
    query = self.mogrify(query, args)
            ^^^^^^^^^^^^^^^^^^^^^^^^^
  File "/Users/sunmuchao/Downloads/Her/.venv/lib/python3.12/site-packages/pymysql/cursors.py", line 133, in mogrify
    query = query % self._escape_args(args, conn)
            ~~~~~~^~~~~~~~~~~~~~~~~~~~~~~~~~~~~~~
TypeError: not all arguments converted during string formatting
not all arguments converted during string formatting
[2026-05-30 12:59:14 +0800] [24975] [INFO] Worker exiting (pid: 24975)
[2026-05-30 12:59:14 +0800] [24980] [INFO] Booting worker with pid: 24980
[2026-05-30 12:59:14 +0800] [24981] [INFO] Booting worker with pid: 24981
[2026-05-30 12:59:14 +0800] [24982] [INFO] Booting worker with pid: 24982
[2026-05-30 12:59:14 +0800] [24983] [INFO] Booting worker with pid: 24983
[2026-05-30 12:59:14 +0800] [24976] [ERROR] Exception in worker process
Traceback (most recent call last):
  File "/Users/sunmuchao/Downloads/Her/.venv/lib/python3.12/site-packages/gunicorn/arbiter.py", line 713, in spawn_worker
    worker.init_process()
  File "/Users/sunmuchao/Downloads/Her/.venv/lib/python3.12/site-packages/gunicorn/workers/base.py", line 136, in init_process
    self.load_wsgi()
  File "/Users/sunmuchao/Downloads/Her/.venv/lib/python3.12/site-packages/gunicorn/workers/base.py", line 148, in load_wsgi
    self.wsgi = self.app.wsgi()
                ^^^^^^^^^^^^^^^
  File "/Users/sunmuchao/Downloads/Her/.venv/lib/python3.12/site-packages/gunicorn/app/base.py", line 66, in wsgi
    self.callable = self.load()
                    ^^^^^^^^^^^
  File "/Users/sunmuchao/Downloads/Her/.venv/lib/python3.12/site-packages/gunicorn/app/wsgiapp.py", line 57, in load
    return self.load_wsgiapp()
           ^^^^^^^^^^^^^^^^^^^
  File "/Users/sunmuchao/Downloads/Her/.venv/lib/python3.12/site-packages/gunicorn/app/wsgiapp.py", line 47, in load_wsgiapp
    return util.import_app(self.app_uri)
           ^^^^^^^^^^^^^^^^^^^^^^^^^^^^^
  File "/Users/sunmuchao/Downloads/Her/.venv/lib/python3.12/site-packages/gunicorn/util.py", line 411, in import_app
    mod = importlib.import_module(module)
          ^^^^^^^^^^^^^^^^^^^^^^^^^^^^^^^
  File "/usr/local/Cellar/python@3.12/3.12.7_1/Frameworks/Python.framework/Versions/3.12/lib/python3.12/importlib/__init__.py", line 90, in import_module
    return _bootstrap._gcd_import(name[level:], package, level)
           ^^^^^^^^^^^^^^^^^^^^^^^^^^^^^^^^^^^^^^^^^^^^^^^^^^^^
  File "<frozen importlib._bootstrap>", line 1387, in _gcd_import
  File "<frozen importlib._bootstrap>", line 1360, in _find_and_load
  File "<frozen importlib._bootstrap>", line 1331, in _find_and_load_unlocked
  File "<frozen importlib._bootstrap>", line 935, in _load_unlocked
  File "<frozen importlib._bootstrap_external>", line 995, in exec_module
  File "<frozen importlib._bootstrap>", line 488, in _call_with_frames_removed
  File "/Users/sunmuchao/Downloads/Her/external-systems/partner-http-gateway/gateway/app.py", line 395, in <module>
    _default_gateway = PartnerGateway()
                       ^^^^^^^^^^^^^^^^
  File "/Users/sunmuchao/Downloads/Her/external-systems/partner-http-gateway/gateway/app.py", line 108, in __init__
    self._rec_pool = GatewayConnectionPool(self._recommendation_dsn, "recommendation", max_size=pool_n)
                     ^^^^^^^^^^^^^^^^^^^^^^^^^^^^^^^^^^^^^^^^^^^^^^^^^^^^^^^^^^^^^^^^^^^^^^^^^^^^^^^^^^
  File "/Users/sunmuchao/Downloads/Her/external-systems/partner-http-gateway/gateway/mysql_pool.py", line 33, in __init__
    ensure_database(self._cfg)
  File "/Users/sunmuchao/Downloads/Her/outer_system_mysql_schema.py", line 180, in ensure_database
    cursor.execute(
  File "/Users/sunmuchao/Downloads/Her/.venv/lib/python3.12/site-packages/pymysql/cursors.py", line 155, in execute
    query = self.mogrify(query, args)
            ^^^^^^^^^^^^^^^^^^^^^^^^^
  File "/Users/sunmuchao/Downloads/Her/.venv/lib/python3.12/site-packages/pymysql/cursors.py", line 133, in mogrify
    query = query % self._escape_args(args, conn)
            ~~~~~~^~~~~~~~~~~~~~~~~~~~~~~~~~~~~~~
TypeError: not all arguments converted during string formatting
not all arguments converted during string formatting
[2026-05-30 12:59:14 +0800] [24976] [INFO] Worker exiting (pid: 24976)
[2026-05-30 12:59:14 +0800] [24984] [INFO] Booting worker with pid: 24984
[2026-05-30 12:59:14 +0800] [24985] [INFO] Booting worker with pid: 24985
[2026-05-30 12:59:14 +0800] [24986] [INFO] Booting worker with pid: 24986
[2026-05-30 12:59:14 +0800] [24987] [INFO] Booting worker with pid: 24987
[2026-05-30 12:59:14 +0800] [24988] [INFO] Booting worker with pid: 24988
[2026-05-30 12:59:14 +0800] [24977] [ERROR] Exception in worker process
Traceback (most recent call last):
  File "/Users/sunmuchao/Downloads/Her/.venv/lib/python3.12/site-packages/gunicorn/arbiter.py", line 713, in spawn_worker
    worker.init_process()
  File "/Users/sunmuchao/Downloads/Her/.venv/lib/python3.12/site-packages/gunicorn/workers/base.py", line 136, in init_process
    self.load_wsgi()
  File "/Users/sunmuchao/Downloads/Her/.venv/lib/python3.12/site-packages/gunicorn/workers/base.py", line 148, in load_wsgi
    self.wsgi = self.app.wsgi()
                ^^^^^^^^^^^^^^^
  File "/Users/sunmuchao/Downloads/Her/.venv/lib/python3.12/site-packages/gunicorn/app/base.py", line 66, in wsgi
    self.callable = self.load()
                    ^^^^^^^^^^^
  File "/Users/sunmuchao/Downloads/Her/.venv/lib/python3.12/site-packages/gunicorn/app/wsgiapp.py", line 57, in load
    return self.load_wsgiapp()
           ^^^^^^^^^^^^^^^^^^^
  File "/Users/sunmuchao/Downloads/Her/.venv/lib/python3.12/site-packages/gunicorn/app/wsgiapp.py", line 47, in load_wsgiapp
    return util.import_app(self.app_uri)
           ^^^^^^^^^^^^^^^^^^^^^^^^^^^^^
  File "/Users/sunmuchao/Downloads/Her/.venv/lib/python3.12/site-packages/gunicorn/util.py", line 411, in import_app
    mod = importlib.import_module(module)
          ^^^^^^^^^^^^^^^^^^^^^^^^^^^^^^^
  File "/usr/local/Cellar/python@3.12/3.12.7_1/Frameworks/Python.framework/Versions/3.12/lib/python3.12/importlib/__init__.py", line 90, in import_module
    return _bootstrap._gcd_import(name[level:], package, level)
           ^^^^^^^^^^^^^^^^^^^^^^^^^^^^^^^^^^^^^^^^^^^^^^^^^^^^
  File "<frozen importlib._bootstrap>", line 1387, in _gcd_import
  File "<frozen importlib._bootstrap>", line 1360, in _find_and_load
  File "<frozen importlib._bootstrap>", line 1331, in _find_and_load_unlocked
  File "<frozen importlib._bootstrap>", line 935, in _load_unlocked
  File "<frozen importlib._bootstrap_external>", line 995, in exec_module
  File "<frozen importlib._bootstrap>", line 488, in _call_with_frames_removed
  File "/Users/sunmuchao/Downloads/Her/external-systems/partner-http-gateway/gateway/app.py", line 395, in <module>
    _default_gateway = PartnerGateway()
                       ^^^^^^^^^^^^^^^^
  File "/Users/sunmuchao/Downloads/Her/external-systems/partner-http-gateway/gateway/app.py", line 108, in __init__
    self._rec_pool = GatewayConnectionPool(self._recommendation_dsn, "recommendation", max_size=pool_n)
                     ^^^^^^^^^^^^^^^^^^^^^^^^^^^^^^^^^^^^^^^^^^^^^^^^^^^^^^^^^^^^^^^^^^^^^^^^^^^^^^^^^^
  File "/Users/sunmuchao/Downloads/Her/external-systems/partner-http-gateway/gateway/mysql_pool.py", line 33, in __init__
    ensure_database(self._cfg)
  File "/Users/sunmuchao/Downloads/Her/outer_system_mysql_schema.py", line 180, in ensure_database
    cursor.execute(
  File "/Users/sunmuchao/Downloads/Her/.venv/lib/python3.12/site-packages/pymysql/cursors.py", line 155, in execute
    query = self.mogrify(query, args)
            ^^^^^^^^^^^^^^^^^^^^^^^^^
  File "/Users/sunmuchao/Downloads/Her/.venv/lib/python3.12/site-packages/pymysql/cursors.py", line 133, in mogrify
    query = query % self._escape_args(args, conn)
            ~~~~~~^~~~~~~~~~~~~~~~~~~~~~~~~~~~~~~
TypeError: not all arguments converted during string formatting
not all arguments converted during string formatting
[2026-05-30 12:59:14 +0800] [24977] [INFO] Worker exiting (pid: 24977)
[2026-05-30 12:59:14 +0800] [24989] [INFO] Booting worker with pid: 24989
[2026-05-30 12:59:14 +0800] [24990] [INFO] Booting worker with pid: 24990
[2026-05-30 12:59:14 +0800] [24991] [INFO] Booting worker with pid: 24991
[2026-05-30 12:59:14 +0800] [24978] [ERROR] Exception in worker process
Traceback (most recent call last):
  File "/Users/sunmuchao/Downloads/Her/.venv/lib/python3.12/site-packages/gunicorn/arbiter.py", line 713, in spawn_worker
    worker.init_process()
  File "/Users/sunmuchao/Downloads/Her/.venv/lib/python3.12/site-packages/gunicorn/workers/base.py", line 136, in init_process
    self.load_wsgi()
  File "/Users/sunmuchao/Downloads/Her/.venv/lib/python3.12/site-packages/gunicorn/workers/base.py", line 148, in load_wsgi
    self.wsgi = self.app.wsgi()
                ^^^^^^^^^^^^^^^
  File "/Users/sunmuchao/Downloads/Her/.venv/lib/python3.12/site-packages/gunicorn/app/base.py", line 66, in wsgi
    self.callable = self.load()
                    ^^^^^^^^^^^
  File "/Users/sunmuchao/Downloads/Her/.venv/lib/python3.12/site-packages/gunicorn/app/wsgiapp.py", line 57, in load
    return self.load_wsgiapp()
           ^^^^^^^^^^^^^^^^^^^
  File "/Users/sunmuchao/Downloads/Her/.venv/lib/python3.12/site-packages/gunicorn/app/wsgiapp.py", line 47, in load_wsgiapp
    return util.import_app(self.app_uri)
           ^^^^^^^^^^^^^^^^^^^^^^^^^^^^^
  File "/Users/sunmuchao/Downloads/Her/.venv/lib/python3.12/site-packages/gunicorn/util.py", line 411, in import_app
    mod = importlib.import_module(module)
          ^^^^^^^^^^^^^^^^^^^^^^^^^^^^^^^
  File "/usr/local/Cellar/python@3.12/3.12.7_1/Frameworks/Python.framework/Versions/3.12/lib/python3.12/importlib/__init__.py", line 90, in import_module
    return _bootstrap._gcd_import(name[level:], package, level)
           ^^^^^^^^^^^^^^^^^^^^^^^^^^^^^^^^^^^^^^^^^^^^^^^^^^^^
  File "<frozen importlib._bootstrap>", line 1387, in _gcd_import
  File "<frozen importlib._bootstrap>", line 1360, in _find_and_load
  File "<frozen importlib._bootstrap>", line 1331, in _find_and_load_unlocked
  File "<frozen importlib._bootstrap>", line 935, in _load_unlocked
  File "<frozen importlib._bootstrap_external>", line 995, in exec_module
  File "<frozen importlib._bootstrap>", line 488, in _call_with_frames_removed
  File "/Users/sunmuchao/Downloads/Her/external-systems/partner-http-gateway/gateway/app.py", line 395, in <module>
    _default_gateway = PartnerGateway()
                       ^^^^^^^^^^^^^^^^
  File "/Users/sunmuchao/Downloads/Her/external-systems/partner-http-gateway/gateway/app.py", line 108, in __init__
    self._rec_pool = GatewayConnectionPool(self._recommendation_dsn, "recommendation", max_size=pool_n)
                     ^^^^^^^^^^^^^^^^^^^^^^^^^^^^^^^^^^^^^^^^^^^^^^^^^^^^^^^^^^^^^^^^^^^^^^^^^^^^^^^^^^
  File "/Users/sunmuchao/Downloads/Her/external-systems/partner-http-gateway/gateway/mysql_pool.py", line 33, in __init__
    ensure_database(self._cfg)
  File "/Users/sunmuchao/Downloads/Her/outer_system_mysql_schema.py", line 180, in ensure_database
    cursor.execute(
  File "/Users/sunmuchao/Downloads/Her/.venv/lib/python3.12/site-packages/pymysql/cursors.py", line 155, in execute
    query = self.mogrify(query, args)
            ^^^^^^^^^^^^^^^^^^^^^^^^^
  File "/Users/sunmuchao/Downloads/Her/.venv/lib/python3.12/site-packages/pymysql/cursors.py", line 133, in mogrify
    query = query % self._escape_args(args, conn)
            ~~~~~~^~~~~~~~~~~~~~~~~~~~~~~~~~~~~~~
TypeError: not all arguments converted during string formatting
not all arguments converted during string formatting
[2026-05-30 12:59:14 +0800] [24978] [INFO] Worker exiting (pid: 24978)
[2026-05-30 12:59:14 +0800] [24992] [INFO] Booting worker with pid: 24992
[2026-05-30 12:59:14 +0800] [24993] [INFO] Booting worker with pid: 24993
[2026-05-30 12:59:14 +0800] [24979] [ERROR] Exception in worker process
Traceback (most recent call last):
  File "/Users/sunmuchao/Downloads/Her/.venv/lib/python3.12/site-packages/gunicorn/arbiter.py", line 713, in spawn_worker
    worker.init_process()
  File "/Users/sunmuchao/Downloads/Her/.venv/lib/python3.12/site-packages/gunicorn/workers/base.py", line 136, in init_process
    self.load_wsgi()
  File "/Users/sunmuchao/Downloads/Her/.venv/lib/python3.12/site-packages/gunicorn/workers/base.py", line 148, in load_wsgi
    self.wsgi = self.app.wsgi()
                ^^^^^^^^^^^^^^^
  File "/Users/sunmuchao/Downloads/Her/.venv/lib/python3.12/site-packages/gunicorn/app/base.py", line 66, in wsgi
    self.callable = self.load()
                    ^^^^^^^^^^^
  File "/Users/sunmuchao/Downloads/Her/.venv/lib/python3.12/site-packages/gunicorn/app/wsgiapp.py", line 57, in load
    return self.load_wsgiapp()
           ^^^^^^^^^^^^^^^^^^^
  File "/Users/sunmuchao/Downloads/Her/.venv/lib/python3.12/site-packages/gunicorn/app/wsgiapp.py", line 47, in load_wsgiapp
    return util.import_app(self.app_uri)
           ^^^^^^^^^^^^^^^^^^^^^^^^^^^^^
  File "/Users/sunmuchao/Downloads/Her/.venv/lib/python3.12/site-packages/gunicorn/util.py", line 411, in import_app
    mod = importlib.import_module(module)
          ^^^^^^^^^^^^^^^^^^^^^^^^^^^^^^^
  File "/usr/local/Cellar/python@3.12/3.12.7_1/Frameworks/Python.framework/Versions/3.12/lib/python3.12/importlib/__init__.py", line 90, in import_module
    return _bootstrap._gcd_import(name[level:], package, level)
           ^^^^^^^^^^^^^^^^^^^^^^^^^^^^^^^^^^^^^^^^^^^^^^^^^^^^
  File "<frozen importlib._bootstrap>", line 1387, in _gcd_import
  File "<frozen importlib._bootstrap>", line 1360, in _find_and_load
  File "<frozen importlib._bootstrap>", line 1331, in _find_and_load_unlocked
  File "<frozen importlib._bootstrap>", line 935, in _load_unlocked
  File "<frozen importlib._bootstrap_external>", line 995, in exec_module
  File "<frozen importlib._bootstrap>", line 488, in _call_with_frames_removed
  File "/Users/sunmuchao/Downloads/Her/external-systems/partner-http-gateway/gateway/app.py", line 395, in <module>
    _default_gateway = PartnerGateway()
                       ^^^^^^^^^^^^^^^^
  File "/Users/sunmuchao/Downloads/Her/external-systems/partner-http-gateway/gateway/app.py", line 108, in __init__
    self._rec_pool = GatewayConnectionPool(self._recommendation_dsn, "recommendation", max_size=pool_n)
                     ^^^^^^^^^^^^^^^^^^^^^^^^^^^^^^^^^^^^^^^^^^^^^^^^^^^^^^^^^^^^^^^^^^^^^^^^^^^^^^^^^^
  File "/Users/sunmuchao/Downloads/Her/external-systems/partner-http-gateway/gateway/mysql_pool.py", line 33, in __init__
    ensure_database(self._cfg)
  File "/Users/sunmuchao/Downloads/Her/outer_system_mysql_schema.py", line 180, in ensure_database
    cursor.execute(
  File "/Users/sunmuchao/Downloads/Her/.venv/lib/python3.12/site-packages/pymysql/cursors.py", line 155, in execute
    query = self.mogrify(query, args)
            ^^^^^^^^^^^^^^^^^^^^^^^^^
  File "/Users/sunmuchao/Downloads/Her/.venv/lib/python3.12/site-packages/pymysql/cursors.py", line 133, in mogrify
    query = query % self._escape_args(args, conn)
            ~~~~~~^~~~~~~~~~~~~~~~~~~~~~~~~~~~~~~
TypeError: not all arguments converted during string formatting
not all arguments converted during string formatting
[2026-05-30 12:59:14 +0800] [24979] [INFO] Worker exiting (pid: 24979)
[2026-05-30 12:59:14 +0800] [24994] [INFO] Booting worker with pid: 24994
[2026-05-30 12:59:14 +0800] [24995] [INFO] Booting worker with pid: 24995
[2026-05-30 12:59:14 +0800] [24980] [ERROR] Exception in worker process
Traceback (most recent call last):
  File "/Users/sunmuchao/Downloads/Her/.venv/lib/python3.12/site-packages/gunicorn/arbiter.py", line 713, in spawn_worker
    worker.init_process()
  File "/Users/sunmuchao/Downloads/Her/.venv/lib/python3.12/site-packages/gunicorn/workers/base.py", line 136, in init_process
    self.load_wsgi()
  File "/Users/sunmuchao/Downloads/Her/.venv/lib/python3.12/site-packages/gunicorn/workers/base.py", line 148, in load_wsgi
    self.wsgi = self.app.wsgi()
                ^^^^^^^^^^^^^^^
  File "/Users/sunmuchao/Downloads/Her/.venv/lib/python3.12/site-packages/gunicorn/app/base.py", line 66, in wsgi
    self.callable = self.load()
                    ^^^^^^^^^^^
  File "/Users/sunmuchao/Downloads/Her/.venv/lib/python3.12/site-packages/gunicorn/app/wsgiapp.py", line 57, in load
    return self.load_wsgiapp()
           ^^^^^^^^^^^^^^^^^^^
  File "/Users/sunmuchao/Downloads/Her/.venv/lib/python3.12/site-packages/gunicorn/app/wsgiapp.py", line 47, in load_wsgiapp
    return util.import_app(self.app_uri)
           ^^^^^^^^^^^^^^^^^^^^^^^^^^^^^
  File "/Users/sunmuchao/Downloads/Her/.venv/lib/python3.12/site-packages/gunicorn/util.py", line 411, in import_app
    mod = importlib.import_module(module)
          ^^^^^^^^^^^^^^^^^^^^^^^^^^^^^^^
  File "/usr/local/Cellar/python@3.12/3.12.7_1/Frameworks/Python.framework/Versions/3.12/lib/python3.12/importlib/__init__.py", line 90, in import_module
    return _bootstrap._gcd_import(name[level:], package, level)
           ^^^^^^^^^^^^^^^^^^^^^^^^^^^^^^^^^^^^^^^^^^^^^^^^^^^^
  File "<frozen importlib._bootstrap>", line 1387, in _gcd_import
  File "<frozen importlib._bootstrap>", line 1360, in _find_and_load
  File "<frozen importlib._bootstrap>", line 1331, in _find_and_load_unlocked
  File "<frozen importlib._bootstrap>", line 935, in _load_unlocked
  File "<frozen importlib._bootstrap_external>", line 995, in exec_module
  File "<frozen importlib._bootstrap>", line 488, in _call_with_frames_removed
  File "/Users/sunmuchao/Downloads/Her/external-systems/partner-http-gateway/gateway/app.py", line 395, in <module>
    _default_gateway = PartnerGateway()
                       ^^^^^^^^^^^^^^^^
  File "/Users/sunmuchao/Downloads/Her/external-systems/partner-http-gateway/gateway/app.py", line 108, in __init__
    self._rec_pool = GatewayConnectionPool(self._recommendation_dsn, "recommendation", max_size=pool_n)
                     ^^^^^^^^^^^^^^^^^^^^^^^^^^^^^^^^^^^^^^^^^^^^^^^^^^^^^^^^^^^^^^^^^^^^^^^^^^^^^^^^^^
  File "/Users/sunmuchao/Downloads/Her/external-systems/partner-http-gateway/gateway/mysql_pool.py", line 33, in __init__
    ensure_database(self._cfg)
  File "/Users/sunmuchao/Downloads/Her/outer_system_mysql_schema.py", line 180, in ensure_database
    cursor.execute(
  File "/Users/sunmuchao/Downloads/Her/.venv/lib/python3.12/site-packages/pymysql/cursors.py", line 155, in execute
    query = self.mogrify(query, args)
            ^^^^^^^^^^^^^^^^^^^^^^^^^
  File "/Users/sunmuchao/Downloads/Her/.venv/lib/python3.12/site-packages/pymysql/cursors.py", line 133, in mogrify
    query = query % self._escape_args(args, conn)
            ~~~~~~^~~~~~~~~~~~~~~~~~~~~~~~~~~~~~~
TypeError: not all arguments converted during string formatting
not all arguments converted during string formatting
[2026-05-30 12:59:14 +0800] [24980] [INFO] Worker exiting (pid: 24980)
[2026-05-30 12:59:15 +0800] [24996] [INFO] Booting worker with pid: 24996
[2026-05-30 12:59:15 +0800] [24997] [INFO] Booting worker with pid: 24997
[2026-05-30 12:59:15 +0800] [24981] [ERROR] Exception in worker process
Traceback (most recent call last):
  File "/Users/sunmuchao/Downloads/Her/.venv/lib/python3.12/site-packages/gunicorn/arbiter.py", line 713, in spawn_worker
    worker.init_process()
  File "/Users/sunmuchao/Downloads/Her/.venv/lib/python3.12/site-packages/gunicorn/workers/base.py", line 136, in init_process
    self.load_wsgi()
  File "/Users/sunmuchao/Downloads/Her/.venv/lib/python3.12/site-packages/gunicorn/workers/base.py", line 148, in load_wsgi
    self.wsgi = self.app.wsgi()
                ^^^^^^^^^^^^^^^
  File "/Users/sunmuchao/Downloads/Her/.venv/lib/python3.12/site-packages/gunicorn/app/base.py", line 66, in wsgi
    self.callable = self.load()
                    ^^^^^^^^^^^
  File "/Users/sunmuchao/Downloads/Her/.venv/lib/python3.12/site-packages/gunicorn/app/wsgiapp.py", line 57, in load
    return self.load_wsgiapp()
           ^^^^^^^^^^^^^^^^^^^
  File "/Users/sunmuchao/Downloads/Her/.venv/lib/python3.12/site-packages/gunicorn/app/wsgiapp.py", line 47, in load_wsgiapp
    return util.import_app(self.app_uri)
           ^^^^^^^^^^^^^^^^^^^^^^^^^^^^^
  File "/Users/sunmuchao/Downloads/Her/.venv/lib/python3.12/site-packages/gunicorn/util.py", line 411, in import_app
    mod = importlib.import_module(module)
          ^^^^^^^^^^^^^^^^^^^^^^^^^^^^^^^
  File "/usr/local/Cellar/python@3.12/3.12.7_1/Frameworks/Python.framework/Versions/3.12/lib/python3.12/importlib/__init__.py", line 90, in import_module
    return _bootstrap._gcd_import(name[level:], package, level)
           ^^^^^^^^^^^^^^^^^^^^^^^^^^^^^^^^^^^^^^^^^^^^^^^^^^^^
  File "<frozen importlib._bootstrap>", line 1387, in _gcd_import
  File "<frozen importlib._bootstrap>", line 1360, in _find_and_load
  File "<frozen importlib._bootstrap>", line 1331, in _find_and_load_unlocked
  File "<frozen importlib._bootstrap>", line 935, in _load_unlocked
  File "<frozen importlib._bootstrap_external>", line 995, in exec_module
  File "<frozen importlib._bootstrap>", line 488, in _call_with_frames_removed
  File "/Users/sunmuchao/Downloads/Her/external-systems/partner-http-gateway/gateway/app.py", line 395, in <module>
    _default_gateway = PartnerGateway()
                       ^^^^^^^^^^^^^^^^
  File "/Users/sunmuchao/Downloads/Her/external-systems/partner-http-gateway/gateway/app.py", line 108, in __init__
    self._rec_pool = GatewayConnectionPool(self._recommendation_dsn, "recommendation", max_size=pool_n)
                     ^^^^^^^^^^^^^^^^^^^^^^^^^^^^^^^^^^^^^^^^^^^^^^^^^^^^^^^^^^^^^^^^^^^^^^^^^^^^^^^^^^
  File "/Users/sunmuchao/Downloads/Her/external-systems/partner-http-gateway/gateway/mysql_pool.py", line 33, in __init__
    ensure_database(self._cfg)
  File "/Users/sunmuchao/Downloads/Her/outer_system_mysql_schema.py", line 180, in ensure_database
    cursor.execute(
  File "/Users/sunmuchao/Downloads/Her/.venv/lib/python3.12/site-packages/pymysql/cursors.py", line 155, in execute
    query = self.mogrify(query, args)
            ^^^^^^^^^^^^^^^^^^^^^^^^^
  File "/Users/sunmuchao/Downloads/Her/.venv/lib/python3.12/site-packages/pymysql/cursors.py", line 133, in mogrify
    query = query % self._escape_args(args, conn)
            ~~~~~~^~~~~~~~~~~~~~~~~~~~~~~~~~~~~~~
TypeError: not all arguments converted during string formatting
not all arguments converted during string formatting
[2026-05-30 12:59:15 +0800] [24981] [INFO] Worker exiting (pid: 24981)
[2026-05-30 12:59:15 +0800] [24982] [ERROR] Exception in worker process
Traceback (most recent call last):
  File "/Users/sunmuchao/Downloads/Her/.venv/lib/python3.12/site-packages/gunicorn/arbiter.py", line 713, in spawn_worker
    worker.init_process()
  File "/Users/sunmuchao/Downloads/Her/.venv/lib/python3.12/site-packages/gunicorn/workers/base.py", line 136, in init_process
    self.load_wsgi()
  File "/Users/sunmuchao/Downloads/Her/.venv/lib/python3.12/site-packages/gunicorn/workers/base.py", line 148, in load_wsgi
    self.wsgi = self.app.wsgi()
                ^^^^^^^^^^^^^^^
  File "/Users/sunmuchao/Downloads/Her/.venv/lib/python3.12/site-packages/gunicorn/app/base.py", line 66, in wsgi
    self.callable = self.load()
                    ^^^^^^^^^^^
  File "/Users/sunmuchao/Downloads/Her/.venv/lib/python3.12/site-packages/gunicorn/app/wsgiapp.py", line 57, in load
    return self.load_wsgiapp()
           ^^^^^^^^^^^^^^^^^^^
  File "/Users/sunmuchao/Downloads/Her/.venv/lib/python3.12/site-packages/gunicorn/app/wsgiapp.py", line 47, in load_wsgiapp
    return util.import_app(self.app_uri)
           ^^^^^^^^^^^^^^^^^^^^^^^^^^^^^
  File "/Users/sunmuchao/Downloads/Her/.venv/lib/python3.12/site-packages/gunicorn/util.py", line 411, in import_app
    mod = importlib.import_module(module)
          ^^^^^^^^^^^^^^^^^^^^^^^^^^^^^^^
  File "/usr/local/Cellar/python@3.12/3.12.7_1/Frameworks/Python.framework/Versions/3.12/lib/python3.12/importlib/__init__.py", line 90, in import_module
    return _bootstrap._gcd_import(name[level:], package, level)
           ^^^^^^^^^^^^^^^^^^^^^^^^^^^^^^^^^^^^^^^^^^^^^^^^^^^^
  File "<frozen importlib._bootstrap>", line 1387, in _gcd_import
  File "<frozen importlib._bootstrap>", line 1360, in _find_and_load
  File "<frozen importlib._bootstrap>", line 1331, in _find_and_load_unlocked
  File "<frozen importlib._bootstrap>", line 935, in _load_unlocked
  File "<frozen importlib._bootstrap_external>", line 995, in exec_module
  File "<frozen importlib._bootstrap>", line 488, in _call_with_frames_removed
  File "/Users/sunmuchao/Downloads/Her/external-systems/partner-http-gateway/gateway/app.py", line 395, in <module>
    _default_gateway = PartnerGateway()
                       ^^^^^^^^^^^^^^^^
  File "/Users/sunmuchao/Downloads/Her/external-systems/partner-http-gateway/gateway/app.py", line 108, in __init__
    self._rec_pool = GatewayConnectionPool(self._recommendation_dsn, "recommendation", max_size=pool_n)
                     ^^^^^^^^^^^^^^^^^^^^^^^^^^^^^^^^^^^^^^^^^^^^^^^^^^^^^^^^^^^^^^^^^^^^^^^^^^^^^^^^^^
  File "/Users/sunmuchao/Downloads/Her/external-systems/partner-http-gateway/gateway/mysql_pool.py", line 33, in __init__
    ensure_database(self._cfg)
  File "/Users/sunmuchao/Downloads/Her/outer_system_mysql_schema.py", line 180, in ensure_database
    cursor.execute(
  File "/Users/sunmuchao/Downloads/Her/.venv/lib/python3.12/site-packages/pymysql/cursors.py", line 155, in execute
    query = self.mogrify(query, args)
            ^^^^^^^^^^^^^^^^^^^^^^^^^
  File "/Users/sunmuchao/Downloads/Her/.venv/lib/python3.12/site-packages/pymysql/cursors.py", line 133, in mogrify
    query = query % self._escape_args(args, conn)
            ~~~~~~^~~~~~~~~~~~~~~~~~~~~~~~~~~~~~~
TypeError: not all arguments converted during string formatting
not all arguments converted during string formatting
[2026-05-30 12:59:15 +0800] [24982] [INFO] Worker exiting (pid: 24982)
[2026-05-30 12:59:15 +0800] [24998] [INFO] Booting worker with pid: 24998
[2026-05-30 12:59:15 +0800] [24983] [ERROR] Exception in worker process
Traceback (most recent call last):
  File "/Users/sunmuchao/Downloads/Her/.venv/lib/python3.12/site-packages/gunicorn/arbiter.py", line 713, in spawn_worker
    worker.init_process()
  File "/Users/sunmuchao/Downloads/Her/.venv/lib/python3.12/site-packages/gunicorn/workers/base.py", line 136, in init_process
    self.load_wsgi()
  File "/Users/sunmuchao/Downloads/Her/.venv/lib/python3.12/site-packages/gunicorn/workers/base.py", line 148, in load_wsgi
    self.wsgi = self.app.wsgi()
                ^^^^^^^^^^^^^^^
  File "/Users/sunmuchao/Downloads/Her/.venv/lib/python3.12/site-packages/gunicorn/app/base.py", line 66, in wsgi
    self.callable = self.load()
                    ^^^^^^^^^^^
  File "/Users/sunmuchao/Downloads/Her/.venv/lib/python3.12/site-packages/gunicorn/app/wsgiapp.py", line 57, in load
    return self.load_wsgiapp()
           ^^^^^^^^^^^^^^^^^^^
  File "/Users/sunmuchao/Downloads/Her/.venv/lib/python3.12/site-packages/gunicorn/app/wsgiapp.py", line 47, in load_wsgiapp
    return util.import_app(self.app_uri)
           ^^^^^^^^^^^^^^^^^^^^^^^^^^^^^
  File "/Users/sunmuchao/Downloads/Her/.venv/lib/python3.12/site-packages/gunicorn/util.py", line 411, in import_app
    mod = importlib.import_module(module)
          ^^^^^^^^^^^^^^^^^^^^^^^^^^^^^^^
  File "/usr/local/Cellar/python@3.12/3.12.7_1/Frameworks/Python.framework/Versions/3.12/lib/python3.12/importlib/__init__.py", line 90, in import_module
    return _bootstrap._gcd_import(name[level:], package, level)
           ^^^^^^^^^^^^^^^^^^^^^^^^^^^^^^^^^^^^^^^^^^^^^^^^^^^^
  File "<frozen importlib._bootstrap>", line 1387, in _gcd_import
  File "<frozen importlib._bootstrap>", line 1360, in _find_and_load
  File "<frozen importlib._bootstrap>", line 1331, in _find_and_load_unlocked
  File "<frozen importlib._bootstrap>", line 935, in _load_unlocked
  File "<frozen importlib._bootstrap_external>", line 995, in exec_module
  File "<frozen importlib._bootstrap>", line 488, in _call_with_frames_removed
  File "/Users/sunmuchao/Downloads/Her/external-systems/partner-http-gateway/gateway/app.py", line 395, in <module>
    _default_gateway = PartnerGateway()
                       ^^^^^^^^^^^^^^^^
  File "/Users/sunmuchao/Downloads/Her/external-systems/partner-http-gateway/gateway/app.py", line 108, in __init__
    self._rec_pool = GatewayConnectionPool(self._recommendation_dsn, "recommendation", max_size=pool_n)
                     ^^^^^^^^^^^^^^^^^^^^^^^^^^^^^^^^^^^^^^^^^^^^^^^^^^^^^^^^^^^^^^^^^^^^^^^^^^^^^^^^^^
  File "/Users/sunmuchao/Downloads/Her/external-systems/partner-http-gateway/gateway/mysql_pool.py", line 33, in __init__
    ensure_database(self._cfg)
  File "/Users/sunmuchao/Downloads/Her/outer_system_mysql_schema.py", line 180, in ensure_database
    cursor.execute(
  File "/Users/sunmuchao/Downloads/Her/.venv/lib/python3.12/site-packages/pymysql/cursors.py", line 155, in execute
    query = self.mogrify(query, args)
            ^^^^^^^^^^^^^^^^^^^^^^^^^
  File "/Users/sunmuchao/Downloads/Her/.venv/lib/python3.12/site-packages/pymysql/cursors.py", line 133, in mogrify
    query = query % self._escape_args(args, conn)
            ~~~~~~^~~~~~~~~~~~~~~~~~~~~~~~~~~~~~~
TypeError: not all arguments converted during string formatting
not all arguments converted during string formatting
[2026-05-30 12:59:15 +0800] [24983] [INFO] Worker exiting (pid: 24983)
[2026-05-30 12:59:15 +0800] [24970] [ERROR] Worker (pid:24980) exited with code 3.
[2026-05-30 12:59:15 +0800] [24970] [INFO] Control socket listening at /Users/sunmuchao/.gunicorn/gunicorn.ctl
[2026-05-30 12:59:15 +0800] [24970] [ERROR] Worker (pid:24979) exited with code 3.
Traceback (most recent call last):
  File "/Users/sunmuchao/Downloads/Her/.venv/lib/python3.12/site-packages/gunicorn/arbiter.py", line 246, in run
    handler()
  File "/Users/sunmuchao/Downloads/Her/.venv/lib/python3.12/site-packages/gunicorn/arbiter.py", line 271, in handle_chld
    self.reap_workers()
  File "/Users/sunmuchao/Downloads/Her/.venv/lib/python3.12/site-packages/gunicorn/arbiter.py", line 641, in reap_workers
    raise HaltServer(reason, self.WORKER_BOOT_ERROR)
gunicorn.errors.HaltServer: <HaltServer 'Worker failed to boot.' 3>

During handling of the above exception, another exception occurred:

Traceback (most recent call last):
  File "<frozen runpy>", line 198, in _run_module_as_main
  File "<frozen runpy>", line 88, in _run_code
  File "/Users/sunmuchao/Downloads/Her/.venv/lib/python3.12/site-packages/gunicorn/__main__.py", line 10, in <module>
    run(prog="gunicorn")
  File "/Users/sunmuchao/Downloads/Her/.venv/lib/python3.12/site-packages/gunicorn/app/wsgiapp.py", line 66, in run
    WSGIApplication("%(prog)s [OPTIONS] [APP_MODULE]", prog=prog).run()
  File "/Users/sunmuchao/Downloads/Her/.venv/lib/python3.12/site-packages/gunicorn/app/base.py", line 235, in run
    super().run()
  File "/Users/sunmuchao/Downloads/Her/.venv/lib/python3.12/site-packages/gunicorn/app/base.py", line 71, in run
    Arbiter(self).run()
  File "/Users/sunmuchao/Downloads/Her/.venv/lib/python3.12/site-packages/gunicorn/arbiter.py", line 254, in run
    self.halt(reason=inst.reason, exit_status=inst.exit_status)
  File "/Users/sunmuchao/Downloads/Her/.venv/lib/python3.12/site-packages/gunicorn/arbiter.py", line 378, in halt
    self.stop()
  File "/Users/sunmuchao/Downloads/Her/.venv/lib/python3.12/site-packages/gunicorn/arbiter.py", line 458, in stop
    self.reap_workers()
  File "/Users/sunmuchao/Downloads/Her/.venv/lib/python3.12/site-packages/gunicorn/arbiter.py", line 641, in reap_workers
    raise HaltServer(reason, self.WORKER_BOOT_ERROR)
gunicorn.errors.HaltServer: <HaltServer 'Worker failed to boot.' 3>
[2026-05-30 12:59:15 +0800] [24984] [ERROR] Exception in worker process
Traceback (most recent call last):
  File "/Users/sunmuchao/Downloads/Her/.venv/lib/python3.12/site-packages/gunicorn/arbiter.py", line 713, in spawn_worker
    worker.init_process()
  File "/Users/sunmuchao/Downloads/Her/.venv/lib/python3.12/site-packages/gunicorn/workers/base.py", line 136, in init_process
    self.load_wsgi()
  File "/Users/sunmuchao/Downloads/Her/.venv/lib/python3.12/site-packages/gunicorn/workers/base.py", line 148, in load_wsgi
    self.wsgi = self.app.wsgi()
                ^^^^^^^^^^^^^^^
  File "/Users/sunmuchao/Downloads/Her/.venv/lib/python3.12/site-packages/gunicorn/app/base.py", line 66, in wsgi
    self.callable = self.load()
                    ^^^^^^^^^^^
  File "/Users/sunmuchao/Downloads/Her/.venv/lib/python3.12/site-packages/gunicorn/app/wsgiapp.py", line 57, in load
    return self.load_wsgiapp()
           ^^^^^^^^^^^^^^^^^^^
  File "/Users/sunmuchao/Downloads/Her/.venv/lib/python3.12/site-packages/gunicorn/app/wsgiapp.py", line 47, in load_wsgiapp
    return util.import_app(self.app_uri)
           ^^^^^^^^^^^^^^^^^^^^^^^^^^^^^
  File "/Users/sunmuchao/Downloads/Her/.venv/lib/python3.12/site-packages/gunicorn/util.py", line 411, in import_app
    mod = importlib.import_module(module)
          ^^^^^^^^^^^^^^^^^^^^^^^^^^^^^^^
  File "/usr/local/Cellar/python@3.12/3.12.7_1/Frameworks/Python.framework/Versions/3.12/lib/python3.12/importlib/__init__.py", line 90, in import_module
    return _bootstrap._gcd_import(name[level:], package, level)
           ^^^^^^^^^^^^^^^^^^^^^^^^^^^^^^^^^^^^^^^^^^^^^^^^^^^^
  File "<frozen importlib._bootstrap>", line 1387, in _gcd_import
  File "<frozen importlib._bootstrap>", line 1360, in _find_and_load
  File "<frozen importlib._bootstrap>", line 1331, in _find_and_load_unlocked
  File "<frozen importlib._bootstrap>", line 935, in _load_unlocked
  File "<frozen importlib._bootstrap_external>", line 995, in exec_module
  File "<frozen importlib._bootstrap>", line 488, in _call_with_frames_removed
  File "/Users/sunmuchao/Downloads/Her/external-systems/partner-http-gateway/gateway/app.py", line 395, in <module>
    _default_gateway = PartnerGateway()
                       ^^^^^^^^^^^^^^^^
  File "/Users/sunmuchao/Downloads/Her/external-systems/partner-http-gateway/gateway/app.py", line 108, in __init__
    self._rec_pool = GatewayConnectionPool(self._recommendation_dsn, "recommendation", max_size=pool_n)
                     ^^^^^^^^^^^^^^^^^^^^^^^^^^^^^^^^^^^^^^^^^^^^^^^^^^^^^^^^^^^^^^^^^^^^^^^^^^^^^^^^^^
  File "/Users/sunmuchao/Downloads/Her/external-systems/partner-http-gateway/gateway/mysql_pool.py", line 33, in __init__
    ensure_database(self._cfg)
  File "/Users/sunmuchao/Downloads/Her/outer_system_mysql_schema.py", line 180, in ensure_database
    cursor.execute(
  File "/Users/sunmuchao/Downloads/Her/.venv/lib/python3.12/site-packages/pymysql/cursors.py", line 155, in execute
    query = self.mogrify(query, args)
            ^^^^^^^^^^^^^^^^^^^^^^^^^
  File "/Users/sunmuchao/Downloads/Her/.venv/lib/python3.12/site-packages/pymysql/cursors.py", line 133, in mogrify
    query = query % self._escape_args(args, conn)
            ~~~~~~^~~~~~~~~~~~~~~~~~~~~~~~~~~~~~~
TypeError: not all arguments converted during string formatting
not all arguments converted during string formatting
[2026-05-30 12:59:15 +0800] [24984] [INFO] Worker exiting (pid: 24984)
[2026-05-30 12:59:15 +0800] [24985] [ERROR] Exception in worker process
Traceback (most recent call last):
  File "/Users/sunmuchao/Downloads/Her/.venv/lib/python3.12/site-packages/gunicorn/arbiter.py", line 713, in spawn_worker
    worker.init_process()
  File "/Users/sunmuchao/Downloads/Her/.venv/lib/python3.12/site-packages/gunicorn/workers/base.py", line 136, in init_process
    self.load_wsgi()
  File "/Users/sunmuchao/Downloads/Her/.venv/lib/python3.12/site-packages/gunicorn/workers/base.py", line 148, in load_wsgi
    self.wsgi = self.app.wsgi()
                ^^^^^^^^^^^^^^^
  File "/Users/sunmuchao/Downloads/Her/.venv/lib/python3.12/site-packages/gunicorn/app/base.py", line 66, in wsgi
    self.callable = self.load()
                    ^^^^^^^^^^^
  File "/Users/sunmuchao/Downloads/Her/.venv/lib/python3.12/site-packages/gunicorn/app/wsgiapp.py", line 57, in load
    return self.load_wsgiapp()
           ^^^^^^^^^^^^^^^^^^^
  File "/Users/sunmuchao/Downloads/Her/.venv/lib/python3.12/site-packages/gunicorn/app/wsgiapp.py", line 47, in load_wsgiapp
    return util.import_app(self.app_uri)
           ^^^^^^^^^^^^^^^^^^^^^^^^^^^^^
  File "/Users/sunmuchao/Downloads/Her/.venv/lib/python3.12/site-packages/gunicorn/util.py", line 411, in import_app
    mod = importlib.import_module(module)
          ^^^^^^^^^^^^^^^^^^^^^^^^^^^^^^^
  File "/usr/local/Cellar/python@3.12/3.12.7_1/Frameworks/Python.framework/Versions/3.12/lib/python3.12/importlib/__init__.py", line 90, in import_module
    return _bootstrap._gcd_import(name[level:], package, level)
           ^^^^^^^^^^^^^^^^^^^^^^^^^^^^^^^^^^^^^^^^^^^^^^^^^^^^
  File "<frozen importlib._bootstrap>", line 1387, in _gcd_import
  File "<frozen importlib._bootstrap>", line 1360, in _find_and_load
  File "<frozen importlib._bootstrap>", line 1331, in _find_and_load_unlocked
  File "<frozen importlib._bootstrap>", line 935, in _load_unlocked
  File "<frozen importlib._bootstrap_external>", line 995, in exec_module
  File "<frozen importlib._bootstrap>", line 488, in _call_with_frames_removed
  File "/Users/sunmuchao/Downloads/Her/external-systems/partner-http-gateway/gateway/app.py", line 395, in <module>
    _default_gateway = PartnerGateway()
                       ^^^^^^^^^^^^^^^^
  File "/Users/sunmuchao/Downloads/Her/external-systems/partner-http-gateway/gateway/app.py", line 108, in __init__
    self._rec_pool = GatewayConnectionPool(self._recommendation_dsn, "recommendation", max_size=pool_n)
                     ^^^^^^^^^^^^^^^^^^^^^^^^^^^^^^^^^^^^^^^^^^^^^^^^^^^^^^^^^^^^^^^^^^^^^^^^^^^^^^^^^^
  File "/Users/sunmuchao/Downloads/Her/external-systems/partner-http-gateway/gateway/mysql_pool.py", line 33, in __init__
    ensure_database(self._cfg)
  File "/Users/sunmuchao/Downloads/Her/outer_system_mysql_schema.py", line 180, in ensure_database
    cursor.execute(
  File "/Users/sunmuchao/Downloads/Her/.venv/lib/python3.12/site-packages/pymysql/cursors.py", line 155, in execute
    query = self.mogrify(query, args)
            ^^^^^^^^^^^^^^^^^^^^^^^^^
  File "/Users/sunmuchao/Downloads/Her/.venv/lib/python3.12/site-packages/pymysql/cursors.py", line 133, in mogrify
    query = query % self._escape_args(args, conn)
            ~~~~~~^~~~~~~~~~~~~~~~~~~~~~~~~~~~~~~
TypeError: not all arguments converted during string formatting
not all arguments converted during string formatting
[2026-05-30 12:59:15 +0800] [24985] [INFO] Worker exiting (pid: 24985)
[2026-05-30 12:59:15 +0800] [24986] [ERROR] Exception in worker process
Traceback (most recent call last):
  File "/Users/sunmuchao/Downloads/Her/.venv/lib/python3.12/site-packages/gunicorn/arbiter.py", line 713, in spawn_worker
    worker.init_process()
  File "/Users/sunmuchao/Downloads/Her/.venv/lib/python3.12/site-packages/gunicorn/workers/base.py", line 136, in init_process
    self.load_wsgi()
  File "/Users/sunmuchao/Downloads/Her/.venv/lib/python3.12/site-packages/gunicorn/workers/base.py", line 148, in load_wsgi
    self.wsgi = self.app.wsgi()
                ^^^^^^^^^^^^^^^
  File "/Users/sunmuchao/Downloads/Her/.venv/lib/python3.12/site-packages/gunicorn/app/base.py", line 66, in wsgi
    self.callable = self.load()
                    ^^^^^^^^^^^
  File "/Users/sunmuchao/Downloads/Her/.venv/lib/python3.12/site-packages/gunicorn/app/wsgiapp.py", line 57, in load
    return self.load_wsgiapp()
           ^^^^^^^^^^^^^^^^^^^
  File "/Users/sunmuchao/Downloads/Her/.venv/lib/python3.12/site-packages/gunicorn/app/wsgiapp.py", line 47, in load_wsgiapp
    return util.import_app(self.app_uri)
           ^^^^^^^^^^^^^^^^^^^^^^^^^^^^^
  File "/Users/sunmuchao/Downloads/Her/.venv/lib/python3.12/site-packages/gunicorn/util.py", line 411, in import_app
    mod = importlib.import_module(module)
          ^^^^^^^^^^^^^^^^^^^^^^^^^^^^^^^
  File "/usr/local/Cellar/python@3.12/3.12.7_1/Frameworks/Python.framework/Versions/3.12/lib/python3.12/importlib/__init__.py", line 90, in import_module
    return _bootstrap._gcd_import(name[level:], package, level)
           ^^^^^^^^^^^^^^^^^^^^^^^^^^^^^^^^^^^^^^^^^^^^^^^^^^^^
  File "<frozen importlib._bootstrap>", line 1387, in _gcd_import
  File "<frozen importlib._bootstrap>", line 1360, in _find_and_load
  File "<frozen importlib._bootstrap>", line 1331, in _find_and_load_unlocked
  File "<frozen importlib._bootstrap>", line 935, in _load_unlocked
  File "<frozen importlib._bootstrap_external>", line 995, in exec_module
  File "<frozen importlib._bootstrap>", line 488, in _call_with_frames_removed
  File "/Users/sunmuchao/Downloads/Her/external-systems/partner-http-gateway/gateway/app.py", line 395, in <module>
    _default_gateway = PartnerGateway()
                       ^^^^^^^^^^^^^^^^
  File "/Users/sunmuchao/Downloads/Her/external-systems/partner-http-gateway/gateway/app.py", line 108, in __init__
    self._rec_pool = GatewayConnectionPool(self._recommendation_dsn, "recommendation", max_size=pool_n)
                     ^^^^^^^^^^^^^^^^^^^^^^^^^^^^^^^^^^^^^^^^^^^^^^^^^^^^^^^^^^^^^^^^^^^^^^^^^^^^^^^^^^
  File "/Users/sunmuchao/Downloads/Her/external-systems/partner-http-gateway/gateway/mysql_pool.py", line 33, in __init__
    ensure_database(self._cfg)
  File "/Users/sunmuchao/Downloads/Her/outer_system_mysql_schema.py", line 180, in ensure_database
    cursor.execute(
  File "/Users/sunmuchao/Downloads/Her/.venv/lib/python3.12/site-packages/pymysql/cursors.py", line 155, in execute
    query = self.mogrify(query, args)
            ^^^^^^^^^^^^^^^^^^^^^^^^^
  File "/Users/sunmuchao/Downloads/Her/.venv/lib/python3.12/site-packages/pymysql/cursors.py", line 133, in mogrify
    query = query % self._escape_args(args, conn)
            ~~~~~~^~~~~~~~~~~~~~~~~~~~~~~~~~~~~~~
TypeError: not all arguments converted during string formatting
not all arguments converted during string formatting
[2026-05-30 12:59:15 +0800] [24986] [INFO] Worker exiting (pid: 24986)
[2026-05-30 12:59:15 +0800] [24987] [ERROR] Exception in worker process
Traceback (most recent call last):
  File "/Users/sunmuchao/Downloads/Her/.venv/lib/python3.12/site-packages/gunicorn/arbiter.py", line 713, in spawn_worker
    worker.init_process()
  File "/Users/sunmuchao/Downloads/Her/.venv/lib/python3.12/site-packages/gunicorn/workers/base.py", line 136, in init_process
    self.load_wsgi()
  File "/Users/sunmuchao/Downloads/Her/.venv/lib/python3.12/site-packages/gunicorn/workers/base.py", line 148, in load_wsgi
    self.wsgi = self.app.wsgi()
                ^^^^^^^^^^^^^^^
  File "/Users/sunmuchao/Downloads/Her/.venv/lib/python3.12/site-packages/gunicorn/app/base.py", line 66, in wsgi
    self.callable = self.load()
                    ^^^^^^^^^^^
  File "/Users/sunmuchao/Downloads/Her/.venv/lib/python3.12/site-packages/gunicorn/app/wsgiapp.py", line 57, in load
    return self.load_wsgiapp()
           ^^^^^^^^^^^^^^^^^^^
  File "/Users/sunmuchao/Downloads/Her/.venv/lib/python3.12/site-packages/gunicorn/app/wsgiapp.py", line 47, in load_wsgiapp
    return util.import_app(self.app_uri)
           ^^^^^^^^^^^^^^^^^^^^^^^^^^^^^
  File "/Users/sunmuchao/Downloads/Her/.venv/lib/python3.12/site-packages/gunicorn/util.py", line 411, in import_app
    mod = importlib.import_module(module)
          ^^^^^^^^^^^^^^^^^^^^^^^^^^^^^^^
  File "/usr/local/Cellar/python@3.12/3.12.7_1/Frameworks/Python.framework/Versions/3.12/lib/python3.12/importlib/__init__.py", line 90, in import_module
    return _bootstrap._gcd_import(name[level:], package, level)
           ^^^^^^^^^^^^^^^^^^^^^^^^^^^^^^^^^^^^^^^^^^^^^^^^^^^^
  File "<frozen importlib._bootstrap>", line 1387, in _gcd_import
  File "<frozen importlib._bootstrap>", line 1360, in _find_and_load
  File "<frozen importlib._bootstrap>", line 1331, in _find_and_load_unlocked
  File "<frozen importlib._bootstrap>", line 935, in _load_unlocked
  File "<frozen importlib._bootstrap_external>", line 995, in exec_module
  File "<frozen importlib._bootstrap>", line 488, in _call_with_frames_removed
  File "/Users/sunmuchao/Downloads/Her/external-systems/partner-http-gateway/gateway/app.py", line 395, in <module>
    _default_gateway = PartnerGateway()
                       ^^^^^^^^^^^^^^^^
  File "/Users/sunmuchao/Downloads/Her/external-systems/partner-http-gateway/gateway/app.py", line 108, in __init__
    self._rec_pool = GatewayConnectionPool(self._recommendation_dsn, "recommendation", max_size=pool_n)
                     ^^^^^^^^^^^^^^^^^^^^^^^^^^^^^^^^^^^^^^^^^^^^^^^^^^^^^^^^^^^^^^^^^^^^^^^^^^^^^^^^^^
  File "/Users/sunmuchao/Downloads/Her/external-systems/partner-http-gateway/gateway/mysql_pool.py", line 33, in __init__
    ensure_database(self._cfg)
  File "/Users/sunmuchao/Downloads/Her/outer_system_mysql_schema.py", line 180, in ensure_database
    cursor.execute(
  File "/Users/sunmuchao/Downloads/Her/.venv/lib/python3.12/site-packages/pymysql/cursors.py", line 155, in execute
    query = self.mogrify(query, args)
            ^^^^^^^^^^^^^^^^^^^^^^^^^
  File "/Users/sunmuchao/Downloads/Her/.venv/lib/python3.12/site-packages/pymysql/cursors.py", line 133, in mogrify
    query = query % self._escape_args(args, conn)
            ~~~~~~^~~~~~~~~~~~~~~~~~~~~~~~~~~~~~~
TypeError: not all arguments converted during string formatting
not all arguments converted during string formatting
[2026-05-30 12:59:15 +0800] [24987] [INFO] Worker exiting (pid: 24987)
[2026-05-30 12:59:15 +0800] [24988] [ERROR] Exception in worker process
Traceback (most recent call last):
  File "/Users/sunmuchao/Downloads/Her/.venv/lib/python3.12/site-packages/gunicorn/arbiter.py", line 713, in spawn_worker
    worker.init_process()
  File "/Users/sunmuchao/Downloads/Her/.venv/lib/python3.12/site-packages/gunicorn/workers/base.py", line 136, in init_process
    self.load_wsgi()
  File "/Users/sunmuchao/Downloads/Her/.venv/lib/python3.12/site-packages/gunicorn/workers/base.py", line 148, in load_wsgi
    self.wsgi = self.app.wsgi()
                ^^^^^^^^^^^^^^^
  File "/Users/sunmuchao/Downloads/Her/.venv/lib/python3.12/site-packages/gunicorn/app/base.py", line 66, in wsgi
    self.callable = self.load()
                    ^^^^^^^^^^^
  File "/Users/sunmuchao/Downloads/Her/.venv/lib/python3.12/site-packages/gunicorn/app/wsgiapp.py", line 57, in load
    return self.load_wsgiapp()
           ^^^^^^^^^^^^^^^^^^^
  File "/Users/sunmuchao/Downloads/Her/.venv/lib/python3.12/site-packages/gunicorn/app/wsgiapp.py", line 47, in load_wsgiapp
    return util.import_app(self.app_uri)
           ^^^^^^^^^^^^^^^^^^^^^^^^^^^^^
  File "/Users/sunmuchao/Downloads/Her/.venv/lib/python3.12/site-packages/gunicorn/util.py", line 411, in import_app
    mod = importlib.import_module(module)
          ^^^^^^^^^^^^^^^^^^^^^^^^^^^^^^^
  File "/usr/local/Cellar/python@3.12/3.12.7_1/Frameworks/Python.framework/Versions/3.12/lib/python3.12/importlib/__init__.py", line 90, in import_module
    return _bootstrap._gcd_import(name[level:], package, level)
           ^^^^^^^^^^^^^^^^^^^^^^^^^^^^^^^^^^^^^^^^^^^^^^^^^^^^
  File "<frozen importlib._bootstrap>", line 1387, in _gcd_import
  File "<frozen importlib._bootstrap>", line 1360, in _find_and_load
  File "<frozen importlib._bootstrap>", line 1331, in _find_and_load_unlocked
  File "<frozen importlib._bootstrap>", line 935, in _load_unlocked
  File "<frozen importlib._bootstrap_external>", line 995, in exec_module
  File "<frozen importlib._bootstrap>", line 488, in _call_with_frames_removed
  File "/Users/sunmuchao/Downloads/Her/external-systems/partner-http-gateway/gateway/app.py", line 395, in <module>
    _default_gateway = PartnerGateway()
                       ^^^^^^^^^^^^^^^^
  File "/Users/sunmuchao/Downloads/Her/external-systems/partner-http-gateway/gateway/app.py", line 108, in __init__
    self._rec_pool = GatewayConnectionPool(self._recommendation_dsn, "recommendation", max_size=pool_n)
                     ^^^^^^^^^^^^^^^^^^^^^^^^^^^^^^^^^^^^^^^^^^^^^^^^^^^^^^^^^^^^^^^^^^^^^^^^^^^^^^^^^^
  File "/Users/sunmuchao/Downloads/Her/external-systems/partner-http-gateway/gateway/mysql_pool.py", line 33, in __init__
    ensure_database(self._cfg)
  File "/Users/sunmuchao/Downloads/Her/outer_system_mysql_schema.py", line 180, in ensure_database
    cursor.execute(
  File "/Users/sunmuchao/Downloads/Her/.venv/lib/python3.12/site-packages/pymysql/cursors.py", line 155, in execute
    query = self.mogrify(query, args)
            ^^^^^^^^^^^^^^^^^^^^^^^^^
  File "/Users/sunmuchao/Downloads/Her/.venv/lib/python3.12/site-packages/pymysql/cursors.py", line 133, in mogrify
    query = query % self._escape_args(args, conn)
            ~~~~~~^~~~~~~~~~~~~~~~~~~~~~~~~~~~~~~
TypeError: not all arguments converted during string formatting
not all arguments converted during string formatting
[2026-05-30 12:59:15 +0800] [24988] [INFO] Worker exiting (pid: 24988)
[2026-05-30 12:59:15 +0800] [24989] [ERROR] Exception in worker process
Traceback (most recent call last):
  File "/Users/sunmuchao/Downloads/Her/.venv/lib/python3.12/site-packages/gunicorn/arbiter.py", line 713, in spawn_worker
    worker.init_process()
  File "/Users/sunmuchao/Downloads/Her/.venv/lib/python3.12/site-packages/gunicorn/workers/base.py", line 136, in init_process
    self.load_wsgi()
  File "/Users/sunmuchao/Downloads/Her/.venv/lib/python3.12/site-packages/gunicorn/workers/base.py", line 148, in load_wsgi
    self.wsgi = self.app.wsgi()
                ^^^^^^^^^^^^^^^
  File "/Users/sunmuchao/Downloads/Her/.venv/lib/python3.12/site-packages/gunicorn/app/base.py", line 66, in wsgi
    self.callable = self.load()
                    ^^^^^^^^^^^
  File "/Users/sunmuchao/Downloads/Her/.venv/lib/python3.12/site-packages/gunicorn/app/wsgiapp.py", line 57, in load
    return self.load_wsgiapp()
           ^^^^^^^^^^^^^^^^^^^
  File "/Users/sunmuchao/Downloads/Her/.venv/lib/python3.12/site-packages/gunicorn/app/wsgiapp.py", line 47, in load_wsgiapp
    return util.import_app(self.app_uri)
           ^^^^^^^^^^^^^^^^^^^^^^^^^^^^^
  File "/Users/sunmuchao/Downloads/Her/.venv/lib/python3.12/site-packages/gunicorn/util.py", line 411, in import_app
    mod = importlib.import_module(module)
          ^^^^^^^^^^^^^^^^^^^^^^^^^^^^^^^
  File "/usr/local/Cellar/python@3.12/3.12.7_1/Frameworks/Python.framework/Versions/3.12/lib/python3.12/importlib/__init__.py", line 90, in import_module
    return _bootstrap._gcd_import(name[level:], package, level)
           ^^^^^^^^^^^^^^^^^^^^^^^^^^^^^^^^^^^^^^^^^^^^^^^^^^^^
  File "<frozen importlib._bootstrap>", line 1387, in _gcd_import
  File "<frozen importlib._bootstrap>", line 1360, in _find_and_load
  File "<frozen importlib._bootstrap>", line 1331, in _find_and_load_unlocked
  File "<frozen importlib._bootstrap>", line 935, in _load_unlocked
  File "<frozen importlib._bootstrap_external>", line 995, in exec_module
  File "<frozen importlib._bootstrap>", line 488, in _call_with_frames_removed
  File "/Users/sunmuchao/Downloads/Her/external-systems/partner-http-gateway/gateway/app.py", line 395, in <module>
    _default_gateway = PartnerGateway()
                       ^^^^^^^^^^^^^^^^
  File "/Users/sunmuchao/Downloads/Her/external-systems/partner-http-gateway/gateway/app.py", line 108, in __init__
    self._rec_pool = GatewayConnectionPool(self._recommendation_dsn, "recommendation", max_size=pool_n)
                     ^^^^^^^^^^^^^^^^^^^^^^^^^^^^^^^^^^^^^^^^^^^^^^^^^^^^^^^^^^^^^^^^^^^^^^^^^^^^^^^^^^
  File "/Users/sunmuchao/Downloads/Her/external-systems/partner-http-gateway/gateway/mysql_pool.py", line 33, in __init__
    ensure_database(self._cfg)
  File "/Users/sunmuchao/Downloads/Her/outer_system_mysql_schema.py", line 180, in ensure_database
    cursor.execute(
  File "/Users/sunmuchao/Downloads/Her/.venv/lib/python3.12/site-packages/pymysql/cursors.py", line 155, in execute
    query = self.mogrify(query, args)
            ^^^^^^^^^^^^^^^^^^^^^^^^^
  File "/Users/sunmuchao/Downloads/Her/.venv/lib/python3.12/site-packages/pymysql/cursors.py", line 133, in mogrify
    query = query % self._escape_args(args, conn)
            ~~~~~~^~~~~~~~~~~~~~~~~~~~~~~~~~~~~~~
TypeError: not all arguments converted during string formatting
not all arguments converted during string formatting
[2026-05-30 12:59:15 +0800] [24989] [INFO] Worker exiting (pid: 24989)
[2026-05-30 12:59:15 +0800] [24990] [ERROR] Exception in worker process
Traceback (most recent call last):
  File "/Users/sunmuchao/Downloads/Her/.venv/lib/python3.12/site-packages/gunicorn/arbiter.py", line 713, in spawn_worker
    worker.init_process()
  File "/Users/sunmuchao/Downloads/Her/.venv/lib/python3.12/site-packages/gunicorn/workers/base.py", line 136, in init_process
    self.load_wsgi()
  File "/Users/sunmuchao/Downloads/Her/.venv/lib/python3.12/site-packages/gunicorn/workers/base.py", line 148, in load_wsgi
    self.wsgi = self.app.wsgi()
                ^^^^^^^^^^^^^^^
  File "/Users/sunmuchao/Downloads/Her/.venv/lib/python3.12/site-packages/gunicorn/app/base.py", line 66, in wsgi
    self.callable = self.load()
                    ^^^^^^^^^^^
  File "/Users/sunmuchao/Downloads/Her/.venv/lib/python3.12/site-packages/gunicorn/app/wsgiapp.py", line 57, in load
    return self.load_wsgiapp()
           ^^^^^^^^^^^^^^^^^^^
  File "/Users/sunmuchao/Downloads/Her/.venv/lib/python3.12/site-packages/gunicorn/app/wsgiapp.py", line 47, in load_wsgiapp
    return util.import_app(self.app_uri)
           ^^^^^^^^^^^^^^^^^^^^^^^^^^^^^
  File "/Users/sunmuchao/Downloads/Her/.venv/lib/python3.12/site-packages/gunicorn/util.py", line 411, in import_app
    mod = importlib.import_module(module)
          ^^^^^^^^^^^^^^^^^^^^^^^^^^^^^^^
  File "/usr/local/Cellar/python@3.12/3.12.7_1/Frameworks/Python.framework/Versions/3.12/lib/python3.12/importlib/__init__.py", line 90, in import_module
    return _bootstrap._gcd_import(name[level:], package, level)
           ^^^^^^^^^^^^^^^^^^^^^^^^^^^^^^^^^^^^^^^^^^^^^^^^^^^^
  File "<frozen importlib._bootstrap>", line 1387, in _gcd_import
  File "<frozen importlib._bootstrap>", line 1360, in _find_and_load
  File "<frozen importlib._bootstrap>", line 1331, in _find_and_load_unlocked
  File "<frozen importlib._bootstrap>", line 935, in _load_unlocked
  File "<frozen importlib._bootstrap_external>", line 995, in exec_module
  File "<frozen importlib._bootstrap>", line 488, in _call_with_frames_removed
  File "/Users/sunmuchao/Downloads/Her/external-systems/partner-http-gateway/gateway/app.py", line 395, in <module>
    _default_gateway = PartnerGateway()
                       ^^^^^^^^^^^^^^^^
  File "/Users/sunmuchao/Downloads/Her/external-systems/partner-http-gateway/gateway/app.py", line 108, in __init__
    self._rec_pool = GatewayConnectionPool(self._recommendation_dsn, "recommendation", max_size=pool_n)
                     ^^^^^^^^^^^^^^^^^^^^^^^^^^^^^^^^^^^^^^^^^^^^^^^^^^^^^^^^^^^^^^^^^^^^^^^^^^^^^^^^^^
  File "/Users/sunmuchao/Downloads/Her/external-systems/partner-http-gateway/gateway/mysql_pool.py", line 33, in __init__
    ensure_database(self._cfg)
  File "/Users/sunmuchao/Downloads/Her/outer_system_mysql_schema.py", line 180, in ensure_database
    cursor.execute(
  File "/Users/sunmuchao/Downloads/Her/.venv/lib/python3.12/site-packages/pymysql/cursors.py", line 155, in execute
    query = self.mogrify(query, args)
            ^^^^^^^^^^^^^^^^^^^^^^^^^
  File "/Users/sunmuchao/Downloads/Her/.venv/lib/python3.12/site-packages/pymysql/cursors.py", line 133, in mogrify
    query = query % self._escape_args(args, conn)
            ~~~~~~^~~~~~~~~~~~~~~~~~~~~~~~~~~~~~~
TypeError: not all arguments converted during string formatting
not all arguments converted during string formatting
[2026-05-30 12:59:15 +0800] [24990] [INFO] Worker exiting (pid: 24990)
[2026-05-30 12:59:15 +0800] [24991] [ERROR] Exception in worker process
Traceback (most recent call last):
  File "/Users/sunmuchao/Downloads/Her/.venv/lib/python3.12/site-packages/gunicorn/arbiter.py", line 713, in spawn_worker
    worker.init_process()
  File "/Users/sunmuchao/Downloads/Her/.venv/lib/python3.12/site-packages/gunicorn/workers/base.py", line 136, in init_process
    self.load_wsgi()
  File "/Users/sunmuchao/Downloads/Her/.venv/lib/python3.12/site-packages/gunicorn/workers/base.py", line 148, in load_wsgi
    self.wsgi = self.app.wsgi()
                ^^^^^^^^^^^^^^^
  File "/Users/sunmuchao/Downloads/Her/.venv/lib/python3.12/site-packages/gunicorn/app/base.py", line 66, in wsgi
    self.callable = self.load()
                    ^^^^^^^^^^^
  File "/Users/sunmuchao/Downloads/Her/.venv/lib/python3.12/site-packages/gunicorn/app/wsgiapp.py", line 57, in load
    return self.load_wsgiapp()
           ^^^^^^^^^^^^^^^^^^^
  File "/Users/sunmuchao/Downloads/Her/.venv/lib/python3.12/site-packages/gunicorn/app/wsgiapp.py", line 47, in load_wsgiapp
    return util.import_app(self.app_uri)
           ^^^^^^^^^^^^^^^^^^^^^^^^^^^^^
  File "/Users/sunmuchao/Downloads/Her/.venv/lib/python3.12/site-packages/gunicorn/util.py", line 411, in import_app
    mod = importlib.import_module(module)
          ^^^^^^^^^^^^^^^^^^^^^^^^^^^^^^^
  File "/usr/local/Cellar/python@3.12/3.12.7_1/Frameworks/Python.framework/Versions/3.12/lib/python3.12/importlib/__init__.py", line 90, in import_module
    return _bootstrap._gcd_import(name[level:], package, level)
           ^^^^^^^^^^^^^^^^^^^^^^^^^^^^^^^^^^^^^^^^^^^^^^^^^^^^
  File "<frozen importlib._bootstrap>", line 1387, in _gcd_import
  File "<frozen importlib._bootstrap>", line 1360, in _find_and_load
  File "<frozen importlib._bootstrap>", line 1331, in _find_and_load_unlocked
  File "<frozen importlib._bootstrap>", line 935, in _load_unlocked
  File "<frozen importlib._bootstrap_external>", line 995, in exec_module
  File "<frozen importlib._bootstrap>", line 488, in _call_with_frames_removed
  File "/Users/sunmuchao/Downloads/Her/external-systems/partner-http-gateway/gateway/app.py", line 395, in <module>
    _default_gateway = PartnerGateway()
                       ^^^^^^^^^^^^^^^^
  File "/Users/sunmuchao/Downloads/Her/external-systems/partner-http-gateway/gateway/app.py", line 108, in __init__
    self._rec_pool = GatewayConnectionPool(self._recommendation_dsn, "recommendation", max_size=pool_n)
                     ^^^^^^^^^^^^^^^^^^^^^^^^^^^^^^^^^^^^^^^^^^^^^^^^^^^^^^^^^^^^^^^^^^^^^^^^^^^^^^^^^^
  File "/Users/sunmuchao/Downloads/Her/external-systems/partner-http-gateway/gateway/mysql_pool.py", line 33, in __init__
    ensure_database(self._cfg)
  File "/Users/sunmuchao/Downloads/Her/outer_system_mysql_schema.py", line 180, in ensure_database
    cursor.execute(
  File "/Users/sunmuchao/Downloads/Her/.venv/lib/python3.12/site-packages/pymysql/cursors.py", line 155, in execute
    query = self.mogrify(query, args)
            ^^^^^^^^^^^^^^^^^^^^^^^^^
  File "/Users/sunmuchao/Downloads/Her/.venv/lib/python3.12/site-packages/pymysql/cursors.py", line 133, in mogrify
    query = query % self._escape_args(args, conn)
            ~~~~~~^~~~~~~~~~~~~~~~~~~~~~~~~~~~~~~
TypeError: not all arguments converted during string formatting
not all arguments converted during string formatting
[2026-05-30 12:59:15 +0800] [24991] [INFO] Worker exiting (pid: 24991)
[2026-05-30 12:59:15 +0800] [24992] [ERROR] Exception in worker process
Traceback (most recent call last):
  File "/Users/sunmuchao/Downloads/Her/.venv/lib/python3.12/site-packages/gunicorn/arbiter.py", line 713, in spawn_worker
    worker.init_process()
  File "/Users/sunmuchao/Downloads/Her/.venv/lib/python3.12/site-packages/gunicorn/workers/base.py", line 136, in init_process
    self.load_wsgi()
  File "/Users/sunmuchao/Downloads/Her/.venv/lib/python3.12/site-packages/gunicorn/workers/base.py", line 148, in load_wsgi
    self.wsgi = self.app.wsgi()
                ^^^^^^^^^^^^^^^
  File "/Users/sunmuchao/Downloads/Her/.venv/lib/python3.12/site-packages/gunicorn/app/base.py", line 66, in wsgi
    self.callable = self.load()
                    ^^^^^^^^^^^
  File "/Users/sunmuchao/Downloads/Her/.venv/lib/python3.12/site-packages/gunicorn/app/wsgiapp.py", line 57, in load
    return self.load_wsgiapp()
           ^^^^^^^^^^^^^^^^^^^
  File "/Users/sunmuchao/Downloads/Her/.venv/lib/python3.12/site-packages/gunicorn/app/wsgiapp.py", line 47, in load_wsgiapp
    return util.import_app(self.app_uri)
           ^^^^^^^^^^^^^^^^^^^^^^^^^^^^^
  File "/Users/sunmuchao/Downloads/Her/.venv/lib/python3.12/site-packages/gunicorn/util.py", line 411, in import_app
    mod = importlib.import_module(module)
          ^^^^^^^^^^^^^^^^^^^^^^^^^^^^^^^
  File "/usr/local/Cellar/python@3.12/3.12.7_1/Frameworks/Python.framework/Versions/3.12/lib/python3.12/importlib/__init__.py", line 90, in import_module
    return _bootstrap._gcd_import(name[level:], package, level)
           ^^^^^^^^^^^^^^^^^^^^^^^^^^^^^^^^^^^^^^^^^^^^^^^^^^^^
  File "<frozen importlib._bootstrap>", line 1387, in _gcd_import
  File "<frozen importlib._bootstrap>", line 1360, in _find_and_load
  File "<frozen importlib._bootstrap>", line 1331, in _find_and_load_unlocked
  File "<frozen importlib._bootstrap>", line 935, in _load_unlocked
  File "<frozen importlib._bootstrap_external>", line 995, in exec_module
  File "<frozen importlib._bootstrap>", line 488, in _call_with_frames_removed
  File "/Users/sunmuchao/Downloads/Her/external-systems/partner-http-gateway/gateway/app.py", line 395, in <module>
    _default_gateway = PartnerGateway()
                       ^^^^^^^^^^^^^^^^
  File "/Users/sunmuchao/Downloads/Her/external-systems/partner-http-gateway/gateway/app.py", line 108, in __init__
    self._rec_pool = GatewayConnectionPool(self._recommendation_dsn, "recommendation", max_size=pool_n)
                     ^^^^^^^^^^^^^^^^^^^^^^^^^^^^^^^^^^^^^^^^^^^^^^^^^^^^^^^^^^^^^^^^^^^^^^^^^^^^^^^^^^
  File "/Users/sunmuchao/Downloads/Her/external-systems/partner-http-gateway/gateway/mysql_pool.py", line 33, in __init__
    ensure_database(self._cfg)
  File "/Users/sunmuchao/Downloads/Her/outer_system_mysql_schema.py", line 180, in ensure_database
    cursor.execute(
  File "/Users/sunmuchao/Downloads/Her/.venv/lib/python3.12/site-packages/pymysql/cursors.py", line 155, in execute
    query = self.mogrify(query, args)
            ^^^^^^^^^^^^^^^^^^^^^^^^^
  File "/Users/sunmuchao/Downloads/Her/.venv/lib/python3.12/site-packages/pymysql/cursors.py", line 133, in mogrify
    query = query % self._escape_args(args, conn)
            ~~~~~~^~~~~~~~~~~~~~~~~~~~~~~~~~~~~~~
TypeError: not all arguments converted during string formatting
not all arguments converted during string formatting
[2026-05-30 12:59:15 +0800] [24992] [INFO] Worker exiting (pid: 24992)
[2026-05-30 12:59:15 +0800] [24993] [ERROR] Exception in worker process
Traceback (most recent call last):
  File "/Users/sunmuchao/Downloads/Her/.venv/lib/python3.12/site-packages/gunicorn/arbiter.py", line 713, in spawn_worker
    worker.init_process()
  File "/Users/sunmuchao/Downloads/Her/.venv/lib/python3.12/site-packages/gunicorn/workers/base.py", line 136, in init_process
    self.load_wsgi()
  File "/Users/sunmuchao/Downloads/Her/.venv/lib/python3.12/site-packages/gunicorn/workers/base.py", line 148, in load_wsgi
    self.wsgi = self.app.wsgi()
                ^^^^^^^^^^^^^^^
  File "/Users/sunmuchao/Downloads/Her/.venv/lib/python3.12/site-packages/gunicorn/app/base.py", line 66, in wsgi
    self.callable = self.load()
                    ^^^^^^^^^^^
  File "/Users/sunmuchao/Downloads/Her/.venv/lib/python3.12/site-packages/gunicorn/app/wsgiapp.py", line 57, in load
    return self.load_wsgiapp()
           ^^^^^^^^^^^^^^^^^^^
  File "/Users/sunmuchao/Downloads/Her/.venv/lib/python3.12/site-packages/gunicorn/app/wsgiapp.py", line 47, in load_wsgiapp
    return util.import_app(self.app_uri)
           ^^^^^^^^^^^^^^^^^^^^^^^^^^^^^
  File "/Users/sunmuchao/Downloads/Her/.venv/lib/python3.12/site-packages/gunicorn/util.py", line 411, in import_app
    mod = importlib.import_module(module)
          ^^^^^^^^^^^^^^^^^^^^^^^^^^^^^^^
  File "/usr/local/Cellar/python@3.12/3.12.7_1/Frameworks/Python.framework/Versions/3.12/lib/python3.12/importlib/__init__.py", line 90, in import_module
    return _bootstrap._gcd_import(name[level:], package, level)
           ^^^^^^^^^^^^^^^^^^^^^^^^^^^^^^^^^^^^^^^^^^^^^^^^^^^^
  File "<frozen importlib._bootstrap>", line 1387, in _gcd_import
  File "<frozen importlib._bootstrap>", line 1360, in _find_and_load
  File "<frozen importlib._bootstrap>", line 1331, in _find_and_load_unlocked
  File "<frozen importlib._bootstrap>", line 935, in _load_unlocked
  File "<frozen importlib._bootstrap_external>", line 995, in exec_module
  File "<frozen importlib._bootstrap>", line 488, in _call_with_frames_removed
  File "/Users/sunmuchao/Downloads/Her/external-systems/partner-http-gateway/gateway/app.py", line 395, in <module>
    _default_gateway = PartnerGateway()
                       ^^^^^^^^^^^^^^^^
  File "/Users/sunmuchao/Downloads/Her/external-systems/partner-http-gateway/gateway/app.py", line 108, in __init__
    self._rec_pool = GatewayConnectionPool(self._recommendation_dsn, "recommendation", max_size=pool_n)
                     ^^^^^^^^^^^^^^^^^^^^^^^^^^^^^^^^^^^^^^^^^^^^^^^^^^^^^^^^^^^^^^^^^^^^^^^^^^^^^^^^^^
  File "/Users/sunmuchao/Downloads/Her/external-systems/partner-http-gateway/gateway/mysql_pool.py", line 33, in __init__
    ensure_database(self._cfg)
  File "/Users/sunmuchao/Downloads/Her/outer_system_mysql_schema.py", line 180, in ensure_database
    cursor.execute(
  File "/Users/sunmuchao/Downloads/Her/.venv/lib/python3.12/site-packages/pymysql/cursors.py", line 155, in execute
    query = self.mogrify(query, args)
            ^^^^^^^^^^^^^^^^^^^^^^^^^
  File "/Users/sunmuchao/Downloads/Her/.venv/lib/python3.12/site-packages/pymysql/cursors.py", line 133, in mogrify
    query = query % self._escape_args(args, conn)
            ~~~~~~^~~~~~~~~~~~~~~~~~~~~~~~~~~~~~~
TypeError: not all arguments converted during string formatting
not all arguments converted during string formatting
[2026-05-30 12:59:15 +0800] [24993] [INFO] Worker exiting (pid: 24993)
[2026-05-30 12:59:15 +0800] [24994] [ERROR] Exception in worker process
Traceback (most recent call last):
  File "/Users/sunmuchao/Downloads/Her/.venv/lib/python3.12/site-packages/gunicorn/arbiter.py", line 713, in spawn_worker
    worker.init_process()
  File "/Users/sunmuchao/Downloads/Her/.venv/lib/python3.12/site-packages/gunicorn/workers/base.py", line 136, in init_process
    self.load_wsgi()
  File "/Users/sunmuchao/Downloads/Her/.venv/lib/python3.12/site-packages/gunicorn/workers/base.py", line 148, in load_wsgi
    self.wsgi = self.app.wsgi()
                ^^^^^^^^^^^^^^^
  File "/Users/sunmuchao/Downloads/Her/.venv/lib/python3.12/site-packages/gunicorn/app/base.py", line 66, in wsgi
    self.callable = self.load()
                    ^^^^^^^^^^^
  File "/Users/sunmuchao/Downloads/Her/.venv/lib/python3.12/site-packages/gunicorn/app/wsgiapp.py", line 57, in load
    return self.load_wsgiapp()
           ^^^^^^^^^^^^^^^^^^^
  File "/Users/sunmuchao/Downloads/Her/.venv/lib/python3.12/site-packages/gunicorn/app/wsgiapp.py", line 47, in load_wsgiapp
    return util.import_app(self.app_uri)
           ^^^^^^^^^^^^^^^^^^^^^^^^^^^^^
  File "/Users/sunmuchao/Downloads/Her/.venv/lib/python3.12/site-packages/gunicorn/util.py", line 411, in import_app
    mod = importlib.import_module(module)
          ^^^^^^^^^^^^^^^^^^^^^^^^^^^^^^^
  File "/usr/local/Cellar/python@3.12/3.12.7_1/Frameworks/Python.framework/Versions/3.12/lib/python3.12/importlib/__init__.py", line 90, in import_module
    return _bootstrap._gcd_import(name[level:], package, level)
           ^^^^^^^^^^^^^^^^^^^^^^^^^^^^^^^^^^^^^^^^^^^^^^^^^^^^
  File "<frozen importlib._bootstrap>", line 1387, in _gcd_import
  File "<frozen importlib._bootstrap>", line 1360, in _find_and_load
  File "<frozen importlib._bootstrap>", line 1331, in _find_and_load_unlocked
  File "<frozen importlib._bootstrap>", line 935, in _load_unlocked
  File "<frozen importlib._bootstrap_external>", line 995, in exec_module
  File "<frozen importlib._bootstrap>", line 488, in _call_with_frames_removed
  File "/Users/sunmuchao/Downloads/Her/external-systems/partner-http-gateway/gateway/app.py", line 395, in <module>
    _default_gateway = PartnerGateway()
                       ^^^^^^^^^^^^^^^^
  File "/Users/sunmuchao/Downloads/Her/external-systems/partner-http-gateway/gateway/app.py", line 108, in __init__
    self._rec_pool = GatewayConnectionPool(self._recommendation_dsn, "recommendation", max_size=pool_n)
                     ^^^^^^^^^^^^^^^^^^^^^^^^^^^^^^^^^^^^^^^^^^^^^^^^^^^^^^^^^^^^^^^^^^^^^^^^^^^^^^^^^^
  File "/Users/sunmuchao/Downloads/Her/external-systems/partner-http-gateway/gateway/mysql_pool.py", line 33, in __init__
    ensure_database(self._cfg)
  File "/Users/sunmuchao/Downloads/Her/outer_system_mysql_schema.py", line 180, in ensure_database
    cursor.execute(
  File "/Users/sunmuchao/Downloads/Her/.venv/lib/python3.12/site-packages/pymysql/cursors.py", line 155, in execute
    query = self.mogrify(query, args)
            ^^^^^^^^^^^^^^^^^^^^^^^^^
  File "/Users/sunmuchao/Downloads/Her/.venv/lib/python3.12/site-packages/pymysql/cursors.py", line 133, in mogrify
    query = query % self._escape_args(args, conn)
            ~~~~~~^~~~~~~~~~~~~~~~~~~~~~~~~~~~~~~
TypeError: not all arguments converted during string formatting
not all arguments converted during string formatting
[2026-05-30 12:59:15 +0800] [24994] [INFO] Worker exiting (pid: 24994)
[2026-05-30 12:59:15 +0800] [24995] [ERROR] Exception in worker process
Traceback (most recent call last):
  File "/Users/sunmuchao/Downloads/Her/.venv/lib/python3.12/site-packages/gunicorn/arbiter.py", line 713, in spawn_worker
    worker.init_process()
  File "/Users/sunmuchao/Downloads/Her/.venv/lib/python3.12/site-packages/gunicorn/workers/base.py", line 136, in init_process
    self.load_wsgi()
  File "/Users/sunmuchao/Downloads/Her/.venv/lib/python3.12/site-packages/gunicorn/workers/base.py", line 148, in load_wsgi
    self.wsgi = self.app.wsgi()
                ^^^^^^^^^^^^^^^
  File "/Users/sunmuchao/Downloads/Her/.venv/lib/python3.12/site-packages/gunicorn/app/base.py", line 66, in wsgi
    self.callable = self.load()
                    ^^^^^^^^^^^
  File "/Users/sunmuchao/Downloads/Her/.venv/lib/python3.12/site-packages/gunicorn/app/wsgiapp.py", line 57, in load
    return self.load_wsgiapp()
           ^^^^^^^^^^^^^^^^^^^
  File "/Users/sunmuchao/Downloads/Her/.venv/lib/python3.12/site-packages/gunicorn/app/wsgiapp.py", line 47, in load_wsgiapp
    return util.import_app(self.app_uri)
           ^^^^^^^^^^^^^^^^^^^^^^^^^^^^^
  File "/Users/sunmuchao/Downloads/Her/.venv/lib/python3.12/site-packages/gunicorn/util.py", line 411, in import_app
    mod = importlib.import_module(module)
          ^^^^^^^^^^^^^^^^^^^^^^^^^^^^^^^
  File "/usr/local/Cellar/python@3.12/3.12.7_1/Frameworks/Python.framework/Versions/3.12/lib/python3.12/importlib/__init__.py", line 90, in import_module
    return _bootstrap._gcd_import(name[level:], package, level)
           ^^^^^^^^^^^^^^^^^^^^^^^^^^^^^^^^^^^^^^^^^^^^^^^^^^^^
  File "<frozen importlib._bootstrap>", line 1387, in _gcd_import
  File "<frozen importlib._bootstrap>", line 1360, in _find_and_load
  File "<frozen importlib._bootstrap>", line 1331, in _find_and_load_unlocked
  File "<frozen importlib._bootstrap>", line 935, in _load_unlocked
  File "<frozen importlib._bootstrap_external>", line 995, in exec_module
  File "<frozen importlib._bootstrap>", line 488, in _call_with_frames_removed
  File "/Users/sunmuchao/Downloads/Her/external-systems/partner-http-gateway/gateway/app.py", line 395, in <module>
    _default_gateway = PartnerGateway()
                       ^^^^^^^^^^^^^^^^
  File "/Users/sunmuchao/Downloads/Her/external-systems/partner-http-gateway/gateway/app.py", line 108, in __init__
    self._rec_pool = GatewayConnectionPool(self._recommendation_dsn, "recommendation", max_size=pool_n)
                     ^^^^^^^^^^^^^^^^^^^^^^^^^^^^^^^^^^^^^^^^^^^^^^^^^^^^^^^^^^^^^^^^^^^^^^^^^^^^^^^^^^
  File "/Users/sunmuchao/Downloads/Her/external-systems/partner-http-gateway/gateway/mysql_pool.py", line 33, in __init__
    ensure_database(self._cfg)
  File "/Users/sunmuchao/Downloads/Her/outer_system_mysql_schema.py", line 180, in ensure_database
    cursor.execute(
  File "/Users/sunmuchao/Downloads/Her/.venv/lib/python3.12/site-packages/pymysql/cursors.py", line 155, in execute
    query = self.mogrify(query, args)
            ^^^^^^^^^^^^^^^^^^^^^^^^^
  File "/Users/sunmuchao/Downloads/Her/.venv/lib/python3.12/site-packages/pymysql/cursors.py", line 133, in mogrify
    query = query % self._escape_args(args, conn)
            ~~~~~~^~~~~~~~~~~~~~~~~~~~~~~~~~~~~~~
TypeError: not all arguments converted during string formatting
not all arguments converted during string formatting
[2026-05-30 12:59:15 +0800] [24995] [INFO] Worker exiting (pid: 24995)
[2026-05-30 12:59:15 +0800] [24996] [ERROR] Exception in worker process
Traceback (most recent call last):
  File "/Users/sunmuchao/Downloads/Her/.venv/lib/python3.12/site-packages/gunicorn/arbiter.py", line 713, in spawn_worker
    worker.init_process()
  File "/Users/sunmuchao/Downloads/Her/.venv/lib/python3.12/site-packages/gunicorn/workers/base.py", line 136, in init_process
    self.load_wsgi()
  File "/Users/sunmuchao/Downloads/Her/.venv/lib/python3.12/site-packages/gunicorn/workers/base.py", line 148, in load_wsgi
    self.wsgi = self.app.wsgi()
                ^^^^^^^^^^^^^^^
  File "/Users/sunmuchao/Downloads/Her/.venv/lib/python3.12/site-packages/gunicorn/app/base.py", line 66, in wsgi
    self.callable = self.load()
                    ^^^^^^^^^^^
  File "/Users/sunmuchao/Downloads/Her/.venv/lib/python3.12/site-packages/gunicorn/app/wsgiapp.py", line 57, in load
    return self.load_wsgiapp()
           ^^^^^^^^^^^^^^^^^^^
  File "/Users/sunmuchao/Downloads/Her/.venv/lib/python3.12/site-packages/gunicorn/app/wsgiapp.py", line 47, in load_wsgiapp
    return util.import_app(self.app_uri)
           ^^^^^^^^^^^^^^^^^^^^^^^^^^^^^
  File "/Users/sunmuchao/Downloads/Her/.venv/lib/python3.12/site-packages/gunicorn/util.py", line 411, in import_app
    mod = importlib.import_module(module)
          ^^^^^^^^^^^^^^^^^^^^^^^^^^^^^^^
  File "/usr/local/Cellar/python@3.12/3.12.7_1/Frameworks/Python.framework/Versions/3.12/lib/python3.12/importlib/__init__.py", line 90, in import_module
    return _bootstrap._gcd_import(name[level:], package, level)
           ^^^^^^^^^^^^^^^^^^^^^^^^^^^^^^^^^^^^^^^^^^^^^^^^^^^^
  File "<frozen importlib._bootstrap>", line 1387, in _gcd_import
  File "<frozen importlib._bootstrap>", line 1360, in _find_and_load
  File "<frozen importlib._bootstrap>", line 1331, in _find_and_load_unlocked
  File "<frozen importlib._bootstrap>", line 935, in _load_unlocked
  File "<frozen importlib._bootstrap_external>", line 995, in exec_module
  File "<frozen importlib._bootstrap>", line 488, in _call_with_frames_removed
  File "/Users/sunmuchao/Downloads/Her/external-systems/partner-http-gateway/gateway/app.py", line 395, in <module>
    _default_gateway = PartnerGateway()
                       ^^^^^^^^^^^^^^^^
  File "/Users/sunmuchao/Downloads/Her/external-systems/partner-http-gateway/gateway/app.py", line 108, in __init__
    self._rec_pool = GatewayConnectionPool(self._recommendation_dsn, "recommendation", max_size=pool_n)
                     ^^^^^^^^^^^^^^^^^^^^^^^^^^^^^^^^^^^^^^^^^^^^^^^^^^^^^^^^^^^^^^^^^^^^^^^^^^^^^^^^^^
  File "/Users/sunmuchao/Downloads/Her/external-systems/partner-http-gateway/gateway/mysql_pool.py", line 33, in __init__
    ensure_database(self._cfg)
  File "/Users/sunmuchao/Downloads/Her/outer_system_mysql_schema.py", line 180, in ensure_database
    cursor.execute(
  File "/Users/sunmuchao/Downloads/Her/.venv/lib/python3.12/site-packages/pymysql/cursors.py", line 155, in execute
    query = self.mogrify(query, args)
            ^^^^^^^^^^^^^^^^^^^^^^^^^
  File "/Users/sunmuchao/Downloads/Her/.venv/lib/python3.12/site-packages/pymysql/cursors.py", line 133, in mogrify
    query = query % self._escape_args(args, conn)
            ~~~~~~^~~~~~~~~~~~~~~~~~~~~~~~~~~~~~~
TypeError: not all arguments converted during string formatting
not all arguments converted during string formatting
[2026-05-30 12:59:15 +0800] [24996] [INFO] Worker exiting (pid: 24996)
[2026-05-30 12:59:15 +0800] [24997] [ERROR] Exception in worker process
Traceback (most recent call last):
  File "/Users/sunmuchao/Downloads/Her/.venv/lib/python3.12/site-packages/gunicorn/arbiter.py", line 713, in spawn_worker
    worker.init_process()
  File "/Users/sunmuchao/Downloads/Her/.venv/lib/python3.12/site-packages/gunicorn/workers/base.py", line 136, in init_process
    self.load_wsgi()
  File "/Users/sunmuchao/Downloads/Her/.venv/lib/python3.12/site-packages/gunicorn/workers/base.py", line 148, in load_wsgi
    self.wsgi = self.app.wsgi()
                ^^^^^^^^^^^^^^^
  File "/Users/sunmuchao/Downloads/Her/.venv/lib/python3.12/site-packages/gunicorn/app/base.py", line 66, in wsgi
    self.callable = self.load()
                    ^^^^^^^^^^^
  File "/Users/sunmuchao/Downloads/Her/.venv/lib/python3.12/site-packages/gunicorn/app/wsgiapp.py", line 57, in load
    return self.load_wsgiapp()
           ^^^^^^^^^^^^^^^^^^^
  File "/Users/sunmuchao/Downloads/Her/.venv/lib/python3.12/site-packages/gunicorn/app/wsgiapp.py", line 47, in load_wsgiapp
    return util.import_app(self.app_uri)
           ^^^^^^^^^^^^^^^^^^^^^^^^^^^^^
  File "/Users/sunmuchao/Downloads/Her/.venv/lib/python3.12/site-packages/gunicorn/util.py", line 411, in import_app
    mod = importlib.import_module(module)
          ^^^^^^^^^^^^^^^^^^^^^^^^^^^^^^^
  File "/usr/local/Cellar/python@3.12/3.12.7_1/Frameworks/Python.framework/Versions/3.12/lib/python3.12/importlib/__init__.py", line 90, in import_module
    return _bootstrap._gcd_import(name[level:], package, level)
           ^^^^^^^^^^^^^^^^^^^^^^^^^^^^^^^^^^^^^^^^^^^^^^^^^^^^
  File "<frozen importlib._bootstrap>", line 1387, in _gcd_import
  File "<frozen importlib._bootstrap>", line 1360, in _find_and_load
  File "<frozen importlib._bootstrap>", line 1331, in _find_and_load_unlocked
  File "<frozen importlib._bootstrap>", line 935, in _load_unlocked
  File "<frozen importlib._bootstrap_external>", line 995, in exec_module
  File "<frozen importlib._bootstrap>", line 488, in _call_with_frames_removed
  File "/Users/sunmuchao/Downloads/Her/external-systems/partner-http-gateway/gateway/app.py", line 395, in <module>
    _default_gateway = PartnerGateway()
                       ^^^^^^^^^^^^^^^^
  File "/Users/sunmuchao/Downloads/Her/external-systems/partner-http-gateway/gateway/app.py", line 108, in __init__
    self._rec_pool = GatewayConnectionPool(self._recommendation_dsn, "recommendation", max_size=pool_n)
                     ^^^^^^^^^^^^^^^^^^^^^^^^^^^^^^^^^^^^^^^^^^^^^^^^^^^^^^^^^^^^^^^^^^^^^^^^^^^^^^^^^^
  File "/Users/sunmuchao/Downloads/Her/external-systems/partner-http-gateway/gateway/mysql_pool.py", line 33, in __init__
    ensure_database(self._cfg)
  File "/Users/sunmuchao/Downloads/Her/outer_system_mysql_schema.py", line 180, in ensure_database
    cursor.execute(
  File "/Users/sunmuchao/Downloads/Her/.venv/lib/python3.12/site-packages/pymysql/cursors.py", line 155, in execute
    query = self.mogrify(query, args)
            ^^^^^^^^^^^^^^^^^^^^^^^^^
  File "/Users/sunmuchao/Downloads/Her/.venv/lib/python3.12/site-packages/pymysql/cursors.py", line 133, in mogrify
    query = query % self._escape_args(args, conn)
            ~~~~~~^~~~~~~~~~~~~~~~~~~~~~~~~~~~~~~
TypeError: not all arguments converted during string formatting
not all arguments converted during string formatting
[2026-05-30 12:59:15 +0800] [24997] [INFO] Worker exiting (pid: 24997)
[2026-05-30 12:59:15 +0800] [24998] [ERROR] Exception in worker process
Traceback (most recent call last):
  File "/Users/sunmuchao/Downloads/Her/.venv/lib/python3.12/site-packages/gunicorn/arbiter.py", line 713, in spawn_worker
    worker.init_process()
  File "/Users/sunmuchao/Downloads/Her/.venv/lib/python3.12/site-packages/gunicorn/workers/base.py", line 136, in init_process
    self.load_wsgi()
  File "/Users/sunmuchao/Downloads/Her/.venv/lib/python3.12/site-packages/gunicorn/workers/base.py", line 148, in load_wsgi
    self.wsgi = self.app.wsgi()
                ^^^^^^^^^^^^^^^
  File "/Users/sunmuchao/Downloads/Her/.venv/lib/python3.12/site-packages/gunicorn/app/base.py", line 66, in wsgi
    self.callable = self.load()
                    ^^^^^^^^^^^
  File "/Users/sunmuchao/Downloads/Her/.venv/lib/python3.12/site-packages/gunicorn/app/wsgiapp.py", line 57, in load
    return self.load_wsgiapp()
           ^^^^^^^^^^^^^^^^^^^
  File "/Users/sunmuchao/Downloads/Her/.venv/lib/python3.12/site-packages/gunicorn/app/wsgiapp.py", line 47, in load_wsgiapp
    return util.import_app(self.app_uri)
           ^^^^^^^^^^^^^^^^^^^^^^^^^^^^^
  File "/Users/sunmuchao/Downloads/Her/.venv/lib/python3.12/site-packages/gunicorn/util.py", line 411, in import_app
    mod = importlib.import_module(module)
          ^^^^^^^^^^^^^^^^^^^^^^^^^^^^^^^
  File "/usr/local/Cellar/python@3.12/3.12.7_1/Frameworks/Python.framework/Versions/3.12/lib/python3.12/importlib/__init__.py", line 90, in import_module
    return _bootstrap._gcd_import(name[level:], package, level)
           ^^^^^^^^^^^^^^^^^^^^^^^^^^^^^^^^^^^^^^^^^^^^^^^^^^^^
  File "<frozen importlib._bootstrap>", line 1387, in _gcd_import
  File "<frozen importlib._bootstrap>", line 1360, in _find_and_load
  File "<frozen importlib._bootstrap>", line 1331, in _find_and_load_unlocked
  File "<frozen importlib._bootstrap>", line 935, in _load_unlocked
  File "<frozen importlib._bootstrap_external>", line 995, in exec_module
  File "<frozen importlib._bootstrap>", line 488, in _call_with_frames_removed
  File "/Users/sunmuchao/Downloads/Her/external-systems/partner-http-gateway/gateway/app.py", line 395, in <module>
    _default_gateway = PartnerGateway()
                       ^^^^^^^^^^^^^^^^
  File "/Users/sunmuchao/Downloads/Her/external-systems/partner-http-gateway/gateway/app.py", line 108, in __init__
    self._rec_pool = GatewayConnectionPool(self._recommendation_dsn, "recommendation", max_size=pool_n)
                     ^^^^^^^^^^^^^^^^^^^^^^^^^^^^^^^^^^^^^^^^^^^^^^^^^^^^^^^^^^^^^^^^^^^^^^^^^^^^^^^^^^
  File "/Users/sunmuchao/Downloads/Her/external-systems/partner-http-gateway/gateway/mysql_pool.py", line 33, in __init__
    ensure_database(self._cfg)
  File "/Users/sunmuchao/Downloads/Her/outer_system_mysql_schema.py", line 180, in ensure_database
    cursor.execute(
  File "/Users/sunmuchao/Downloads/Her/.venv/lib/python3.12/site-packages/pymysql/cursors.py", line 155, in execute
    query = self.mogrify(query, args)
            ^^^^^^^^^^^^^^^^^^^^^^^^^
  File "/Users/sunmuchao/Downloads/Her/.venv/lib/python3.12/site-packages/pymysql/cursors.py", line 133, in mogrify
    query = query % self._escape_args(args, conn)
            ~~~~~~^~~~~~~~~~~~~~~~~~~~~~~~~~~~~~~
TypeError: not all arguments converted during string formatting
not all arguments converted during string formatting
[2026-05-30 12:59:15 +0800] [24998] [INFO] Worker exiting (pid: 24998)
[2026-05-30 13:01:05 +0800] [25109] [INFO] Starting gunicorn 26.0.0
[2026-05-30 13:01:05 +0800] [25109] [INFO] Listening at: http://127.0.0.1:8765 (25109)
[2026-05-30 13:01:05 +0800] [25109] [INFO] Using worker: sync
[2026-05-30 13:01:05 +0800] [25111] [INFO] Booting worker with pid: 25111
[2026-05-30 13:01:05 +0800] [25112] [INFO] Booting worker with pid: 25112
[2026-05-30 13:01:05 +0800] [25113] [INFO] Booting worker with pid: 25113
[2026-05-30 13:01:05 +0800] [25114] [INFO] Booting worker with pid: 25114
[2026-05-30 13:01:05 +0800] [25115] [INFO] Booting worker with pid: 25115
[2026-05-30 13:01:05 +0800] [25116] [INFO] Booting worker with pid: 25116
[2026-05-30 13:01:05 +0800] [25117] [INFO] Booting worker with pid: 25117
[2026-05-30 13:01:05 +0800] [25118] [INFO] Booting worker with pid: 25118
[2026-05-30 13:01:05 +0800] [25119] [INFO] Booting worker with pid: 25119
[2026-05-30 13:01:05 +0800] [25120] [INFO] Booting worker with pid: 25120
[2026-05-30 13:01:05 +0800] [25121] [INFO] Booting worker with pid: 25121
[2026-05-30 13:01:05 +0800] [25122] [INFO] Booting worker with pid: 25122
[2026-05-30 13:01:05 +0800] [25123] [INFO] Booting worker with pid: 25123
[2026-05-30 13:01:05 +0800] [25124] [INFO] Booting worker with pid: 25124
[2026-05-30 13:01:05 +0800] [25125] [INFO] Booting worker with pid: 25125
[2026-05-30 13:01:05 +0800] [25126] [INFO] Booting worker with pid: 25126
[2026-05-30 13:01:05 +0800] [25127] [INFO] Booting worker with pid: 25127
[2026-05-30 13:01:05 +0800] [25128] [INFO] Booting worker with pid: 25128
[2026-05-30 13:01:05 +0800] [25129] [INFO] Booting worker with pid: 25129
[2026-05-30 13:01:06 +0800] [25130] [INFO] Booting worker with pid: 25130
[2026-05-30 13:01:06 +0800] [25131] [INFO] Booting worker with pid: 25131
[2026-05-30 13:01:06 +0800] [25132] [INFO] Booting worker with pid: 25132
[2026-05-30 13:01:06 +0800] [25133] [INFO] Booting worker with pid: 25133
[2026-05-30 13:01:06 +0800] [25134] [INFO] Booting worker with pid: 25134
[2026-05-30 13:01:06 +0800] [25135] [INFO] Booting worker with pid: 25135
[2026-05-30 13:01:06 +0800] [25109] [INFO] Control socket listening at /Users/sunmuchao/.gunicorn/gunicorn.ctl
[2026-05-30 13:02:47 +0800] [25109] [CRITICAL] WORKER TIMEOUT (pid:25125)
[2026-05-30 13:02:47 +0800] [25125] [ERROR] Error handling request GET /v1/profile/me?profile_id=2478
Traceback (most recent call last):
  File "/Users/sunmuchao/Downloads/Her/.venv/lib/python3.12/site-packages/gunicorn/workers/sync.py", line 141, in handle
    self.handle_request(listener, req, client, addr)
  File "/Users/sunmuchao/Downloads/Her/.venv/lib/python3.12/site-packages/gunicorn/workers/sync.py", line 184, in handle_request
    respiter = self.wsgi(environ, resp.start_response)
               ^^^^^^^^^^^^^^^^^^^^^^^^^^^^^^^^^^^^^^^
  File "/Users/sunmuchao/Downloads/Her/external-systems/partner-http-gateway/gateway/app.py", line 325, in __call__
    status_code, payload = self.dispatch_rest(environ)
                           ^^^^^^^^^^^^^^^^^^^^^^^^^^^
  File "/Users/sunmuchao/Downloads/Her/external-systems/partner-http-gateway/gateway/app.py", line 242, in dispatch_rest
    return dispatch_gateway_rest(self, environ)
           ^^^^^^^^^^^^^^^^^^^^^^^^^^^^^^^^^^^^
  File "/Users/sunmuchao/Downloads/Her/external-systems/partner-http-gateway/gateway/rest_dispatch.py", line 74, in dispatch_gateway_rest
    response = dispatcher(gateway, environ, method, path)
               ^^^^^^^^^^^^^^^^^^^^^^^^^^^^^^^^^^^^^^^^^^
  File "/Users/sunmuchao/Downloads/Her/external-systems/partner-http-gateway/gateway/collected_routes.py", line 135, in dispatch_collected_rest
    return rest_profile_me(gateway, environ)
           ^^^^^^^^^^^^^^^^^^^^^^^^^^^^^^^^^
  File "/Users/sunmuchao/Downloads/Her/external-systems/partner-http-gateway/gateway/collected_routes.py", line 79, in rest_profile_me
    row = get_profile(
          ^^^^^^^^^^^^
  File "/Users/sunmuchao/Downloads/Her/profile_service/api.py", line 368, in get_profile
    profile_conn = _connect_profile_db(source_dsn, use_pool=True, timeout=10.0)
                   ^^^^^^^^^^^^^^^^^^^^^^^^^^^^^^^^^^^^^^^^^^^^^^^^^^^^^^^^^^^^
  File "/Users/sunmuchao/Downloads/Her/profile_service/api.py", line 122, in _connect_profile_db
    return pool.acquire(timeout=timeout)
           ^^^^^^^^^^^^^^^^^^^^^^^^^^^^^
  File "/Users/sunmuchao/Downloads/Her/profile_service/api.py", line 72, in acquire
    raw = self._avail.pop() if self._avail else schema.mysql_database_connect(self._cfg)
                                                ^^^^^^^^^^^^^^^^^^^^^^^^^^^^^^^^^^^^^^^^
  File "/Users/sunmuchao/Downloads/Her/outer_system_mysql_schema.py", line 161, in mysql_database_connect
    return pymysql.connect(
           ^^^^^^^^^^^^^^^^
  File "/Users/sunmuchao/Downloads/Her/.venv/lib/python3.12/site-packages/pymysql/connections.py", line 365, in __init__
    self.connect()
  File "/Users/sunmuchao/Downloads/Her/.venv/lib/python3.12/site-packages/pymysql/connections.py", line 681, in connect
    self._request_authentication()
  File "/Users/sunmuchao/Downloads/Her/.venv/lib/python3.12/site-packages/pymysql/connections.py", line 958, in _request_authentication
    auth_packet = self._read_packet()
                  ^^^^^^^^^^^^^^^^^^^
  File "/Users/sunmuchao/Downloads/Her/.venv/lib/python3.12/site-packages/pymysql/connections.py", line 751, in _read_packet
    packet_header = self._read_bytes(4)
                    ^^^^^^^^^^^^^^^^^^^
  File "/Users/sunmuchao/Downloads/Her/.venv/lib/python3.12/site-packages/pymysql/connections.py", line 789, in _read_bytes
    data = self._rfile.read(num_bytes)
           ^^^^^^^^^^^^^^^^^^^^^^^^^^^
  File "/usr/local/Cellar/python@3.12/3.12.7_1/Frameworks/Python.framework/Versions/3.12/lib/python3.12/socket.py", line 720, in readinto
    return self._sock.recv_into(b)
           ^^^^^^^^^^^^^^^^^^^^^^^
  File "/Users/sunmuchao/Downloads/Her/.venv/lib/python3.12/site-packages/gunicorn/workers/base.py", line 198, in handle_abort
    sys.exit(1)
SystemExit: 1
[2026-05-30 13:02:47 +0800] [25125] [INFO] Worker exiting (pid: 25125)
[2026-05-30 13:02:47 +0800] [25109] [INFO] Control socket listening at /Users/sunmuchao/.gunicorn/gunicorn.ctl
[2026-05-30 13:02:47 +0800] [25232] [INFO] Booting worker with pid: 25232
[2026-05-30 13:03:48 +0800] [25109] [CRITICAL] WORKER TIMEOUT (pid:25130)
[2026-05-30 13:03:48 +0800] [25130] [ERROR] Error handling request GET /v1/persona/collected?profile_id=2478
Traceback (most recent call last):
  File "/Users/sunmuchao/Downloads/Her/.venv/lib/python3.12/site-packages/gunicorn/workers/sync.py", line 141, in handle
    self.handle_request(listener, req, client, addr)
  File "/Users/sunmuchao/Downloads/Her/.venv/lib/python3.12/site-packages/gunicorn/workers/sync.py", line 184, in handle_request
    respiter = self.wsgi(environ, resp.start_response)
               ^^^^^^^^^^^^^^^^^^^^^^^^^^^^^^^^^^^^^^^
  File "/Users/sunmuchao/Downloads/Her/external-systems/partner-http-gateway/gateway/app.py", line 325, in __call__
    status_code, payload = self.dispatch_rest(environ)
                           ^^^^^^^^^^^^^^^^^^^^^^^^^^^
  File "/Users/sunmuchao/Downloads/Her/external-systems/partner-http-gateway/gateway/app.py", line 242, in dispatch_rest
    return dispatch_gateway_rest(self, environ)
           ^^^^^^^^^^^^^^^^^^^^^^^^^^^^^^^^^^^^
  File "/Users/sunmuchao/Downloads/Her/external-systems/partner-http-gateway/gateway/rest_dispatch.py", line 74, in dispatch_gateway_rest
    response = dispatcher(gateway, environ, method, path)
               ^^^^^^^^^^^^^^^^^^^^^^^^^^^^^^^^^^^^^^^^^^
  File "/Users/sunmuchao/Downloads/Her/external-systems/partner-http-gateway/gateway/collected_routes.py", line 137, in dispatch_collected_rest
    return rest_persona_collected(gateway, environ)
           ^^^^^^^^^^^^^^^^^^^^^^^^^^^^^^^^^^^^^^^^
  File "/Users/sunmuchao/Downloads/Her/external-systems/partner-http-gateway/gateway/collected_routes.py", line 109, in rest_persona_collected
    bundle = load_collected_bundle(source=source, user_key=str(profile_id))
             ^^^^^^^^^^^^^^^^^^^^^^^^^^^^^^^^^^^^^^^^^^^^^^^^^^^^^^^^^^^^^^
  File "/Users/sunmuchao/Downloads/Her/match_domain/persona_loader.py", line 179, in load_collected_bundle
    persona = load_persona_row(source=source, user_key=user_key) or {}
              ^^^^^^^^^^^^^^^^^^^^^^^^^^^^^^^^^^^^^^^^^^^^^^^^^^
  File "/Users/sunmuchao/Downloads/Her/match_domain/persona_loader.py", line 21, in load_persona_row
    conn = mysql_connect(source, use_pool=True, timeout=10.0)
           ^^^^^^^^^^^^^^^^^^^^^^^^^^^^^^^^^^^^^^^^^^^^^^^^^^
  File "/Users/sunmuchao/Downloads/Her/persona_memory_sync/persona_memory_lib.py", line 711, in mysql_connect
    return pool.acquire(timeout=timeout)
           ^^^^^^^^^^^^^^^^^^^^^^^^^^^^^
  File "/Users/sunmuchao/Downloads/Her/persona_memory_sync/persona_memory_lib.py", line 86, in acquire
    raw = self._avail.pop() if self._avail else mysql_database_connect(self._cfg)
                                                ^^^^^^^^^^^^^^^^^^^^^^^^^^^^^^^^^
  File "/Users/sunmuchao/Downloads/Her/outer_system_mysql_schema.py", line 161, in mysql_database_connect
    return pymysql.connect(
           ^^^^^^^^^^^^^^^^
  File "/Users/sunmuchao/Downloads/Her/.venv/lib/python3.12/site-packages/pymysql/connections.py", line 365, in __init__
    self.connect()
  File "/Users/sunmuchao/Downloads/Her/.venv/lib/python3.12/site-packages/pymysql/connections.py", line 681, in connect
    self._request_authentication()
  File "/Users/sunmuchao/Downloads/Her/.venv/lib/python3.12/site-packages/pymysql/connections.py", line 958, in _request_authentication
    auth_packet = self._read_packet()
                  ^^^^^^^^^^^^^^^^^^^
  File "/Users/sunmuchao/Downloads/Her/.venv/lib/python3.12/site-packages/pymysql/connections.py", line 751, in _read_packet
    packet_header = self._read_bytes(4)
                    ^^^^^^^^^^^^^^^^^^^
  File "/Users/sunmuchao/Downloads/Her/.venv/lib/python3.12/site-packages/pymysql/connections.py", line 789, in _read_bytes
    data = self._rfile.read(num_bytes)
           ^^^^^^^^^^^^^^^^^^^^^^^^^^^
  File "/usr/local/Cellar/python@3.12/3.12.7_1/Frameworks/Python.framework/Versions/3.12/lib/python3.12/socket.py", line 720, in readinto
    return self._sock.recv_into(b)
           ^^^^^^^^^^^^^^^^^^^^^^^
  File "/Users/sunmuchao/Downloads/Her/.venv/lib/python3.12/site-packages/gunicorn/workers/base.py", line 198, in handle_abort
    sys.exit(1)
SystemExit: 1
[2026-05-30 13:03:48 +0800] [25130] [INFO] Worker exiting (pid: 25130)
[2026-05-30 13:03:48 +0800] [25109] [INFO] Control socket listening at /Users/sunmuchao/.gunicorn/gunicorn.ctl
[2026-05-30 13:03:48 +0800] [25285] [INFO] Booting worker with pid: 25285
[2026-05-30 13:05:35 +0800] [25109] [CRITICAL] WORKER TIMEOUT (pid:25120)
[2026-05-30 13:05:35 +0800] [25120] [ERROR] Error handling request GET /v1/profile/me?profile_id=2478
Traceback (most recent call last):
  File "/Users/sunmuchao/Downloads/Her/.venv/lib/python3.12/site-packages/gunicorn/workers/sync.py", line 141, in handle
    self.handle_request(listener, req, client, addr)
  File "/Users/sunmuchao/Downloads/Her/.venv/lib/python3.12/site-packages/gunicorn/workers/sync.py", line 184, in handle_request
    respiter = self.wsgi(environ, resp.start_response)
               ^^^^^^^^^^^^^^^^^^^^^^^^^^^^^^^^^^^^^^^
  File "/Users/sunmuchao/Downloads/Her/external-systems/partner-http-gateway/gateway/app.py", line 325, in __call__
    status_code, payload = self.dispatch_rest(environ)
                           ^^^^^^^^^^^^^^^^^^^^^^^^^^^
  File "/Users/sunmuchao/Downloads/Her/external-systems/partner-http-gateway/gateway/app.py", line 242, in dispatch_rest
    return dispatch_gateway_rest(self, environ)
           ^^^^^^^^^^^^^^^^^^^^^^^^^^^^^^^^^^^^
  File "/Users/sunmuchao/Downloads/Her/external-systems/partner-http-gateway/gateway/rest_dispatch.py", line 74, in dispatch_gateway_rest
    response = dispatcher(gateway, environ, method, path)
               ^^^^^^^^^^^^^^^^^^^^^^^^^^^^^^^^^^^^^^^^^^
  File "/Users/sunmuchao/Downloads/Her/external-systems/partner-http-gateway/gateway/collected_routes.py", line 135, in dispatch_collected_rest
    return rest_profile_me(gateway, environ)
           ^^^^^^^^^^^^^^^^^^^^^^^^^^^^^^^^^
  File "/Users/sunmuchao/Downloads/Her/external-systems/partner-http-gateway/gateway/collected_routes.py", line 79, in rest_profile_me
    row = get_profile(
          ^^^^^^^^^^^^
  File "/Users/sunmuchao/Downloads/Her/profile_service/api.py", line 368, in get_profile
    profile_conn = _connect_profile_db(source_dsn, use_pool=True, timeout=10.0)
                   ^^^^^^^^^^^^^^^^^^^^^^^^^^^^^^^^^^^^^^^^^^^^^^^^^^^^^^^^^^^^
  File "/Users/sunmuchao/Downloads/Her/profile_service/api.py", line 122, in _connect_profile_db
    return pool.acquire(timeout=timeout)
           ^^^^^^^^^^^^^^^^^^^^^^^^^^^^^
  File "/Users/sunmuchao/Downloads/Her/profile_service/api.py", line 72, in acquire
    raw = self._avail.pop() if self._avail else schema.mysql_database_connect(self._cfg)
                                                ^^^^^^^^^^^^^^^^^^^^^^^^^^^^^^^^^^^^^^^^
  File "/Users/sunmuchao/Downloads/Her/outer_system_mysql_schema.py", line 161, in mysql_database_connect
    return pymysql.connect(
           ^^^^^^^^^^^^^^^^
  File "/Users/sunmuchao/Downloads/Her/.venv/lib/python3.12/site-packages/pymysql/connections.py", line 365, in __init__
    self.connect()
  File "/Users/sunmuchao/Downloads/Her/.venv/lib/python3.12/site-packages/pymysql/connections.py", line 681, in connect
    self._request_authentication()
  File "/Users/sunmuchao/Downloads/Her/.venv/lib/python3.12/site-packages/pymysql/connections.py", line 958, in _request_authentication
    auth_packet = self._read_packet()
                  ^^^^^^^^^^^^^^^^^^^
  File "/Users/sunmuchao/Downloads/Her/.venv/lib/python3.12/site-packages/pymysql/connections.py", line 751, in _read_packet
    packet_header = self._read_bytes(4)
                    ^^^^^^^^^^^^^^^^^^^
  File "/Users/sunmuchao/Downloads/Her/.venv/lib/python3.12/site-packages/pymysql/connections.py", line 789, in _read_bytes
    data = self._rfile.read(num_bytes)
           ^^^^^^^^^^^^^^^^^^^^^^^^^^^
  File "/usr/local/Cellar/python@3.12/3.12.7_1/Frameworks/Python.framework/Versions/3.12/lib/python3.12/socket.py", line 720, in readinto
    return self._sock.recv_into(b)
           ^^^^^^^^^^^^^^^^^^^^^^^
  File "/Users/sunmuchao/Downloads/Her/.venv/lib/python3.12/site-packages/gunicorn/workers/base.py", line 198, in handle_abort
    sys.exit(1)
SystemExit: 1
[2026-05-30 13:05:35 +0800] [25120] [INFO] Worker exiting (pid: 25120)
[2026-05-30 13:05:35 +0800] [25109] [INFO] Control socket listening at /Users/sunmuchao/.gunicorn/gunicorn.ctl
[2026-05-30 13:05:35 +0800] [25394] [INFO] Booting worker with pid: 25394
[2026-05-30 13:07:05 +0800] [25109] [CRITICAL] WORKER TIMEOUT (pid:25113)
[2026-05-30 13:07:05 +0800] [25109] [CRITICAL] WORKER TIMEOUT (pid:25134)
[2026-05-30 13:07:05 +0800] [25134] [ERROR] Error handling request GET /v1/profile/me?profile_id=2478
Traceback (most recent call last):
  File "/Users/sunmuchao/Downloads/Her/.venv/lib/python3.12/site-packages/gunicorn/workers/sync.py", line 141, in handle
    self.handle_request(listener, req, client, addr)
  File "/Users/sunmuchao/Downloads/Her/.venv/lib/python3.12/site-packages/gunicorn/workers/sync.py", line 184, in handle_request
    respiter = self.wsgi(environ, resp.start_response)
               ^^^^^^^^^^^^^^^^^^^^^^^^^^^^^^^^^^^^^^^
  File "/Users/sunmuchao/Downloads/Her/external-systems/partner-http-gateway/gateway/app.py", line 325, in __call__
    status_code, payload = self.dispatch_rest(environ)
                           ^^^^^^^^^^^^^^^^^^^^^^^^^^^
  File "/Users/sunmuchao/Downloads/Her/external-systems/partner-http-gateway/gateway/app.py", line 242, in dispatch_rest
    return dispatch_gateway_rest(self, environ)
           ^^^^^^^^^^^^^^^^^^^^^^^^^^^^^^^^^^^^
  File "/Users/sunmuchao/Downloads/Her/external-systems/partner-http-gateway/gateway/rest_dispatch.py", line 74, in dispatch_gateway_rest
    response = dispatcher(gateway, environ, method, path)
               ^^^^^^^^^^^^^^^^^^^^^^^^^^^^^^^^^^^^^^^^^^
  File "/Users/sunmuchao/Downloads/Her/external-systems/partner-http-gateway/gateway/collected_routes.py", line 135, in dispatch_collected_rest
    return rest_profile_me(gateway, environ)
           ^^^^^^^^^^^^^^^^^^^^^^^^^^^^^^^^^
  File "/Users/sunmuchao/Downloads/Her/external-systems/partner-http-gateway/gateway/collected_routes.py", line 79, in rest_profile_me
    row = get_profile(
          ^^^^^^^^^^^^
  File "/Users/sunmuchao/Downloads/Her/profile_service/api.py", line 368, in get_profile
    profile_conn = _connect_profile_db(source_dsn, use_pool=True, timeout=10.0)
                   ^^^^^^^^^^^^^^^^^^^^^^^^^^^^^^^^^^^^^^^^^^^^^^^^^^^^^^^^^^^^
  File "/Users/sunmuchao/Downloads/Her/profile_service/api.py", line 122, in _connect_profile_db
    return pool.acquire(timeout=timeout)
           ^^^^^^^^^^^^^^^^^^^^^^^^^^^^^
  File "/Users/sunmuchao/Downloads/Her/profile_service/api.py", line 72, in acquire
    raw = self._avail.pop() if self._avail else schema.mysql_database_connect(self._cfg)
                                                ^^^^^^^^^^^^^^^^^^^^^^^^^^^^^^^^^^^^^^^^
  File "/Users/sunmuchao/Downloads/Her/outer_system_mysql_schema.py", line 161, in mysql_database_connect
    return pymysql.connect(
           ^^^^^^^^^^^^^^^^
  File "/Users/sunmuchao/Downloads/Her/.venv/lib/python3.12/site-packages/pymysql/connections.py", line 365, in __init__
    self.connect()
  File "/Users/sunmuchao/Downloads/Her/.venv/lib/python3.12/site-packages/pymysql/connections.py", line 681, in connect
    self._request_authentication()
  File "/Users/sunmuchao/Downloads/Her/.venv/lib/python3.12/site-packages/pymysql/connections.py", line 958, in _request_authentication
    auth_packet = self._read_packet()
                  ^^^^^^^^^^^^^^^^^^^
  File "/Users/sunmuchao/Downloads/Her/.venv/lib/python3.12/site-packages/pymysql/connections.py", line 751, in _read_packet
    packet_header = self._read_bytes(4)
                    ^^^^^^^^^^^^^^^^^^^
  File "/Users/sunmuchao/Downloads/Her/.venv/lib/python3.12/site-packages/pymysql/connections.py", line 789, in _read_bytes
    data = self._rfile.read(num_bytes)
           ^^^^^^^^^^^^^^^^^^^^^^^^^^^
  File "/usr/local/Cellar/python@3.12/3.12.7_1/Frameworks/Python.framework/Versions/3.12/lib/python3.12/socket.py", line 720, in readinto
    return self._sock.recv_into(b)
           ^^^^^^^^^^^^^^^^^^^^^^^
  File "/Users/sunmuchao/Downloads/Her/.venv/lib/python3.12/site-packages/gunicorn/workers/base.py", line 198, in handle_abort
    sys.exit(1)
SystemExit: 1
[2026-05-30 13:07:05 +0800] [25113] [ERROR] Error handling request GET /v1/persona/collected?profile_id=2478
Traceback (most recent call last):
  File "/Users/sunmuchao/Downloads/Her/.venv/lib/python3.12/site-packages/gunicorn/workers/sync.py", line 141, in handle
    self.handle_request(listener, req, client, addr)
  File "/Users/sunmuchao/Downloads/Her/.venv/lib/python3.12/site-packages/gunicorn/workers/sync.py", line 184, in handle_request
    respiter = self.wsgi(environ, resp.start_response)
               ^^^^^^^^^^^^^^^^^^^^^^^^^^^^^^^^^^^^^^^
  File "/Users/sunmuchao/Downloads/Her/external-systems/partner-http-gateway/gateway/app.py", line 325, in __call__
    status_code, payload = self.dispatch_rest(environ)
                           ^^^^^^^^^^^^^^^^^^^^^^^^^^^
  File "/Users/sunmuchao/Downloads/Her/external-systems/partner-http-gateway/gateway/app.py", line 242, in dispatch_rest
    return dispatch_gateway_rest(self, environ)
           ^^^^^^^^^^^^^^^^^^^^^^^^^^^^^^^^^^^^
  File "/Users/sunmuchao/Downloads/Her/external-systems/partner-http-gateway/gateway/rest_dispatch.py", line 74, in dispatch_gateway_rest
    response = dispatcher(gateway, environ, method, path)
               ^^^^^^^^^^^^^^^^^^^^^^^^^^^^^^^^^^^^^^^^^^
  File "/Users/sunmuchao/Downloads/Her/external-systems/partner-http-gateway/gateway/collected_routes.py", line 137, in dispatch_collected_rest
    return rest_persona_collected(gateway, environ)
           ^^^^^^^^^^^^^^^^^^^^^^^^^^^^^^^^^^^^^^^^
  File "/Users/sunmuchao/Downloads/Her/external-systems/partner-http-gateway/gateway/collected_routes.py", line 109, in rest_persona_collected
    bundle = load_collected_bundle(source=source, user_key=str(profile_id))
             ^^^^^^^^^^^^^^^^^^^^^^^^^^^^^^^^^^^^^^^^^^^^^^^^^^^^^^^^^^^^^^
  File "/Users/sunmuchao/Downloads/Her/match_domain/persona_loader.py", line 179, in load_collected_bundle
    persona = load_persona_row(source=source, user_key=user_key) or {}
              ^^^^^^^^^^^^^^^^^^^^^^^^^^^^^^^^^^^^^^^^^^^^^^^^^^
  File "/Users/sunmuchao/Downloads/Her/match_domain/persona_loader.py", line 21, in load_persona_row
    conn = mysql_connect(source, use_pool=True, timeout=10.0)
           ^^^^^^^^^^^^^^^^^^^^^^^^^^^^^^^^^^^^^^^^^^^^^^^^^^
  File "/Users/sunmuchao/Downloads/Her/persona_memory_sync/persona_memory_lib.py", line 711, in mysql_connect
    return pool.acquire(timeout=timeout)
           ^^^^^^^^^^^^^^^^^^^^^^^^^^^^^
  File "/Users/sunmuchao/Downloads/Her/persona_memory_sync/persona_memory_lib.py", line 86, in acquire
    raw = self._avail.pop() if self._avail else mysql_database_connect(self._cfg)
                                                ^^^^^^^^^^^^^^^^^^^^^^^^^^^^^^^^^
  File "/Users/sunmuchao/Downloads/Her/outer_system_mysql_schema.py", line 161, in mysql_database_connect
    return pymysql.connect(
           ^^^^^^^^^^^^^^^^
  File "/Users/sunmuchao/Downloads/Her/.venv/lib/python3.12/site-packages/pymysql/connections.py", line 365, in __init__
    self.connect()
  File "/Users/sunmuchao/Downloads/Her/.venv/lib/python3.12/site-packages/pymysql/connections.py", line 681, in connect
    self._request_authentication()
  File "/Users/sunmuchao/Downloads/Her/.venv/lib/python3.12/site-packages/pymysql/connections.py", line 958, in _request_authentication
    auth_packet = self._read_packet()
                  ^^^^^^^^^^^^^^^^^^^
  File "/Users/sunmuchao/Downloads/Her/.venv/lib/python3.12/site-packages/pymysql/connections.py", line 751, in _read_packet
    packet_header = self._read_bytes(4)
                    ^^^^^^^^^^^^^^^^^^^
  File "/Users/sunmuchao/Downloads/Her/.venv/lib/python3.12/site-packages/pymysql/connections.py", line 789, in _read_bytes
    data = self._rfile.read(num_bytes)
           ^^^^^^^^^^^^^^^^^^^^^^^^^^^
  File "/usr/local/Cellar/python@3.12/3.12.7_1/Frameworks/Python.framework/Versions/3.12/lib/python3.12/socket.py", line 720, in readinto
    return self._sock.recv_into(b)
           ^^^^^^^^^^^^^^^^^^^^^^^
  File "/Users/sunmuchao/Downloads/Her/.venv/lib/python3.12/site-packages/gunicorn/workers/base.py", line 198, in handle_abort
    sys.exit(1)
SystemExit: 1
[2026-05-30 13:07:05 +0800] [25134] [INFO] Worker exiting (pid: 25134)
[2026-05-30 13:07:05 +0800] [25113] [INFO] Worker exiting (pid: 25113)
[2026-05-30 13:07:05 +0800] [25109] [INFO] Control socket listening at /Users/sunmuchao/.gunicorn/gunicorn.ctl
[2026-05-30 13:07:05 +0800] [25507] [INFO] Booting worker with pid: 25507
[2026-05-30 13:07:05 +0800] [25109] [INFO] Control socket listening at /Users/sunmuchao/.gunicorn/gunicorn.ctl
[2026-05-30 13:07:05 +0800] [25508] [INFO] Booting worker with pid: 25508
[2026-05-30 13:07:32 +0800] [25536] [INFO] Starting gunicorn 26.0.0
[2026-05-30 13:07:32 +0800] [25536] [INFO] Listening at: http://127.0.0.1:8765 (25536)
[2026-05-30 13:07:32 +0800] [25536] [INFO] Using worker: sync
[2026-05-30 13:07:32 +0800] [25538] [INFO] Booting worker with pid: 25538
[2026-05-30 13:07:32 +0800] [25539] [INFO] Booting worker with pid: 25539
[2026-05-30 13:07:32 +0800] [25543] [INFO] Booting worker with pid: 25543
[2026-05-30 13:07:32 +0800] [25544] [INFO] Booting worker with pid: 25544
[2026-05-30 13:07:32 +0800] [25545] [INFO] Booting worker with pid: 25545
[2026-05-30 13:07:32 +0800] [25549] [INFO] Booting worker with pid: 25549
[2026-05-30 13:07:32 +0800] [25550] [INFO] Booting worker with pid: 25550
[2026-05-30 13:07:32 +0800] [25551] [INFO] Booting worker with pid: 25551
[2026-05-30 13:07:33 +0800] [25553] [INFO] Booting worker with pid: 25553
[2026-05-30 13:07:33 +0800] [25554] [INFO] Booting worker with pid: 25554
[2026-05-30 13:07:33 +0800] [25555] [INFO] Booting worker with pid: 25555
[2026-05-30 13:07:33 +0800] [25556] [INFO] Booting worker with pid: 25556
[2026-05-30 13:07:33 +0800] [25557] [INFO] Booting worker with pid: 25557
[2026-05-30 13:07:33 +0800] [25558] [INFO] Booting worker with pid: 25558
[2026-05-30 13:07:33 +0800] [25560] [INFO] Booting worker with pid: 25560
[2026-05-30 13:07:33 +0800] [25562] [INFO] Booting worker with pid: 25562
[2026-05-30 13:07:33 +0800] [25563] [INFO] Booting worker with pid: 25563
[2026-05-30 13:07:33 +0800] [25565] [INFO] Booting worker with pid: 25565
[2026-05-30 13:07:33 +0800] [25566] [INFO] Booting worker with pid: 25566
[2026-05-30 13:07:33 +0800] [25567] [INFO] Booting worker with pid: 25567
[2026-05-30 13:07:33 +0800] [25568] [INFO] Booting worker with pid: 25568
[2026-05-30 13:07:33 +0800] [25569] [INFO] Booting worker with pid: 25569
[2026-05-30 13:07:33 +0800] [25570] [INFO] Booting worker with pid: 25570
[2026-05-30 13:07:33 +0800] [25573] [INFO] Booting worker with pid: 25573
[2026-05-30 13:07:33 +0800] [25576] [INFO] Booting worker with pid: 25576
[2026-05-30 13:07:33 +0800] [25536] [INFO] Control socket listening at /Users/sunmuchao/.gunicorn/gunicorn.ctl
[2026-05-30 13:08:45 +0800] [25536] [CRITICAL] WORKER TIMEOUT (pid:25573)
[2026-05-30 13:08:45 +0800] [25573] [ERROR] Error handling request GET /v1/profile/me?profile_id=2478
Traceback (most recent call last):
  File "/Users/sunmuchao/Downloads/Her/.venv/lib/python3.12/site-packages/gunicorn/workers/sync.py", line 141, in handle
    self.handle_request(listener, req, client, addr)
  File "/Users/sunmuchao/Downloads/Her/.venv/lib/python3.12/site-packages/gunicorn/workers/sync.py", line 184, in handle_request
    respiter = self.wsgi(environ, resp.start_response)
               ^^^^^^^^^^^^^^^^^^^^^^^^^^^^^^^^^^^^^^^
  File "/Users/sunmuchao/Downloads/Her/external-systems/partner-http-gateway/gateway/app.py", line 325, in __call__
    status_code, payload = self.dispatch_rest(environ)
                           ^^^^^^^^^^^^^^^^^^^^^^^^^^^
  File "/Users/sunmuchao/Downloads/Her/external-systems/partner-http-gateway/gateway/app.py", line 242, in dispatch_rest
    return dispatch_gateway_rest(self, environ)
           ^^^^^^^^^^^^^^^^^^^^^^^^^^^^^^^^^^^^
  File "/Users/sunmuchao/Downloads/Her/external-systems/partner-http-gateway/gateway/rest_dispatch.py", line 74, in dispatch_gateway_rest
    response = dispatcher(gateway, environ, method, path)
               ^^^^^^^^^^^^^^^^^^^^^^^^^^^^^^^^^^^^^^^^^^
  File "/Users/sunmuchao/Downloads/Her/external-systems/partner-http-gateway/gateway/collected_routes.py", line 135, in dispatch_collected_rest
    return rest_profile_me(gateway, environ)
           ^^^^^^^^^^^^^^^^^^^^^^^^^^^^^^^^^
  File "/Users/sunmuchao/Downloads/Her/external-systems/partner-http-gateway/gateway/collected_routes.py", line 79, in rest_profile_me
    row = get_profile(
          ^^^^^^^^^^^^
  File "/Users/sunmuchao/Downloads/Her/profile_service/api.py", line 368, in get_profile
    profile_conn = _connect_profile_db(source_dsn, use_pool=True, timeout=10.0)
                   ^^^^^^^^^^^^^^^^^^^^^^^^^^^^^^^^^^^^^^^^^^^^^^^^^^^^^^^^^^^^
  File "/Users/sunmuchao/Downloads/Her/profile_service/api.py", line 122, in _connect_profile_db
    return pool.acquire(timeout=timeout)
           ^^^^^^^^^^^^^^^^^^^^^^^^^^^^^
  File "/Users/sunmuchao/Downloads/Her/profile_service/api.py", line 72, in acquire
    raw = self._avail.pop() if self._avail else schema.mysql_database_connect(self._cfg)
                                                ^^^^^^^^^^^^^^^^^^^^^^^^^^^^^^^^^^^^^^^^
  File "/Users/sunmuchao/Downloads/Her/outer_system_mysql_schema.py", line 161, in mysql_database_connect
    return pymysql.connect(
           ^^^^^^^^^^^^^^^^
  File "/Users/sunmuchao/Downloads/Her/.venv/lib/python3.12/site-packages/pymysql/connections.py", line 365, in __init__
    self.connect()
  File "/Users/sunmuchao/Downloads/Her/.venv/lib/python3.12/site-packages/pymysql/connections.py", line 681, in connect
    self._request_authentication()
  File "/Users/sunmuchao/Downloads/Her/.venv/lib/python3.12/site-packages/pymysql/connections.py", line 958, in _request_authentication
    auth_packet = self._read_packet()
                  ^^^^^^^^^^^^^^^^^^^
  File "/Users/sunmuchao/Downloads/Her/.venv/lib/python3.12/site-packages/pymysql/connections.py", line 751, in _read_packet
    packet_header = self._read_bytes(4)
                    ^^^^^^^^^^^^^^^^^^^
  File "/Users/sunmuchao/Downloads/Her/.venv/lib/python3.12/site-packages/pymysql/connections.py", line 789, in _read_bytes
    data = self._rfile.read(num_bytes)
           ^^^^^^^^^^^^^^^^^^^^^^^^^^^
  File "/usr/local/Cellar/python@3.12/3.12.7_1/Frameworks/Python.framework/Versions/3.12/lib/python3.12/socket.py", line 720, in readinto
    return self._sock.recv_into(b)
           ^^^^^^^^^^^^^^^^^^^^^^^
  File "/Users/sunmuchao/Downloads/Her/.venv/lib/python3.12/site-packages/gunicorn/workers/base.py", line 198, in handle_abort
    sys.exit(1)
SystemExit: 1
[2026-05-30 13:08:45 +0800] [25573] [INFO] Worker exiting (pid: 25573)
[2026-05-30 13:08:45 +0800] [25536] [INFO] Control socket listening at /Users/sunmuchao/.gunicorn/gunicorn.ctl
[2026-05-30 13:08:45 +0800] [25952] [INFO] Booting worker with pid: 25952
[2026-05-30 13:15:54 +0800] [25539] [INFO] Worker exiting (pid: 25539)
[2026-05-30 13:15:54 +0800] [25544] [INFO] Worker exiting (pid: 25544)
[2026-05-30 13:15:54 +0800] [25550] [INFO] Worker exiting (pid: 25550)
[2026-05-30 13:15:54 +0800] [25536] [INFO] Handling signal: term
[2026-05-30 13:15:54 +0800] [25553] [INFO] Worker exiting (pid: 25553)
[2026-05-30 13:15:54 +0800] [25538] [INFO] Worker exiting (pid: 25538)
[2026-05-30 13:15:54 +0800] [25554] [INFO] Worker exiting (pid: 25554)
[2026-05-30 13:15:54 +0800] [25555] [INFO] Worker exiting (pid: 25555)
[2026-05-30 13:15:54 +0800] [25551] [INFO] Worker exiting (pid: 25551)
[2026-05-30 13:15:54 +0800] [25556] [INFO] Worker exiting (pid: 25556)
[2026-05-30 13:15:54 +0800] [25557] [INFO] Worker exiting (pid: 25557)
[2026-05-30 13:15:54 +0800] [25558] [INFO] Worker exiting (pid: 25558)
[2026-05-30 13:15:54 +0800] [25560] [INFO] Worker exiting (pid: 25560)
[2026-05-30 13:15:54 +0800] [25543] [INFO] Worker exiting (pid: 25543)
[2026-05-30 13:15:54 +0800] [25549] [INFO] Worker exiting (pid: 25549)
[2026-05-30 13:15:54 +0800] [25545] [INFO] Worker exiting (pid: 25545)
[2026-05-30 13:15:54 +0800] [25562] [INFO] Worker exiting (pid: 25562)
[2026-05-30 13:15:54 +0800] [25568] [INFO] Worker exiting (pid: 25568)
[2026-05-30 13:15:54 +0800] [25563] [INFO] Worker exiting (pid: 25563)
[2026-05-30 13:15:54 +0800] [25565] [INFO] Worker exiting (pid: 25565)
[2026-05-30 13:15:54 +0800] [25566] [INFO] Worker exiting (pid: 25566)
[2026-05-30 13:15:54 +0800] [25567] [INFO] Worker exiting (pid: 25567)
[2026-05-30 13:15:54 +0800] [25569] [INFO] Worker exiting (pid: 25569)
[2026-05-30 13:15:54 +0800] [25576] [INFO] Worker exiting (pid: 25576)
[2026-05-30 13:15:54 +0800] [25952] [INFO] Worker exiting (pid: 25952)
[2026-05-30 13:15:54 +0800] [25570] [INFO] Worker exiting (pid: 25570)
[2026-05-30 13:15:54 +0800] [25536] [INFO] Worker (pid:25558) was sent SIGTERM!
[2026-05-30 13:15:54 +0800] [25536] [INFO] Worker (pid:25557) was sent SIGTERM!
[2026-05-30 13:15:54 +0800] [25536] [INFO] Worker (pid:25556) was sent SIGTERM!
[2026-05-30 13:15:54 +0800] [25536] [INFO] Worker (pid:25555) was sent SIGTERM!
[2026-05-30 13:15:54 +0800] [25536] [INFO] Worker (pid:25554) was sent SIGTERM!
[2026-05-30 13:15:54 +0800] [25536] [INFO] Worker (pid:25553) was sent SIGTERM!
[2026-05-30 13:15:54 +0800] [25536] [INFO] Worker (pid:25551) was sent SIGTERM!
[2026-05-30 13:15:54 +0800] [25536] [INFO] Worker (pid:25544) was sent SIGTERM!
[2026-05-30 13:15:56 +0800] [25536] [INFO] Shutting down: Master
